{"duration":"13ms","ip":"::1","level":"info","message":"HTTP Request","method":"GET","statusCode":200,"timestamp":"2026-08-19T14:47:35.845Z","url":"/"}
{"duration":"332ms","ip":"::1","level":"info","message":"HTTP Request","method":"GET","statusCode":200,"timestamp":"2026-08-19T14:48:15.148Z","url":"/api/dashboard"}
{"duration":"5ms","ip":"::1","level":"info","message":"HTTP Request","method":"GET","statusCode":401,"timestamp":"2026-08-19T15:01:45.044Z","url":"/api/dashboard"}
{"duration":"17ms","ip":"::1","level":"info","message":"HTTP Request","method":"GET","statusCode":404,"timestamp":"2026-08-19T15:02:43.032Z","url":"/api/api/transactions"}
{"duration":"3ms","ip":"::1","level":"info","message":"HTTP Request","method":"GET","statusCode":401,"timestamp":"2026-08-19T15:02:52.276Z","url":"/api/transactions"}
{"duration":"4ms","ip":"::1","level":"info","message":"HTTP Request","method":"GET","statusCode":401,"timestamp":"2026-08-19T15:03:13.036Z","url":"/api/categories"}
{"duration":"13ms","ip":"::1","level":"info","message":"HTTP Request","method":"GET","statusCode":401,"timestamp":"2026-08-19T15:03:26.850Z","url":"/api/users/me"}
{"duration":"2ms","ip":"::1","level":"info","message":"HTTP Request","method":"GET","statusCode":401,"timestamp":"2026-08-19T15:03:39.315Z","url":"/api/account/status"}
{"duration":"413ms","ip":"::1","level":"info","message":"HTTP Request","method":"POST","statusCode":200,"timestamp":"2026-08-20T04:45:43.296Z","url":"/api/auth/login"}
{"duration":"219ms","ip":"::1","level":"info","message":"HTTP Request","method":"GET","statusCode":200,"timestamp":"2026-08-20T04:46:17.818Z","url":"/api/users/me"}
{"duration":"13ms","ip":"::1","level":"info","message":"HTTP Request","method":"GET","statusCode":404,"timestamp":"2026-08-20T06:32:33.493Z","url":"/api-docs"}
{"duration":"412ms","ip":"::1","level":"info","message":"HTTP Request","method":"POST","statusCode":201,"timestamp":"2026-08-20T07:39:35.033Z","url":"/api/auth/register"}
{"duration":"183ms","ip":"::1","level":"info","message":"HTTP Request","method":"POST","statusCode":409,"timestamp":"2026-08-20T07:41:41.317Z","url":"/api/auth/register"}
{"duration":"122ms","ip":"::1","level":"info","message":"HTTP Request","method":"POST","statusCode":409,"timestamp":"2026-08-20T07:42:18.548Z","url":"/api/auth/register"}
{"duration":"1ms","ip":"::1","level":"info","message":"HTTP Request","method":"POST","statusCode":429,"timestamp":"2026-08-20T07:42:34.566Z","url":"/api/auth/register"}
{"duration":"487ms","ip":"::1","level":"info","message":"HTTP Request","method":"POST","statusCode":201,"timestamp":"2026-08-20T07:43:18.281Z","url":"/api/auth/register"}
{"duration":"343ms","ip":"::1","level":"info","message":"HTTP Request","method":"POST","statusCode":401,"timestamp":"2026-08-20T07:51:49.138Z","url":"/api/auth/login"}
{"duration":"352ms","ip":"::1","level":"info","message":"HTTP Request","method":"POST","statusCode":200,"timestamp":"2026-08-20T07:51:59.473Z","url":"/api/auth/login"}
{"duration":"3ms","ip":"::1","level":"info","message":"HTTP Request","method":"GET","statusCode":401,"timestamp":"2026-08-20T07:57:10.504Z","url":"/api/auth/me"}
{"duration":"1ms","ip":"::1","level":"info","message":"HTTP Request","method":"GET","statusCode":401,"timestamp":"2026-08-20T07:57:12.226Z","url":"/api/auth/me"}
{"duration":"397ms","ip":"::1","level":"info","message":"HTTP Request","method":"POST","statusCode":200,"timestamp":"2026-08-20T07:57:42.128Z","url":"/api/auth/login"}
{"duration":"107ms","ip":"::1","level":"info","message":"HTTP Request","method":"GET","statusCode":200,"timestamp":"2026-08-20T07:58:06.069Z","url":"/api/auth/me"}
{"duration":"282ms","ip":"::1","level":"info","message":"HTTP Request","method":"POST","statusCode":200,"timestamp":"2026-08-20T10:19:39.029Z","url":"/api/auth/login"}
{"duration":"332ms","ip":"::1","level":"info","message":"HTTP Request","method":"GET","statusCode":200,"timestamp":"2026-08-20T10:20:14.787Z","url":"/api/dashboard"}
{"duration":"276ms","ip":"::1","level":"info","message":"HTTP Request","method":"GET","statusCode":200,"timestamp":"2026-08-20T10:21:57.923Z","url":"/api/dashboard"}
{"duration":"1ms","ip":"::1","level":"info","message":"HTTP Request","method":"GET","statusCode":401,"timestamp":"2026-08-20T10:22:43.164Z","url":"/api/dashboard"}
{"duration":"87ms","ip":"::1","level":"info","message":"HTTP Request","method":"GET","statusCode":200,"timestamp":"2026-08-20T10:22:55.191Z","url":"/api/dashboard"}
{"duration":"209ms","ip":"::1","level":"info","message":"HTTP Request","method":"POST","statusCode":201,"timestamp":"2026-08-20T10:24:39.256Z","url":"/api/auth/register"}
{"duration":"544ms","ip":"::1","level":"info","message":"HTTP Request","method":"POST","statusCode":201,"timestamp":"2026-08-20T10:27:19.888Z","url":"/api/auth/register"}
{"duration":"167ms","ip":"::1","level":"info","message":"HTTP Request","method":"POST","statusCode":200,"timestamp":"2026-08-20T10:28:03.462Z","url":"/api/auth/login"}
{"duration":"91ms","ip":"::1","level":"info","message":"HTTP Request","method":"GET","statusCode":200,"timestamp":"2026-08-20T10:28:24.869Z","url":"/api/auth/me"}
{"duration":"68ms","ip":"::1","level":"info","message":"HTTP Request","method":"POST","statusCode":200,"timestamp":"2026-08-20T10:29:00.713Z","url":"/api/auth/logout"}
{"duration":"166ms","ip":"::1","level":"info","message":"HTTP Request","method":"GET","statusCode":200,"timestamp":"2026-08-20T10:32:00.504Z","url":"/api/account/status"}
{"duration":"99ms","ip":"::1","level":"info","message":"HTTP Request","method":"DELETE","statusCode":200,"timestamp":"2026-08-20T10:32:51.451Z","url":"/api/account"}
{"duration":"108ms","ip":"::1","level":"info","message":"HTTP Request","method":"DELETE","statusCode":403,"timestamp":"2026-08-20T10:33:14.319Z","url":"/api/account"}
{"duration":"7ms","ip":"::1","level":"info","message":"HTTP Request","method":"GET","statusCode":404,"timestamp":"2026-08-20T10:35:02.259Z","url":"/api/users/me%20"}
{"duration":"197ms","ip":"::1","level":"info","message":"HTTP Request","method":"GET","statusCode":403,"timestamp":"2026-08-20T10:35:19.352Z","url":"/api/users/me"}
{"duration":"556ms","ip":"::1","level":"info","message":"HTTP Request","method":"GET","statusCode":403,"timestamp":"2026-08-20T10:41:37.122Z","url":"/api/users/me/settings"}
{"duration":"219ms","ip":"::1","level":"info","message":"HTTP Request","method":"POST","statusCode":201,"timestamp":"2026-08-20T10:42:26.825Z","url":"/api/auth/register"}
{"duration":"100ms","ip":"::1","level":"info","message":"HTTP Request","method":"POST","statusCode":200,"timestamp":"2026-08-20T10:42:34.853Z","url":"/api/auth/login"}
{"duration":"437ms","ip":"::1","level":"info","message":"HTTP Request","method":"POST","statusCode":200,"timestamp":"2026-08-20T10:42:45.902Z","url":"/api/auth/login"}
{"duration":"86ms","ip":"::1","level":"info","message":"HTTP Request","method":"GET","statusCode":200,"timestamp":"2026-08-20T10:43:14.905Z","url":"/api/users/me/settings"}
{"duration":"195ms","ip":"::1","level":"info","message":"HTTP Request","method":"GET","statusCode":400,"timestamp":"2026-08-20T10:52:07.688Z","url":"/api/transactions/6246-274-42486-4239479265"}
{"duration":"6ms","ip":"::1","level":"info","message":"HTTP Request","method":"GET","statusCode":200,"timestamp":"2026-08-20T11:14:02.667Z","url":"/"}
{"duration":"245ms","ip":"::1","level":"info","message":"HTTP Request","method":"POST","statusCode":409,"timestamp":"2026-08-20T11:50:12.803Z","url":"/api/auth/register"}
{"duration":"300ms","ip":"::1","level":"info","message":"HTTP Request","method":"POST","statusCode":201,"timestamp":"2026-08-20T11:50:41.590Z","url":"/api/auth/register"}
{"duration":"300ms","ip":"::1","level":"info","message":"HTTP Request","method":"POST","statusCode":200,"timestamp":"2026-08-20T11:51:05.384Z","url":"/api/auth/login"}
{"duration":"372ms","ip":"::1","level":"info","message":"HTTP Request","method":"POST","statusCode":500,"timestamp":"2026-08-20T11:57:09.203Z","url":"/api/auth/login"}
{"duration":"403ms","ip":"::1","level":"info","message":"HTTP Request","method":"POST","statusCode":500,"timestamp":"2026-08-20T11:57:41.806Z","url":"/api/auth/login"}
{"duration":"303ms","ip":"::1","level":"info","message":"HTTP Request","method":"POST","statusCode":200,"timestamp":"2026-08-20T11:58:07.119Z","url":"/api/auth/login"}
{"duration":"401ms","ip":"::1","level":"info","message":"HTTP Request","method":"POST","statusCode":500,"timestamp":"2026-08-20T11:59:27.653Z","url":"/api/auth/login"}
{"duration":"309ms","ip":"::1","level":"info","message":"HTTP Request","method":"POST","statusCode":200,"timestamp":"2026-08-20T11:59:41.518Z","url":"/api/auth/login"}
{"duration":"444ms","ip":"::1","level":"info","message":"HTTP Request","method":"POST","statusCode":200,"timestamp":"2026-08-20T12:00:28.461Z","url":"/api/auth/login"}
{"duration":"404ms","ip":"::1","level":"info","message":"HTTP Request","method":"POST","statusCode":200,"timestamp":"2026-08-20T12:05:16.191Z","url":"/api/auth/login"}
{"duration":"3ms","ip":"::1","level":"info","message":"HTTP Request","method":"GET","statusCode":401,"timestamp":"2026-08-20T12:10:09.884Z","url":"/api/auth/me"}
{"duration":"119ms","ip":"::1","level":"info","message":"HTTP Request","method":"GET","statusCode":200,"timestamp":"2026-08-20T12:10:31.018Z","url":"/api/auth/me"}
{"duration":"405ms","ip":"::1","level":"info","message":"HTTP Request","method":"POST","statusCode":200,"timestamp":"2026-08-20T12:18:44.376Z","url":"/api/auth/login"}
{"duration":"104ms","ip":"::1","level":"info","message":"HTTP Request","method":"GET","statusCode":200,"timestamp":"2026-08-20T12:19:08.284Z","url":"/api/auth/me"}
{"duration":"158ms","ip":"::1","level":"info","message":"HTTP Request","method":"GET","statusCode":304,"timestamp":"2026-08-20T12:25:57.651Z","url":"/api/auth/me"}
{"duration":"10ms","ip":"::1","level":"info","message":"HTTP Request","method":"POST","statusCode":200,"timestamp":"2026-08-20T12:26:03.804Z","url":"/api/auth/logout"}
{"duration":"129ms","ip":"::1","level":"info","message":"HTTP Request","method":"GET","statusCode":304,"timestamp":"2026-08-20T12:26:19.854Z","url":"/api/auth/me"}
{"duration":"96ms","ip":"::1","level":"info","message":"HTTP Request","method":"POST","statusCode":401,"timestamp":"2026-08-20T12:32:36.821Z","url":"/api/auth/login"}
{"duration":"302ms","ip":"::1","level":"info","message":"HTTP Request","method":"POST","statusCode":200,"timestamp":"2026-08-20T12:32:51.622Z","url":"/api/auth/login"}
{"duration":"207ms","ip":"::1","level":"info","message":"HTTP Request","method":"GET","statusCode":200,"timestamp":"2026-08-20T12:33:53.267Z","url":"/api/account/status"}
{"duration":"10ms","ip":"::1","level":"info","message":"HTTP Request","method":"DELETE","statusCode":404,"timestamp":"2026-08-20T12:36:01.703Z","url":"/api/account/delete"}
{"duration":"12ms","ip":"::1","level":"info","message":"HTTP Request","method":"DELETE","statusCode":401,"timestamp":"2026-08-20T12:45:03.722Z","url":"/api/account/delete"}
{"duration":"2ms","ip":"::1","level":"info","message":"HTTP Request","method":"DELETE","statusCode":401,"timestamp":"2026-08-20T12:46:02.445Z","url":"/api/account/delete"}
{"duration":"375ms","ip":"::1","level":"info","message":"HTTP Request","method":"DELETE","statusCode":200,"timestamp":"2026-08-20T12:47:28.071Z","url":"/api/account/delete"}
{"duration":"100ms","ip":"::1","level":"info","message":"HTTP Request","method":"POST","statusCode":401,"timestamp":"2026-08-20T12:48:13.122Z","url":"/api/auth/login"}
{"duration":"1ms","ip":"::1","level":"info","message":"HTTP Request","method":"GET","statusCode":401,"timestamp":"2026-08-20T12:48:43.234Z","url":"/api/account/status"}
{"duration":"123ms","ip":"::1","level":"info","message":"HTTP Request","method":"GET","statusCode":403,"timestamp":"2026-08-20T12:50:11.449Z","url":"/api/account/status"}
{"duration":"154ms","ip":"::1","level":"info","message":"HTTP Request","method":"POST","statusCode":409,"timestamp":"2026-08-20T12:53:08.071Z","url":"/api/auth/register"}
{"duration":"107ms","ip":"::1","level":"info","message":"HTTP Request","method":"POST","statusCode":409,"timestamp":"2026-08-20T12:53:44.552Z","url":"/api/auth/register"}
{"duration":"431ms","ip":"::1","level":"info","message":"HTTP Request","method":"POST","statusCode":201,"timestamp":"2026-08-20T12:54:07.210Z","url":"/api/auth/register"}
{"duration":"186ms","ip":"::1","level":"info","message":"HTTP Request","method":"POST","statusCode":200,"timestamp":"2026-08-20T12:54:46.257Z","url":"/api/auth/login"}
{"duration":"240ms","ip":"::1","level":"info","message":"HTTP Request","method":"GET","statusCode":200,"timestamp":"2026-08-20T12:56:01.197Z","url":"/api/auth/me"}
{"duration":"162ms","ip":"::1","level":"info","message":"HTTP Request","method":"GET","statusCode":200,"timestamp":"2026-08-20T12:57:31.360Z","url":"/api/users/me"}
{"duration":"88ms","ip":"::1","level":"info","message":"HTTP Request","method":"GET","statusCode":304,"timestamp":"2026-08-20T12:58:30.451Z","url":"/api/auth/me"}
{"duration":"216ms","ip":"::1","level":"info","message":"HTTP Request","method":"GET","statusCode":304,"timestamp":"2026-08-20T12:58:52.131Z","url":"/api/users/me"}
{"duration":"232ms","ip":"::1","level":"info","message":"HTTP Request","method":"GET","statusCode":304,"timestamp":"2026-08-20T13:00:06.154Z","url":"/api/users/me"}
{"duration":"220ms","ip":"::1","level":"info","message":"HTTP Request","method":"PATCH","statusCode":409,"timestamp":"2026-08-20T13:04:03.189Z","url":"/api/users/me"}
{"duration":"235ms","ip":"::1","level":"info","message":"HTTP Request","method":"PATCH","statusCode":200,"timestamp":"2026-08-20T13:04:18.068Z","url":"/api/users/me"}
{"duration":"242ms","ip":"::1","level":"info","message":"HTTP Request","method":"PATCH","statusCode":200,"timestamp":"2026-08-20T13:04:30.192Z","url":"/api/users/me"}
{"duration":"115ms","ip":"::1","level":"info","message":"HTTP Request","method":"PATCH","statusCode":200,"timestamp":"2026-08-20T13:05:06.412Z","url":"/api/users/me"}
{"duration":"162ms","ip":"::1","level":"info","message":"HTTP Request","method":"PATCH","statusCode":400,"timestamp":"2026-08-20T13:06:20.832Z","url":"/api/users/me"}
{"duration":"113ms","ip":"::1","level":"info","message":"HTTP Request","method":"PATCH","statusCode":400,"timestamp":"2026-08-20T13:07:00.292Z","url":"/api/users/me"}
{"duration":"391ms","ip":"::1","level":"info","message":"HTTP Request","method":"POST","statusCode":200,"timestamp":"2026-08-20T13:09:34.005Z","url":"/api/auth/login"}
{"duration":"142ms","ip":"::1","level":"info","message":"HTTP Request","method":"GET","statusCode":200,"timestamp":"2026-08-20T13:09:59.173Z","url":"/api/users/me"}
{"duration":"116ms","ip":"::1","level":"info","message":"HTTP Request","method":"PATCH","statusCode":400,"timestamp":"2026-08-20T13:11:33.091Z","url":"/api/users/me/password"}
{"duration":"882ms","ip":"::1","level":"info","message":"HTTP Request","method":"PATCH","statusCode":200,"timestamp":"2026-08-20T13:11:43.915Z","url":"/api/users/me/password"}
{"duration":"132ms","ip":"::1","level":"info","message":"HTTP Request","method":"PATCH","statusCode":400,"timestamp":"2026-08-20T13:12:05.362Z","url":"/api/users/me/password"}
{"duration":"621ms","ip":"::1","level":"info","message":"HTTP Request","method":"PATCH","statusCode":400,"timestamp":"2026-08-20T13:12:27.736Z","url":"/api/users/me/password"}
{"duration":"1719ms","ip":"::1","level":"info","message":"HTTP Request","method":"PATCH","statusCode":200,"timestamp":"2026-08-20T13:12:44.618Z","url":"/api/users/me/password"}
{"duration":"160ms","ip":"::1","level":"info","message":"HTTP Request","method":"GET","statusCode":200,"timestamp":"2026-08-20T13:13:54.295Z","url":"/api/users/me/settings"}
{"duration":"237ms","ip":"::1","level":"info","message":"HTTP Request","method":"POST","statusCode":409,"timestamp":"2026-08-20T13:14:40.155Z","url":"/api/users/me/settings"}
{"duration":"166ms","ip":"::1","level":"info","message":"HTTP Request","method":"GET","statusCode":304,"timestamp":"2026-08-20T13:15:07.699Z","url":"/api/users/me/settings"}
{"duration":"584ms","ip":"::1","level":"info","message":"HTTP Request","method":"POST","statusCode":409,"timestamp":"2026-08-20T13:16:42.718Z","url":"/api/users/me/settings"}
{"duration":"202ms","ip":"::1","level":"info","message":"HTTP Request","method":"PATCH","statusCode":200,"timestamp":"2026-08-20T13:18:29.585Z","url":"/api/users/me/settings"}
{"duration":"156ms","ip":"::1","level":"info","message":"HTTP Request","method":"PATCH","statusCode":200,"timestamp":"2026-08-20T13:18:42.729Z","url":"/api/users/me/settings"}
{"duration":"242ms","ip":"::1","level":"info","message":"HTTP Request","method":"PATCH","statusCode":200,"timestamp":"2026-08-20T13:21:35.553Z","url":"/api/users/me/settings"}
{"duration":"457ms","ip":"::1","level":"info","message":"HTTP Request","method":"POST","statusCode":200,"timestamp":"2026-08-20T13:24:07.141Z","url":"/api/auth/login"}
{"duration":"2ms","ip":"::1","level":"info","message":"HTTP Request","method":"GET","statusCode":401,"timestamp":"2026-08-20T13:24:19.655Z","url":"/api/dashboard"}
{"duration":"104ms","ip":"::1","level":"info","message":"HTTP Request","method":"POST","statusCode":401,"timestamp":"2026-08-20T13:25:00.752Z","url":"/api/auth/login"}
{"duration":"108ms","ip":"::1","level":"info","message":"HTTP Request","method":"POST","statusCode":401,"timestamp":"2026-08-20T13:25:14.199Z","url":"/api/auth/login"}
{"duration":"211ms","ip":"::1","level":"info","message":"HTTP Request","method":"POST","statusCode":401,"timestamp":"2026-08-20T13:25:28.130Z","url":"/api/auth/login"}
{"duration":"106ms","ip":"::1","level":"info","message":"HTTP Request","method":"POST","statusCode":401,"timestamp":"2026-08-20T13:26:00.938Z","url":"/api/auth/login"}
{"duration":"199ms","ip":"::1","level":"info","message":"HTTP Request","method":"POST","statusCode":200,"timestamp":"2026-08-20T13:26:12.623Z","url":"/api/auth/login"}
{"duration":"304ms","ip":"::1","level":"info","message":"HTTP Request","method":"GET","statusCode":200,"timestamp":"2026-08-20T13:26:48.201Z","url":"/api/dashboard"}
{"duration":"109ms","ip":"::1","level":"info","message":"HTTP Request","method":"GET","statusCode":200,"timestamp":"2026-08-20T13:28:41.623Z","url":"/api/categories"}
{"duration":"5ms","ip":"::1","level":"info","message":"HTTP Request","method":"GET","statusCode":304,"timestamp":"2026-08-20T13:28:46.408Z","url":"/api/categories"}
{"duration":"209ms","ip":"::1","level":"info","message":"HTTP Request","method":"POST","statusCode":201,"timestamp":"2026-08-20T13:34:41.923Z","url":"/api/categories"}
{"duration":"16ms","ip":"::1","level":"info","message":"HTTP Request","method":"GET","statusCode":200,"timestamp":"2026-08-20T13:34:48.583Z","url":"/api/categories"}
{"duration":"463ms","ip":"::1","level":"info","message":"HTTP Request","method":"POST","statusCode":200,"timestamp":"2026-08-20T13:35:30.973Z","url":"/api/auth/login"}
{"duration":"1ms","ip":"::1","level":"info","message":"HTTP Request","method":"GET","statusCode":401,"timestamp":"2026-08-20T13:35:48.206Z","url":"/api/categories"}
{"duration":"126ms","ip":"::1","level":"info","message":"HTTP Request","method":"GET","statusCode":304,"timestamp":"2026-08-20T13:36:16.137Z","url":"/api/categories"}
{"duration":"129ms","ip":"::1","level":"info","message":"HTTP Request","method":"GET","statusCode":200,"timestamp":"2026-08-20T13:36:55.320Z","url":"/api/categories"}
{"duration":"139ms","ip":"::1","level":"info","message":"HTTP Request","method":"PATCH","statusCode":404,"timestamp":"2026-08-20T13:38:11.454Z","url":"/api/categories/eb386393-c477-4433-87ad-1cf4e9a687a9"}
{"duration":"154ms","ip":"::1","level":"info","message":"HTTP Request","method":"POST","statusCode":201,"timestamp":"2026-08-20T13:38:41.192Z","url":"/api/categories"}
{"duration":"9ms","ip":"::1","level":"info","message":"HTTP Request","method":"GET","statusCode":200,"timestamp":"2026-08-20T13:38:44.797Z","url":"/api/categories"}
{"duration":"301ms","ip":"::1","level":"info","message":"HTTP Request","method":"PATCH","statusCode":200,"timestamp":"2026-08-20T13:39:16.586Z","url":"/api/categories/6b90356e-e599-4771-a165-39d0b97d0ba4"}
{"duration":"7ms","ip":"::1","level":"info","message":"HTTP Request","method":"GET","statusCode":200,"timestamp":"2026-08-20T13:39:24.929Z","url":"/api/categories"}
{"duration":"114ms","ip":"::1","level":"info","message":"HTTP Request","method":"DELETE","statusCode":500,"timestamp":"2026-08-20T13:39:51.354Z","url":"/api/categories/6b90356e-e599-4771-a165-39d0b97d0ba4"}
{"duration":"139ms","ip":"::1","level":"info","message":"HTTP Request","method":"DELETE","statusCode":500,"timestamp":"2026-08-20T13:40:26.038Z","url":"/api/categories/6b90356e-e599-4771-a165-39d0b97d0ba4"}
{"duration":"122ms","ip":"::1","level":"info","message":"HTTP Request","method":"DELETE","statusCode":500,"timestamp":"2026-08-20T13:42:03.779Z","url":"/api/categories/6b90356e-e599-4771-a165-39d0b97d0ba4"}
{"duration":"476ms","ip":"::1","level":"info","message":"HTTP Request","method":"DELETE","statusCode":500,"timestamp":"2026-08-20T13:43:02.238Z","url":"/api/categories/6b90356e-e599-4771-a165-39d0b97d0ba4"}
{"duration":"321ms","ip":"::1","level":"info","message":"HTTP Request","method":"GET","statusCode":304,"timestamp":"2026-08-20T13:44:34.220Z","url":"/api/categories"}
{"duration":"156ms","ip":"::1","level":"info","message":"HTTP Request","method":"DELETE","statusCode":404,"timestamp":"2026-08-20T13:44:57.925Z","url":"/api/categories/eb386393-c477-4433-87ad-1cf4e9a687a9"}
{"duration":"463ms","ip":"::1","level":"info","message":"HTTP Request","method":"DELETE","statusCode":404,"timestamp":"2026-08-20T13:49:21.981Z","url":"/api/categories/eb386393-c477-4433-87ad-1cf4e9a687a9"}
{"duration":"359ms","ip":"::1","level":"info","message":"HTTP Request","method":"DELETE","statusCode":200,"timestamp":"2026-08-20T13:49:40.754Z","url":"/api/categories/6b90356e-e599-4771-a165-39d0b97d0ba4"}
{"duration":"198ms","ip":"::1","level":"info","message":"HTTP Request","method":"POST","statusCode":201,"timestamp":"2026-08-20T13:50:52.173Z","url":"/api/categories"}
{"duration":"16ms","ip":"::1","level":"info","message":"HTTP Request","method":"GET","statusCode":200,"timestamp":"2026-08-20T13:50:58.981Z","url":"/api/categories"}
{"duration":"435ms","ip":"::1","level":"info","message":"HTTP Request","method":"GET","statusCode":304,"timestamp":"2026-08-20T13:54:14.339Z","url":"/api/categories"}
{"duration":"306ms","ip":"::1","level":"info","message":"HTTP Request","method":"DELETE","statusCode":200,"timestamp":"2026-08-20T13:54:56.154Z","url":"/api/categories/b86726d7-7940-4ea5-afe4-bf20e0eb26d1"}
{"duration":"584ms","ip":"::1","level":"info","message":"HTTP Request","method":"GET","statusCode":200,"timestamp":"2026-08-20T13:55:55.179Z","url":"/api/categories"}
{"duration":"143ms","ip":"::1","level":"info","message":"HTTP Request","method":"GET","statusCode":200,"timestamp":"2026-08-20T13:58:17.212Z","url":"/api/transactions?page=1&limit=20&type=EXPENSE"}
{"duration":"222ms","ip":"::1","level":"info","message":"HTTP Request","method":"GET","statusCode":304,"timestamp":"2026-08-20T13:58:42.429Z","url":"/api/categories"}
{"duration":"273ms","ip":"::1","level":"info","message":"HTTP Request","method":"POST","statusCode":201,"timestamp":"2026-08-20T14:00:08.103Z","url":"/api/transactions"}
{"duration":"171ms","ip":"::1","level":"info","message":"HTTP Request","method":"POST","statusCode":201,"timestamp":"2026-08-20T14:00:42.057Z","url":"/api/transactions"}
{"duration":"15ms","ip":"::1","level":"info","message":"HTTP Request","method":"GET","statusCode":200,"timestamp":"2026-08-20T14:00:50.239Z","url":"/api/transactions?page=1&limit=20&type=EXPENSE"}
{"duration":"144ms","ip":"::1","level":"info","message":"HTTP Request","method":"POST","statusCode":201,"timestamp":"2026-08-20T14:01:13.216Z","url":"/api/transactions"}
{"duration":"12ms","ip":"::1","level":"info","message":"HTTP Request","method":"GET","statusCode":200,"timestamp":"2026-08-20T14:01:18.745Z","url":"/api/transactions?page=1&limit=20&type=EXPENSE"}
{"duration":"137ms","ip":"::1","level":"info","message":"HTTP Request","method":"GET","statusCode":200,"timestamp":"2026-08-20T14:01:31.361Z","url":"/api/transactions?page=1&limit=2&type=EXPENSE"}
{"duration":"19ms","ip":"::1","level":"info","message":"HTTP Request","method":"GET","statusCode":200,"timestamp":"2026-08-20T14:01:40.870Z","url":"/api/transactions?page=1&limit=1&type=EXPENSE"}
{"duration":"139ms","ip":"::1","level":"info","message":"HTTP Request","method":"GET","statusCode":304,"timestamp":"2026-08-20T14:01:56.321Z","url":"/api/transactions?page=1&limit=2&type=EXPENSE"}
{"duration":"126ms","ip":"::1","level":"info","message":"HTTP Request","method":"GET","statusCode":200,"timestamp":"2026-08-20T14:02:10.698Z","url":"/api/transactions?page=1&limit=3&type=EXPENSE"}
{"duration":"150ms","ip":"::1","level":"info","message":"HTTP Request","method":"GET","statusCode":200,"timestamp":"2026-08-20T14:02:24.571Z","url":"/api/transactions?type=EXPENSE"}
{"duration":"187ms","ip":"::1","level":"info","message":"HTTP Request","method":"GET","statusCode":304,"timestamp":"2026-08-20T14:02:43.783Z","url":"/api/transactions?page=1&limit=2&type=EXPENSE"}
{"duration":"126ms","ip":"::1","level":"info","message":"HTTP Request","method":"GET","statusCode":200,"timestamp":"2026-08-20T14:03:39.929Z","url":"/api/transactions/9e010238-3d83-4280-846d-f67df0212914"}
{"duration":"115ms","ip":"::1","level":"info","message":"HTTP Request","method":"DELETE","statusCode":200,"timestamp":"2026-08-20T14:05:10.271Z","url":"/api/transactions/9e010238-3d83-4280-846d-f67df0212914"}
{"duration":"318ms","ip":"::1","level":"info","message":"HTTP Request","method":"GET","statusCode":200,"timestamp":"2026-08-20T14:05:43.741Z","url":"/api/transactions?page=1&limit=2&type=EXPENSE"}
{"duration":"10ms","ip":"::1","level":"info","message":"HTTP Request","method":"POST","statusCode":404,"timestamp":"2026-08-21T10:54:24.719Z","url":"/auth/register"}
{"duration":"766ms","ip":"::1","level":"info","message":"HTTP Request","method":"POST","statusCode":201,"timestamp":"2026-08-25T11:15:04.537Z","url":"/api/auth/register"}
{"duration":"68ms","ip":"::1","level":"info","message":"HTTP Request","method":"POST","statusCode":409,"timestamp":"2026-08-25T11:15:14.937Z","url":"/api/auth/register"}
{"duration":"72ms","ip":"::1","level":"info","message":"HTTP Request","method":"POST","statusCode":409,"timestamp":"2026-08-25T11:15:42.044Z","url":"/api/auth/register"}
{"duration":"18ms","ip":"::1","level":"info","message":"HTTP Request","method":"POST","statusCode":409,"timestamp":"2026-08-25T11:15:51.212Z","url":"/api/auth/register"}
{"duration":"3ms","ip":"::1","level":"info","message":"HTTP Request","method":"POST","statusCode":409,"timestamp":"2026-08-25T11:15:53.524Z","url":"/api/auth/register"}
{"duration":"442ms","ip":"::1","level":"info","message":"HTTP Request","method":"POST","statusCode":201,"timestamp":"2026-08-25T11:16:06.515Z","url":"/api/auth/register"}
{"duration":"434ms","ip":"::1","level":"info","message":"HTTP Request","method":"POST","statusCode":200,"timestamp":"2026-08-25T11:16:31.867Z","url":"/api/auth/login"}
{"duration":"139ms","ip":"::1","level":"info","message":"HTTP Request","method":"GET","statusCode":200,"timestamp":"2026-08-25T11:17:39.465Z","url":"/api/auth/me"}
{"duration":"1ms","ip":"::1","level":"info","message":"HTTP Request","method":"GET","statusCode":401,"timestamp":"2026-08-25T11:18:02.588Z","url":"/api/auth/me"}
{"duration":"144ms","ip":"::1","level":"info","message":"HTTP Request","method":"POST","statusCode":200,"timestamp":"2026-08-25T11:18:29.521Z","url":"/api/auth/logout"}
{"duration":"165ms","ip":"::1","level":"info","message":"HTTP Request","method":"GET","statusCode":200,"timestamp":"2026-08-25T11:18:57.258Z","url":"/api/users/me"}
{"duration":"185ms","ip":"::1","level":"info","message":"HTTP Request","method":"PATCH","statusCode":200,"timestamp":"2026-08-25T11:19:19.259Z","url":"/api/users/me"}
{"duration":"502ms","ip":"::1","level":"info","message":"HTTP Request","method":"PATCH","statusCode":400,"timestamp":"2026-08-25T11:20:13.215Z","url":"/api/users/me/password"}
{"duration":"525ms","ip":"::1","level":"info","message":"HTTP Request","method":"PATCH","statusCode":400,"timestamp":"2026-08-25T11:21:02.000Z","url":"/api/users/me/password"}
{"duration":"1147ms","ip":"::1","level":"info","message":"HTTP Request","method":"PATCH","statusCode":200,"timestamp":"2026-08-25T11:21:15.013Z","url":"/api/users/me/password"}
{"duration":"86ms","ip":"::1","level":"info","message":"HTTP Request","method":"GET","statusCode":200,"timestamp":"2026-08-25T11:21:44.125Z","url":"/api/account/status"}
{"duration":"163ms","ip":"::1","level":"info","message":"HTTP Request","method":"GET","statusCode":200,"timestamp":"2026-08-25T11:22:06.986Z","url":"/api/users/me/settings"}
{"duration":"198ms","ip":"::1","level":"info","message":"HTTP Request","method":"POST","statusCode":409,"timestamp":"2026-08-25T11:22:24.595Z","url":"/api/users/me/settings"}
{"duration":"190ms","ip":"::1","level":"info","message":"HTTP Request","method":"PATCH","statusCode":200,"timestamp":"2026-08-25T11:22:58.887Z","url":"/api/users/me/settings"}
{"duration":"337ms","ip":"::1","level":"info","message":"HTTP Request","method":"GET","statusCode":200,"timestamp":"2026-08-25T11:23:25.918Z","url":"/api/dashboard"}
{"duration":"149ms","ip":"::1","level":"info","message":"HTTP Request","method":"POST","statusCode":201,"timestamp":"2026-08-25T11:23:44.419Z","url":"/api/categories"}
{"duration":"4ms","ip":"::1","level":"info","message":"HTTP Request","method":"POST","statusCode":409,"timestamp":"2026-08-25T11:23:50.124Z","url":"/api/categories"}
{"duration":"22ms","ip":"::1","level":"info","message":"HTTP Request","method":"GET","statusCode":200,"timestamp":"2026-08-25T11:23:59.616Z","url":"/api/categories"}
{"duration":"74ms","ip":"::1","level":"info","message":"HTTP Request","method":"PATCH","statusCode":404,"timestamp":"2026-08-25T11:25:23.624Z","url":"/api/categories/f4d899a8-1a06-48f2-926d-907326c0a023"}
{"duration":"139ms","ip":"::1","level":"info","message":"HTTP Request","method":"DELETE","statusCode":404,"timestamp":"2026-08-25T11:26:09.389Z","url":"/api/categories/f4d899a8-1a06-48f2-926d-907326c0a023"}
{"duration":"172ms","ip":"::1","level":"info","message":"HTTP Request","method":"POST","statusCode":404,"timestamp":"2026-08-25T11:27:04.523Z","url":"/api/transactions"}
{"duration":"115ms","ip":"::1","level":"info","message":"HTTP Request","method":"POST","statusCode":201,"timestamp":"2026-08-25T11:27:39.197Z","url":"/api/transactions"}
{"duration":"207ms","ip":"::1","level":"info","message":"HTTP Request","method":"GET","statusCode":200,"timestamp":"2026-08-25T11:28:14.145Z","url":"/api/transactions?page=1&limit=20&type=EXPENSE&categoryId=f4d899a8-1a06-48f2-926d-907326c0a023&startDate=2026-08-01T00%3A00%3A00.000Z&endDate=2026-08-20T23%3A59%3A59.999Z"}
{"duration":"76ms","ip":"::1","level":"info","message":"HTTP Request","method":"GET","statusCode":404,"timestamp":"2026-08-25T11:29:16.260Z","url":"/api/transactions/f7c67e35-2a1f-4878-a9ff-e3ae03a509fc"}
{"duration":"102ms","ip":"::1","level":"info","message":"HTTP Request","method":"GET","statusCode":404,"timestamp":"2026-08-25T11:47:06.321Z","url":"/api/transactions/f7c67e35-2a1f-4878-a9ff-e3ae03a509fc"}
{"duration":"257ms","ip":"::1","level":"info","message":"HTTP Request","method":"POST","statusCode":200,"timestamp":"2026-08-25T14:30:20.019Z","url":"/api/auth/login"}
{"duration":"64ms","ip":"::1","level":"info","message":"HTTP Request","method":"GET","statusCode":200,"timestamp":"2026-08-25T14:31:08.769Z","url":"/api/users/me"}
{"duration":"265ms","ip":"::1","level":"info","message":"HTTP Request","method":"POST","statusCode":200,"timestamp":"2026-08-27T10:18:22.219Z","url":"/api/auth/login"}
{"duration":"3ms","ip":"::1","level":"info","message":"HTTP Request","method":"POST","statusCode":404,"timestamp":"2026-08-27T10:29:44.650Z","url":"/api/auth/users/me"}
{"duration":"278ms","ip":"::1","level":"info","message":"HTTP Request","method":"GET","statusCode":200,"timestamp":"2026-08-27T10:30:06.927Z","url":"/api/users/me"}
{"duration":"7ms","ip":"::1","level":"info","message":"HTTP Request","method":"GET","statusCode":500,"timestamp":"2026-08-27T10:32:02.380Z","url":"/api/users/me"}
{"duration":"6ms","ip":"::1","level":"info","message":"HTTP Request","method":"GET","statusCode":500,"timestamp":"2026-08-27T10:33:32.228Z","url":"/api/users/me"}
{"duration":"6ms","ip":"::1","level":"info","message":"HTTP Request","method":"GET","statusCode":500,"timestamp":"2026-08-27T10:33:51.790Z","url":"/api/users/me"}
{"duration":"5ms","ip":"::1","level":"info","message":"HTTP Request","method":"GET","statusCode":401,"timestamp":"2026-08-27T10:34:31.403Z","url":"/api/users/me"}
{"duration":"5ms","ip":"::1","level":"info","message":"HTTP Request","method":"GET","statusCode":401,"timestamp":"2026-08-27T10:35:42.050Z","url":"/api/users/me"}
{"duration":"6ms","ip":"::1","level":"info","message":"HTTP Request","method":"GET","statusCode":401,"timestamp":"2026-08-27T10:36:37.954Z","url":"/api/users/me"}
{"duration":"348ms","ip":"::ffff:127.0.0.1","level":"info","message":"HTTP Request","method":"POST","statusCode":201,"timestamp":"2026-09-01T11:08:16.434Z","url":"/api/auth/register"}
{"duration":"285ms","ip":"::ffff:127.0.0.1","level":"info","message":"HTTP Request","method":"POST","statusCode":201,"timestamp":"2026-09-01T11:08:16.737Z","url":"/api/auth/register"}
{"duration":"2ms","ip":"::ffff:127.0.0.1","level":"info","message":"HTTP Request","method":"POST","statusCode":409,"timestamp":"2026-09-01T11:08:16.743Z","url":"/api/auth/register"}
{"duration":"0ms","ip":"::ffff:127.0.0.1","level":"info","message":"HTTP Request","method":"POST","statusCode":400,"timestamp":"2026-09-01T11:08:16.752Z","url":"/api/auth/register"}
{"duration":"1ms","ip":"::ffff:127.0.0.1","level":"info","message":"HTTP Request","method":"POST","statusCode":400,"timestamp":"2026-09-01T11:08:16.761Z","url":"/api/auth/register"}
{"duration":"0ms","ip":"::ffff:127.0.0.1","level":"info","message":"HTTP Request","method":"POST","statusCode":400,"timestamp":"2026-09-01T11:08:16.769Z","url":"/api/auth/register"}
{"duration":"292ms","ip":"::ffff:127.0.0.1","level":"info","message":"HTTP Request","method":"POST","statusCode":201,"timestamp":"2026-09-01T11:08:17.069Z","url":"/api/auth/register"}
{"duration":"287ms","ip":"::ffff:127.0.0.1","level":"info","message":"HTTP Request","method":"POST","statusCode":200,"timestamp":"2026-09-01T11:08:17.361Z","url":"/api/auth/login"}
{"duration":"345ms","ip":"::ffff:127.0.0.1","level":"info","message":"HTTP Request","method":"POST","statusCode":201,"timestamp":"2026-09-01T11:08:17.715Z","url":"/api/auth/register"}
{"duration":"271ms","ip":"::ffff:127.0.0.1","level":"info","message":"HTTP Request","method":"POST","statusCode":401,"timestamp":"2026-09-01T11:08:17.993Z","url":"/api/auth/login"}
{"duration":"275ms","ip":"::ffff:127.0.0.1","level":"info","message":"HTTP Request","method":"POST","statusCode":201,"timestamp":"2026-09-01T11:08:18.287Z","url":"/api/auth/register"}
{"duration":"1ms","ip":"::ffff:127.0.0.1","level":"info","message":"HTTP Request","method":"POST","statusCode":401,"timestamp":"2026-09-01T11:08:18.293Z","url":"/api/auth/login"}
{"duration":"277ms","ip":"::ffff:127.0.0.1","level":"info","message":"HTTP Request","method":"POST","statusCode":201,"timestamp":"2026-09-01T11:08:18.578Z","url":"/api/auth/register"}
{"duration":"276ms","ip":"::ffff:127.0.0.1","level":"info","message":"HTTP Request","method":"POST","statusCode":200,"timestamp":"2026-09-01T11:08:18.859Z","url":"/api/auth/login"}
{"duration":"1ms","ip":"::ffff:127.0.0.1","level":"info","message":"HTTP Request","method":"GET","statusCode":401,"timestamp":"2026-09-01T11:08:18.864Z","url":"/api/auth/me"}
{"duration":"289ms","ip":"::ffff:127.0.0.1","level":"info","message":"HTTP Request","method":"POST","statusCode":201,"timestamp":"2026-09-01T11:08:19.162Z","url":"/api/auth/register"}
{"duration":"275ms","ip":"::ffff:127.0.0.1","level":"info","message":"HTTP Request","method":"POST","statusCode":200,"timestamp":"2026-09-01T11:08:19.442Z","url":"/api/auth/login"}
{"duration":"30ms","ip":"::ffff:127.0.0.1","level":"info","message":"HTTP Request","method":"GET","statusCode":200,"timestamp":"2026-09-01T11:08:19.477Z","url":"/api/auth/me"}
{"duration":"288ms","ip":"::ffff:127.0.0.1","level":"info","message":"HTTP Request","method":"POST","statusCode":201,"timestamp":"2026-09-01T11:08:19.773Z","url":"/api/auth/register"}
{"duration":"276ms","ip":"::ffff:127.0.0.1","level":"info","message":"HTTP Request","method":"POST","statusCode":200,"timestamp":"2026-09-01T11:08:20.053Z","url":"/api/auth/login"}
{"duration":"4ms","ip":"::ffff:127.0.0.1","level":"info","message":"HTTP Request","method":"GET","statusCode":401,"timestamp":"2026-09-01T11:08:20.060Z","url":"/api/auth/me"}
{"duration":"289ms","ip":"::ffff:127.0.0.1","level":"info","message":"HTTP Request","method":"POST","statusCode":201,"timestamp":"2026-09-01T11:08:20.364Z","url":"/api/auth/register"}
{"duration":"272ms","ip":"::ffff:127.0.0.1","level":"info","message":"HTTP Request","method":"POST","statusCode":200,"timestamp":"2026-09-01T11:08:20.641Z","url":"/api/auth/login"}
{"duration":"16ms","ip":"::ffff:127.0.0.1","level":"info","message":"HTTP Request","method":"GET","statusCode":401,"timestamp":"2026-09-01T11:08:20.660Z","url":"/api/auth/me"}
{"duration":"1166ms","ip":"::1","level":"info","message":"HTTP Request","method":"POST","statusCode":201,"timestamp":"2026-09-01T13:04:57.645Z","url":"/api/auth/register"}
{"duration":"382ms","ip":"::1","level":"info","message":"HTTP Request","method":"POST","statusCode":200,"timestamp":"2026-09-01T13:05:06.149Z","url":"/api/auth/login"}
{"duration":"14ms","ip":"::1","level":"info","message":"HTTP Request","method":"GET","statusCode":200,"timestamp":"2026-09-01T13:05:06.174Z","url":"/api/auth/me"}
{"duration":"67ms","ip":"::1","level":"info","message":"HTTP Request","method":"POST","statusCode":200,"timestamp":"2026-09-01T13:05:29.293Z","url":"/api/auth/logout"}
{"duration":"421ms","ip":"::1","level":"info","message":"HTTP Request","method":"POST","statusCode":200,"timestamp":"2026-09-01T13:06:02.836Z","url":"/api/auth/login"}
{"duration":"6ms","ip":"::1","level":"info","message":"HTTP Request","method":"GET","statusCode":304,"timestamp":"2026-09-01T13:06:02.850Z","url":"/api/auth/me"}
{"duration":"312ms","ip":"::1","level":"info","message":"HTTP Request","method":"GET","statusCode":304,"timestamp":"2026-09-01T13:57:49.958Z","url":"/api/auth/me"}
{"duration":"258ms","ip":"::1","level":"info","message":"HTTP Request","method":"GET","statusCode":304,"timestamp":"2026-09-01T14:33:36.603Z","url":"/api/auth/me"}
{"duration":"356ms","ip":"::1","level":"info","message":"HTTP Request","method":"GET","statusCode":304,"timestamp":"2026-09-01T15:36:57.403Z","url":"/api/auth/me"}
{"duration":"193ms","ip":"::1","level":"info","message":"HTTP Request","method":"GET","statusCode":304,"timestamp":"2026-09-01T15:37:08.489Z","url":"/api/auth/me"}
{"duration":"186ms","ip":"::1","level":"info","message":"HTTP Request","method":"GET","statusCode":304,"timestamp":"2026-09-01T15:38:22.191Z","url":"/api/auth/me"}
{"duration":"94ms","ip":"::1","level":"info","message":"HTTP Request","method":"GET","statusCode":304,"timestamp":"2026-09-01T15:39:32.350Z","url":"/api/auth/me"}
{"duration":"235ms","ip":"::1","level":"info","message":"HTTP Request","method":"GET","statusCode":304,"timestamp":"2026-09-02T07:14:23.314Z","url":"/api/auth/me"}
{"duration":"96ms","ip":"::1","level":"info","message":"HTTP Request","method":"POST","statusCode":200,"timestamp":"2026-09-02T07:14:52.295Z","url":"/api/auth/logout"}
{"duration":"527ms","ip":"::1","level":"info","message":"HTTP Request","method":"POST","statusCode":200,"timestamp":"2026-09-02T07:15:16.269Z","url":"/api/auth/login"}
{"duration":"6ms","ip":"::1","level":"info","message":"HTTP Request","method":"GET","statusCode":304,"timestamp":"2026-09-02T07:15:16.283Z","url":"/api/auth/me"}
{"duration":"184ms","ip":"::1","level":"info","message":"HTTP Request","method":"GET","statusCode":304,"timestamp":"2026-09-02T07:17:08.944Z","url":"/api/auth/me"}
{"duration":"8ms","ip":"::1","level":"info","message":"HTTP Request","method":"GET","statusCode":304,"timestamp":"2026-09-02T07:17:11.504Z","url":"/api/auth/me"}
{"duration":"7ms","ip":"::1","level":"info","message":"HTTP Request","method":"GET","statusCode":304,"timestamp":"2026-09-02T07:17:13.823Z","url":"/api/auth/me"}
{"duration":"4ms","ip":"::1","level":"info","message":"HTTP Request","method":"GET","statusCode":304,"timestamp":"2026-09-02T07:17:14.859Z","url":"/api/auth/me"}
{"duration":"9ms","ip":"::1","level":"info","message":"HTTP Request","method":"GET","statusCode":304,"timestamp":"2026-09-02T07:17:15.675Z","url":"/api/auth/me"}
{"duration":"113ms","ip":"::1","level":"info","message":"HTTP Request","method":"GET","statusCode":304,"timestamp":"2026-09-02T07:17:53.736Z","url":"/api/auth/me"}
{"duration":"91ms","ip":"::1","level":"info","message":"HTTP Request","method":"GET","statusCode":304,"timestamp":"2026-09-02T07:18:59.087Z","url":"/api/auth/me"}
{"duration":"113ms","ip":"::1","level":"info","message":"HTTP Request","method":"GET","statusCode":304,"timestamp":"2026-09-02T07:20:09.202Z","url":"/api/auth/me"}
{"duration":"57ms","ip":"::1","level":"info","message":"HTTP Request","method":"GET","statusCode":304,"timestamp":"2026-09-02T07:20:28.844Z","url":"/api/auth/me"}
{"duration":"314ms","ip":"::1","level":"info","message":"HTTP Request","method":"POST","statusCode":200,"timestamp":"2026-09-02T08:18:46.005Z","url":"/api/auth/login"}
{"duration":"6ms","ip":"::1","level":"info","message":"HTTP Request","method":"GET","statusCode":304,"timestamp":"2026-09-02T08:18:46.019Z","url":"/api/auth/me"}
{"duration":"88ms","ip":"::1","level":"info","message":"HTTP Request","method":"GET","statusCode":200,"timestamp":"2026-09-02T08:18:46.163Z","url":"/api/users/me/settings"}
{"duration":"3ms","ip":"::1","level":"info","message":"HTTP Request","method":"GET","statusCode":304,"timestamp":"2026-09-02T08:18:46.166Z","url":"/api/users/me/settings"}
{"duration":"172ms","ip":"::1","level":"info","message":"HTTP Request","method":"GET","statusCode":200,"timestamp":"2026-09-02T08:18:46.248Z","url":"/api/categories"}
{"duration":"7ms","ip":"::1","level":"info","message":"HTTP Request","method":"GET","statusCode":304,"timestamp":"2026-09-02T08:18:46.255Z","url":"/api/categories"}
{"duration":"190ms","ip":"::1","level":"info","message":"HTTP Request","method":"GET","statusCode":200,"timestamp":"2026-09-02T08:18:46.262Z","url":"/api/dashboard"}
{"duration":"11ms","ip":"::1","level":"info","message":"HTTP Request","method":"GET","statusCode":304,"timestamp":"2026-09-02T08:18:46.274Z","url":"/api/dashboard"}
{"duration":"5ms","ip":"::1","level":"info","message":"HTTP Request","method":"GET","statusCode":304,"timestamp":"2026-09-02T08:18:55.522Z","url":"/api/dashboard"}
{"duration":"7ms","ip":"::1","level":"info","message":"HTTP Request","method":"GET","statusCode":304,"timestamp":"2026-09-02T08:18:55.525Z","url":"/api/categories"}
{"duration":"7ms","ip":"::1","level":"info","message":"HTTP Request","method":"GET","statusCode":304,"timestamp":"2026-09-02T08:18:55.530Z","url":"/api/dashboard"}
{"duration":"12ms","ip":"::1","level":"info","message":"HTTP Request","method":"GET","statusCode":304,"timestamp":"2026-09-02T08:18:55.531Z","url":"/api/users/me/settings"}
{"duration":"4ms","ip":"::1","level":"info","message":"HTTP Request","method":"GET","statusCode":304,"timestamp":"2026-09-02T08:18:55.532Z","url":"/api/categories"}
{"duration":"5ms","ip":"::1","level":"info","message":"HTTP Request","method":"GET","statusCode":304,"timestamp":"2026-09-02T08:18:55.538Z","url":"/api/users/me/settings"}
{"duration":"137ms","ip":"::1","level":"info","message":"HTTP Request","method":"GET","statusCode":304,"timestamp":"2026-09-02T08:22:37.174Z","url":"/api/auth/me"}
{"duration":"48ms","ip":"::1","level":"info","message":"HTTP Request","method":"GET","statusCode":304,"timestamp":"2026-09-02T08:22:37.475Z","url":"/api/categories"}
{"duration":"6ms","ip":"::1","level":"info","message":"HTTP Request","method":"GET","statusCode":304,"timestamp":"2026-09-02T08:22:37.483Z","url":"/api/categories"}
{"duration":"145ms","ip":"::1","level":"info","message":"HTTP Request","method":"GET","statusCode":304,"timestamp":"2026-09-02T08:22:37.574Z","url":"/api/users/me/settings"}
{"duration":"3ms","ip":"::1","level":"info","message":"HTTP Request","method":"GET","statusCode":304,"timestamp":"2026-09-02T08:22:37.578Z","url":"/api/users/me/settings"}
{"duration":"165ms","ip":"::1","level":"info","message":"HTTP Request","method":"GET","statusCode":304,"timestamp":"2026-09-02T08:22:37.590Z","url":"/api/dashboard"}
{"duration":"13ms","ip":"::1","level":"info","message":"HTTP Request","method":"GET","statusCode":304,"timestamp":"2026-09-02T08:22:37.604Z","url":"/api/dashboard"}
{"duration":"2ms","ip":"::1","level":"info","message":"HTTP Request","method":"GET","statusCode":304,"timestamp":"2026-09-02T08:22:38.468Z","url":"/api/auth/me"}
{"duration":"14ms","ip":"::1","level":"info","message":"HTTP Request","method":"GET","statusCode":304,"timestamp":"2026-09-02T08:22:38.525Z","url":"/api/dashboard"}
{"duration":"13ms","ip":"::1","level":"info","message":"HTTP Request","method":"GET","statusCode":304,"timestamp":"2026-09-02T08:22:38.527Z","url":"/api/categories"}
{"duration":"18ms","ip":"::1","level":"info","message":"HTTP Request","method":"GET","statusCode":304,"timestamp":"2026-09-02T08:22:38.535Z","url":"/api/users/me/settings"}
{"duration":"8ms","ip":"::1","level":"info","message":"HTTP Request","method":"GET","statusCode":304,"timestamp":"2026-09-02T08:22:38.536Z","url":"/api/dashboard"}
{"duration":"9ms","ip":"::1","level":"info","message":"HTTP Request","method":"GET","statusCode":304,"timestamp":"2026-09-02T08:22:38.539Z","url":"/api/categories"}
{"duration":"5ms","ip":"::1","level":"info","message":"HTTP Request","method":"GET","statusCode":304,"timestamp":"2026-09-02T08:22:38.542Z","url":"/api/users/me/settings"}
{"duration":"82ms","ip":"::1","level":"info","message":"HTTP Request","method":"GET","statusCode":304,"timestamp":"2026-09-02T08:26:34.714Z","url":"/api/categories"}
{"duration":"2ms","ip":"::1","level":"info","message":"HTTP Request","method":"GET","statusCode":304,"timestamp":"2026-09-02T08:26:34.717Z","url":"/api/categories"}
{"duration":"93ms","ip":"::1","level":"info","message":"HTTP Request","method":"GET","statusCode":200,"timestamp":"2026-09-02T08:26:34.721Z","url":"/api/transactions?page=1&limit=10"}
{"duration":"4ms","ip":"::1","level":"info","message":"HTTP Request","method":"GET","statusCode":304,"timestamp":"2026-09-02T08:26:34.726Z","url":"/api/transactions?page=1&limit=10"}
{"duration":"145ms","ip":"::1","level":"info","message":"HTTP Request","method":"GET","statusCode":304,"timestamp":"2026-09-02T08:28:15.852Z","url":"/api/transactions?page=1&limit=10"}
{"duration":"62ms","ip":"::1","level":"info","message":"HTTP Request","method":"GET","statusCode":304,"timestamp":"2026-09-02T08:28:36.659Z","url":"/api/categories"}
{"duration":"5ms","ip":"::1","level":"info","message":"HTTP Request","method":"GET","statusCode":304,"timestamp":"2026-09-02T08:28:36.666Z","url":"/api/categories"}
{"duration":"168ms","ip":"::1","level":"info","message":"HTTP Request","method":"GET","statusCode":304,"timestamp":"2026-09-02T08:28:36.769Z","url":"/api/users/me/settings"}
{"duration":"2ms","ip":"::1","level":"info","message":"HTTP Request","method":"GET","statusCode":304,"timestamp":"2026-09-02T08:28:36.772Z","url":"/api/users/me/settings"}
{"duration":"227ms","ip":"::1","level":"info","message":"HTTP Request","method":"GET","statusCode":304,"timestamp":"2026-09-02T08:28:36.817Z","url":"/api/dashboard"}
{"duration":"12ms","ip":"::1","level":"info","message":"HTTP Request","method":"GET","statusCode":304,"timestamp":"2026-09-02T08:28:36.831Z","url":"/api/dashboard"}
{"duration":"6ms","ip":"::1","level":"info","message":"HTTP Request","method":"GET","statusCode":304,"timestamp":"2026-09-02T08:28:38.489Z","url":"/api/categories"}
{"duration":"8ms","ip":"::1","level":"info","message":"HTTP Request","method":"GET","statusCode":304,"timestamp":"2026-09-02T08:28:38.500Z","url":"/api/categories"}
{"duration":"16ms","ip":"::1","level":"info","message":"HTTP Request","method":"GET","statusCode":304,"timestamp":"2026-09-02T08:28:38.501Z","url":"/api/transactions?page=1&limit=10"}
{"duration":"3ms","ip":"::1","level":"info","message":"HTTP Request","method":"GET","statusCode":304,"timestamp":"2026-09-02T08:28:38.505Z","url":"/api/transactions?page=1&limit=10"}
{"duration":"9ms","ip":"::1","level":"info","message":"HTTP Request","method":"GET","statusCode":304,"timestamp":"2026-09-02T08:28:40.485Z","url":"/api/categories"}
{"duration":"15ms","ip":"::1","level":"info","message":"HTTP Request","method":"GET","statusCode":304,"timestamp":"2026-09-02T08:28:40.488Z","url":"/api/transactions?page=1&limit=10"}
{"duration":"6ms","ip":"::1","level":"info","message":"HTTP Request","method":"GET","statusCode":304,"timestamp":"2026-09-02T08:28:40.492Z","url":"/api/categories"}
{"duration":"7ms","ip":"::1","level":"info","message":"HTTP Request","method":"GET","statusCode":304,"timestamp":"2026-09-02T08:28:40.496Z","url":"/api/transactions?page=1&limit=10"}
{"duration":"237ms","ip":"::ffff:127.0.0.1","level":"info","message":"HTTP Request","method":"POST","statusCode":201,"timestamp":"2026-09-02T08:29:18.987Z","url":"/api/auth/register"}
{"duration":"213ms","ip":"::ffff:127.0.0.1","level":"info","message":"HTTP Request","method":"POST","statusCode":200,"timestamp":"2026-09-02T08:29:19.206Z","url":"/api/auth/login"}
{"duration":"27ms","ip":"::ffff:127.0.0.1","level":"info","message":"HTTP Request","method":"POST","statusCode":201,"timestamp":"2026-09-02T08:29:19.236Z","url":"/api/categories"}
{"duration":"0ms","ip":"::ffff:127.0.0.1","level":"info","message":"HTTP Request","method":"GET","statusCode":401,"timestamp":"2026-09-02T08:29:19.239Z","url":"/api/transactions"}
{"duration":"224ms","ip":"::ffff:127.0.0.1","level":"info","message":"HTTP Request","method":"POST","statusCode":201,"timestamp":"2026-09-02T08:29:19.472Z","url":"/api/auth/register"}
{"duration":"213ms","ip":"::ffff:127.0.0.1","level":"info","message":"HTTP Request","method":"POST","statusCode":200,"timestamp":"2026-09-02T08:29:19.689Z","url":"/api/auth/login"}
{"duration":"6ms","ip":"::ffff:127.0.0.1","level":"info","message":"HTTP Request","method":"POST","statusCode":201,"timestamp":"2026-09-02T08:29:19.697Z","url":"/api/categories"}
{"duration":"10ms","ip":"::ffff:127.0.0.1","level":"info","message":"HTTP Request","method":"POST","statusCode":201,"timestamp":"2026-09-02T08:29:19.711Z","url":"/api/transactions"}
{"duration":"213ms","ip":"::ffff:127.0.0.1","level":"info","message":"HTTP Request","method":"POST","statusCode":201,"timestamp":"2026-09-02T08:29:19.931Z","url":"/api/auth/register"}
{"duration":"216ms","ip":"::ffff:127.0.0.1","level":"info","message":"HTTP Request","method":"POST","statusCode":200,"timestamp":"2026-09-02T08:29:20.151Z","url":"/api/auth/login"}
{"duration":"4ms","ip":"::ffff:127.0.0.1","level":"info","message":"HTTP Request","method":"POST","statusCode":201,"timestamp":"2026-09-02T08:29:20.158Z","url":"/api/categories"}
{"duration":"6ms","ip":"::ffff:127.0.0.1","level":"info","message":"HTTP Request","method":"POST","statusCode":400,"timestamp":"2026-09-02T08:29:20.168Z","url":"/api/transactions"}
{"duration":"224ms","ip":"::ffff:127.0.0.1","level":"info","message":"HTTP Request","method":"POST","statusCode":201,"timestamp":"2026-09-02T08:29:20.397Z","url":"/api/auth/register"}
{"duration":"210ms","ip":"::ffff:127.0.0.1","level":"info","message":"HTTP Request","method":"POST","statusCode":200,"timestamp":"2026-09-02T08:29:20.610Z","url":"/api/auth/login"}
{"duration":"6ms","ip":"::ffff:127.0.0.1","level":"info","message":"HTTP Request","method":"POST","statusCode":201,"timestamp":"2026-09-02T08:29:20.620Z","url":"/api/categories"}
{"duration":"3ms","ip":"::ffff:127.0.0.1","level":"info","message":"HTTP Request","method":"POST","statusCode":400,"timestamp":"2026-09-02T08:29:20.625Z","url":"/api/transactions"}
{"duration":"213ms","ip":"::ffff:127.0.0.1","level":"info","message":"HTTP Request","method":"POST","statusCode":201,"timestamp":"2026-09-02T08:29:20.843Z","url":"/api/auth/register"}
{"duration":"210ms","ip":"::ffff:127.0.0.1","level":"info","message":"HTTP Request","method":"POST","statusCode":200,"timestamp":"2026-09-02T08:29:21.056Z","url":"/api/auth/login"}
{"duration":"6ms","ip":"::ffff:127.0.0.1","level":"info","message":"HTTP Request","method":"POST","statusCode":201,"timestamp":"2026-09-02T08:29:21.065Z","url":"/api/categories"}
{"duration":"4ms","ip":"::ffff:127.0.0.1","level":"info","message":"HTTP Request","method":"POST","statusCode":400,"timestamp":"2026-09-02T08:29:21.072Z","url":"/api/transactions"}
{"duration":"213ms","ip":"::ffff:127.0.0.1","level":"info","message":"HTTP Request","method":"POST","statusCode":201,"timestamp":"2026-09-02T08:29:21.291Z","url":"/api/auth/register"}
{"duration":"209ms","ip":"::ffff:127.0.0.1","level":"info","message":"HTTP Request","method":"POST","statusCode":200,"timestamp":"2026-09-02T08:29:21.502Z","url":"/api/auth/login"}
{"duration":"8ms","ip":"::ffff:127.0.0.1","level":"info","message":"HTTP Request","method":"POST","statusCode":201,"timestamp":"2026-09-02T08:29:21.513Z","url":"/api/categories"}
{"duration":"26ms","ip":"::ffff:127.0.0.1","level":"info","message":"HTTP Request","method":"POST","statusCode":201,"timestamp":"2026-09-02T08:29:21.545Z","url":"/api/transactions"}
{"duration":"38ms","ip":"::ffff:127.0.0.1","level":"info","message":"HTTP Request","method":"GET","statusCode":200,"timestamp":"2026-09-02T08:29:21.588Z","url":"/api/transactions?page=1&limit=10"}
{"duration":"218ms","ip":"::ffff:127.0.0.1","level":"info","message":"HTTP Request","method":"POST","statusCode":201,"timestamp":"2026-09-02T08:29:21.813Z","url":"/api/auth/register"}
{"duration":"209ms","ip":"::ffff:127.0.0.1","level":"info","message":"HTTP Request","method":"POST","statusCode":200,"timestamp":"2026-09-02T08:29:22.024Z","url":"/api/auth/login"}
{"duration":"5ms","ip":"::ffff:127.0.0.1","level":"info","message":"HTTP Request","method":"POST","statusCode":201,"timestamp":"2026-09-02T08:29:22.032Z","url":"/api/categories"}
{"duration":"5ms","ip":"::ffff:127.0.0.1","level":"info","message":"HTTP Request","method":"POST","statusCode":201,"timestamp":"2026-09-02T08:29:22.040Z","url":"/api/transactions"}
{"duration":"6ms","ip":"::ffff:127.0.0.1","level":"info","message":"HTTP Request","method":"GET","statusCode":200,"timestamp":"2026-09-02T08:29:22.048Z","url":"/api/transactions/017928f2-296b-44cf-a740-d8af4b693fe6"}
{"duration":"211ms","ip":"::ffff:127.0.0.1","level":"info","message":"HTTP Request","method":"POST","statusCode":201,"timestamp":"2026-09-02T08:29:22.264Z","url":"/api/auth/register"}
{"duration":"209ms","ip":"::ffff:127.0.0.1","level":"info","message":"HTTP Request","method":"POST","statusCode":200,"timestamp":"2026-09-02T08:29:22.476Z","url":"/api/auth/login"}
{"duration":"5ms","ip":"::ffff:127.0.0.1","level":"info","message":"HTTP Request","method":"POST","statusCode":201,"timestamp":"2026-09-02T08:29:22.483Z","url":"/api/categories"}
{"duration":"4ms","ip":"::ffff:127.0.0.1","level":"info","message":"HTTP Request","method":"GET","statusCode":404,"timestamp":"2026-09-02T08:29:22.489Z","url":"/api/transactions/11111111-1111-4111-8111-111111111111"}
{"duration":"212ms","ip":"::ffff:127.0.0.1","level":"info","message":"HTTP Request","method":"POST","statusCode":201,"timestamp":"2026-09-02T08:29:22.705Z","url":"/api/auth/register"}
{"duration":"209ms","ip":"::ffff:127.0.0.1","level":"info","message":"HTTP Request","method":"POST","statusCode":200,"timestamp":"2026-09-02T08:29:22.916Z","url":"/api/auth/login"}
{"duration":"4ms","ip":"::ffff:127.0.0.1","level":"info","message":"HTTP Request","method":"POST","statusCode":201,"timestamp":"2026-09-02T08:29:22.922Z","url":"/api/categories"}
{"duration":"4ms","ip":"::ffff:127.0.0.1","level":"info","message":"HTTP Request","method":"GET","statusCode":400,"timestamp":"2026-09-02T08:29:22.928Z","url":"/api/transactions/not-a-uuid"}
{"duration":"212ms","ip":"::ffff:127.0.0.1","level":"info","message":"HTTP Request","method":"POST","statusCode":201,"timestamp":"2026-09-02T08:29:23.147Z","url":"/api/auth/register"}
{"duration":"210ms","ip":"::ffff:127.0.0.1","level":"info","message":"HTTP Request","method":"POST","statusCode":200,"timestamp":"2026-09-02T08:29:23.360Z","url":"/api/auth/login"}
{"duration":"5ms","ip":"::ffff:127.0.0.1","level":"info","message":"HTTP Request","method":"POST","statusCode":201,"timestamp":"2026-09-02T08:29:23.369Z","url":"/api/categories"}
{"duration":"5ms","ip":"::ffff:127.0.0.1","level":"info","message":"HTTP Request","method":"POST","statusCode":201,"timestamp":"2026-09-02T08:29:23.376Z","url":"/api/transactions"}
{"duration":"9ms","ip":"::ffff:127.0.0.1","level":"info","message":"HTTP Request","method":"PATCH","statusCode":200,"timestamp":"2026-09-02T08:29:23.387Z","url":"/api/transactions/9169c348-4345-40b4-96c5-065046cc2f1d"}
{"duration":"213ms","ip":"::ffff:127.0.0.1","level":"info","message":"HTTP Request","method":"POST","statusCode":201,"timestamp":"2026-09-02T08:29:23.605Z","url":"/api/auth/register"}
{"duration":"209ms","ip":"::ffff:127.0.0.1","level":"info","message":"HTTP Request","method":"POST","statusCode":200,"timestamp":"2026-09-02T08:29:23.817Z","url":"/api/auth/login"}
{"duration":"4ms","ip":"::ffff:127.0.0.1","level":"info","message":"HTTP Request","method":"POST","statusCode":201,"timestamp":"2026-09-02T08:29:23.824Z","url":"/api/categories"}
{"duration":"6ms","ip":"::ffff:127.0.0.1","level":"info","message":"HTTP Request","method":"POST","statusCode":201,"timestamp":"2026-09-02T08:29:23.832Z","url":"/api/transactions"}
{"duration":"7ms","ip":"::ffff:127.0.0.1","level":"info","message":"HTTP Request","method":"DELETE","statusCode":200,"timestamp":"2026-09-02T08:29:23.841Z","url":"/api/transactions/25f0a085-1ea4-4c60-b82b-d1d7db210ddd"}
{"duration":"212ms","ip":"::ffff:127.0.0.1","level":"info","message":"HTTP Request","method":"POST","statusCode":201,"timestamp":"2026-09-02T08:29:24.058Z","url":"/api/auth/register"}
{"duration":"210ms","ip":"::ffff:127.0.0.1","level":"info","message":"HTTP Request","method":"POST","statusCode":200,"timestamp":"2026-09-02T08:29:24.270Z","url":"/api/auth/login"}
{"duration":"4ms","ip":"::ffff:127.0.0.1","level":"info","message":"HTTP Request","method":"POST","statusCode":201,"timestamp":"2026-09-02T08:29:24.276Z","url":"/api/categories"}
{"duration":"214ms","ip":"::ffff:127.0.0.1","level":"info","message":"HTTP Request","method":"POST","statusCode":201,"timestamp":"2026-09-02T08:29:24.492Z","url":"/api/auth/register"}
{"duration":"209ms","ip":"::ffff:127.0.0.1","level":"info","message":"HTTP Request","method":"POST","statusCode":200,"timestamp":"2026-09-02T08:29:24.703Z","url":"/api/auth/login"}
{"duration":"4ms","ip":"::ffff:127.0.0.1","level":"info","message":"HTTP Request","method":"POST","statusCode":201,"timestamp":"2026-09-02T08:29:24.710Z","url":"/api/categories"}
{"duration":"5ms","ip":"::ffff:127.0.0.1","level":"info","message":"HTTP Request","method":"POST","statusCode":403,"timestamp":"2026-09-02T08:29:24.718Z","url":"/api/transactions"}
{"duration":"210ms","ip":"::ffff:127.0.0.1","level":"info","message":"HTTP Request","method":"POST","statusCode":201,"timestamp":"2026-09-02T08:29:24.933Z","url":"/api/auth/register"}
{"duration":"209ms","ip":"::ffff:127.0.0.1","level":"info","message":"HTTP Request","method":"POST","statusCode":200,"timestamp":"2026-09-02T08:29:25.144Z","url":"/api/auth/login"}
{"duration":"5ms","ip":"::ffff:127.0.0.1","level":"info","message":"HTTP Request","method":"POST","statusCode":201,"timestamp":"2026-09-02T08:29:25.151Z","url":"/api/categories"}
{"duration":"4ms","ip":"::ffff:127.0.0.1","level":"info","message":"HTTP Request","method":"POST","statusCode":201,"timestamp":"2026-09-02T08:29:25.157Z","url":"/api/transactions"}
{"duration":"210ms","ip":"::ffff:127.0.0.1","level":"info","message":"HTTP Request","method":"POST","statusCode":201,"timestamp":"2026-09-02T08:29:25.370Z","url":"/api/auth/register"}
{"duration":"210ms","ip":"::ffff:127.0.0.1","level":"info","message":"HTTP Request","method":"POST","statusCode":200,"timestamp":"2026-09-02T08:29:25.583Z","url":"/api/auth/login"}
{"duration":"3ms","ip":"::ffff:127.0.0.1","level":"info","message":"HTTP Request","method":"POST","statusCode":201,"timestamp":"2026-09-02T08:29:25.589Z","url":"/api/categories"}
{"duration":"4ms","ip":"::ffff:127.0.0.1","level":"info","message":"HTTP Request","method":"PATCH","statusCode":403,"timestamp":"2026-09-02T08:29:25.595Z","url":"/api/transactions/45f96ab1-eaa0-4920-97d2-1f120ebfc06e"}
{"duration":"213ms","ip":"::ffff:127.0.0.1","level":"info","message":"HTTP Request","method":"POST","statusCode":201,"timestamp":"2026-09-02T08:29:25.814Z","url":"/api/auth/register"}
{"duration":"210ms","ip":"::ffff:127.0.0.1","level":"info","message":"HTTP Request","method":"POST","statusCode":200,"timestamp":"2026-09-02T08:29:26.027Z","url":"/api/auth/login"}
{"duration":"5ms","ip":"::ffff:127.0.0.1","level":"info","message":"HTTP Request","method":"POST","statusCode":201,"timestamp":"2026-09-02T08:29:26.035Z","url":"/api/categories"}
{"duration":"4ms","ip":"::ffff:127.0.0.1","level":"info","message":"HTTP Request","method":"POST","statusCode":201,"timestamp":"2026-09-02T08:29:26.042Z","url":"/api/transactions"}
{"duration":"211ms","ip":"::ffff:127.0.0.1","level":"info","message":"HTTP Request","method":"POST","statusCode":201,"timestamp":"2026-09-02T08:29:26.255Z","url":"/api/auth/register"}
{"duration":"226ms","ip":"::ffff:127.0.0.1","level":"info","message":"HTTP Request","method":"POST","statusCode":200,"timestamp":"2026-09-02T08:29:26.483Z","url":"/api/auth/login"}
{"duration":"5ms","ip":"::ffff:127.0.0.1","level":"info","message":"HTTP Request","method":"GET","statusCode":404,"timestamp":"2026-09-02T08:29:26.493Z","url":"/api/transactions/820455c9-304d-4d7f-9afe-2ea02fe513f7"}
{"duration":"41ms","ip":"::1","level":"info","message":"HTTP Request","method":"GET","statusCode":401,"timestamp":"2026-09-02T08:30:30.753Z","url":"/api/auth/me"}
{"duration":"34ms","ip":"::1","level":"info","message":"HTTP Request","method":"POST","statusCode":401,"timestamp":"2026-09-02T08:30:48.465Z","url":"/api/auth/login"}
{"duration":"34ms","ip":"::1","level":"info","message":"HTTP Request","method":"POST","statusCode":401,"timestamp":"2026-09-02T08:31:03.044Z","url":"/api/auth/login"}
{"duration":"5ms","ip":"::1","level":"info","message":"HTTP Request","method":"POST","statusCode":401,"timestamp":"2026-09-02T08:31:03.604Z","url":"/api/auth/login"}
{"duration":"258ms","ip":"::ffff:127.0.0.1","level":"info","message":"HTTP Request","method":"POST","statusCode":201,"timestamp":"2026-09-02T08:32:09.230Z","url":"/api/auth/register"}
{"duration":"228ms","ip":"::ffff:127.0.0.1","level":"info","message":"HTTP Request","method":"POST","statusCode":200,"timestamp":"2026-09-02T08:32:09.465Z","url":"/api/auth/login"}
{"duration":"20ms","ip":"::ffff:127.0.0.1","level":"info","message":"HTTP Request","method":"POST","statusCode":201,"timestamp":"2026-09-02T08:32:09.489Z","url":"/api/categories"}
{"duration":"0ms","ip":"::ffff:127.0.0.1","level":"info","message":"HTTP Request","method":"GET","statusCode":401,"timestamp":"2026-09-02T08:32:09.493Z","url":"/api/transactions"}
{"duration":"235ms","ip":"::ffff:127.0.0.1","level":"info","message":"HTTP Request","method":"POST","statusCode":201,"timestamp":"2026-09-02T08:32:09.735Z","url":"/api/auth/register"}
{"duration":"245ms","ip":"::ffff:127.0.0.1","level":"info","message":"HTTP Request","method":"POST","statusCode":200,"timestamp":"2026-09-02T08:32:09.986Z","url":"/api/auth/login"}
{"duration":"3ms","ip":"::ffff:127.0.0.1","level":"info","message":"HTTP Request","method":"POST","statusCode":201,"timestamp":"2026-09-02T08:32:09.994Z","url":"/api/categories"}
{"duration":"9ms","ip":"::ffff:127.0.0.1","level":"info","message":"HTTP Request","method":"POST","statusCode":201,"timestamp":"2026-09-02T08:32:10.006Z","url":"/api/transactions"}
{"duration":"218ms","ip":"::ffff:127.0.0.1","level":"info","message":"HTTP Request","method":"POST","statusCode":201,"timestamp":"2026-09-02T08:32:10.230Z","url":"/api/auth/register"}
{"duration":"223ms","ip":"::ffff:127.0.0.1","level":"info","message":"HTTP Request","method":"POST","statusCode":200,"timestamp":"2026-09-02T08:32:10.456Z","url":"/api/auth/login"}
{"duration":"3ms","ip":"::ffff:127.0.0.1","level":"info","message":"HTTP Request","method":"POST","statusCode":201,"timestamp":"2026-09-02T08:32:10.462Z","url":"/api/categories"}
{"duration":"2ms","ip":"::ffff:127.0.0.1","level":"info","message":"HTTP Request","method":"POST","statusCode":400,"timestamp":"2026-09-02T08:32:10.467Z","url":"/api/transactions"}
{"duration":"235ms","ip":"::ffff:127.0.0.1","level":"info","message":"HTTP Request","method":"POST","statusCode":201,"timestamp":"2026-09-02T08:32:10.708Z","url":"/api/auth/register"}
{"duration":"221ms","ip":"::ffff:127.0.0.1","level":"info","message":"HTTP Request","method":"POST","statusCode":200,"timestamp":"2026-09-02T08:32:10.932Z","url":"/api/auth/login"}
{"duration":"5ms","ip":"::ffff:127.0.0.1","level":"info","message":"HTTP Request","method":"POST","statusCode":201,"timestamp":"2026-09-02T08:32:10.939Z","url":"/api/categories"}
{"duration":"2ms","ip":"::ffff:127.0.0.1","level":"info","message":"HTTP Request","method":"POST","statusCode":400,"timestamp":"2026-09-02T08:32:10.943Z","url":"/api/transactions"}
{"duration":"222ms","ip":"::ffff:127.0.0.1","level":"info","message":"HTTP Request","method":"POST","statusCode":201,"timestamp":"2026-09-02T08:32:11.170Z","url":"/api/auth/register"}
{"duration":"220ms","ip":"::ffff:127.0.0.1","level":"info","message":"HTTP Request","method":"POST","statusCode":200,"timestamp":"2026-09-02T08:32:11.394Z","url":"/api/auth/login"}
{"duration":"3ms","ip":"::ffff:127.0.0.1","level":"info","message":"HTTP Request","method":"POST","statusCode":201,"timestamp":"2026-09-02T08:32:11.399Z","url":"/api/categories"}
{"duration":"2ms","ip":"::ffff:127.0.0.1","level":"info","message":"HTTP Request","method":"POST","statusCode":400,"timestamp":"2026-09-02T08:32:11.403Z","url":"/api/transactions"}
{"duration":"229ms","ip":"::ffff:127.0.0.1","level":"info","message":"HTTP Request","method":"POST","statusCode":201,"timestamp":"2026-09-02T08:32:11.637Z","url":"/api/auth/register"}
{"duration":"223ms","ip":"::ffff:127.0.0.1","level":"info","message":"HTTP Request","method":"POST","statusCode":200,"timestamp":"2026-09-02T08:32:11.863Z","url":"/api/auth/login"}
{"duration":"4ms","ip":"::ffff:127.0.0.1","level":"info","message":"HTTP Request","method":"POST","statusCode":201,"timestamp":"2026-09-02T08:32:11.870Z","url":"/api/categories"}
{"duration":"4ms","ip":"::ffff:127.0.0.1","level":"info","message":"HTTP Request","method":"POST","statusCode":201,"timestamp":"2026-09-02T08:32:11.877Z","url":"/api/transactions"}
{"duration":"13ms","ip":"::ffff:127.0.0.1","level":"info","message":"HTTP Request","method":"GET","statusCode":200,"timestamp":"2026-09-02T08:32:11.892Z","url":"/api/transactions?page=1&limit=10"}
{"duration":"256ms","ip":"::ffff:127.0.0.1","level":"info","message":"HTTP Request","method":"POST","statusCode":201,"timestamp":"2026-09-02T08:32:12.154Z","url":"/api/auth/register"}
{"duration":"218ms","ip":"::ffff:127.0.0.1","level":"info","message":"HTTP Request","method":"POST","statusCode":200,"timestamp":"2026-09-02T08:32:12.375Z","url":"/api/auth/login"}
{"duration":"3ms","ip":"::ffff:127.0.0.1","level":"info","message":"HTTP Request","method":"POST","statusCode":201,"timestamp":"2026-09-02T08:32:12.380Z","url":"/api/categories"}
{"duration":"4ms","ip":"::ffff:127.0.0.1","level":"info","message":"HTTP Request","method":"POST","statusCode":201,"timestamp":"2026-09-02T08:32:12.386Z","url":"/api/transactions"}
{"duration":"3ms","ip":"::ffff:127.0.0.1","level":"info","message":"HTTP Request","method":"GET","statusCode":200,"timestamp":"2026-09-02T08:32:12.392Z","url":"/api/transactions/71c0c0eb-550e-46a9-a1d9-43f13422a53c"}
{"duration":"224ms","ip":"::ffff:127.0.0.1","level":"info","message":"HTTP Request","method":"POST","statusCode":201,"timestamp":"2026-09-02T08:32:12.621Z","url":"/api/auth/register"}
{"duration":"219ms","ip":"::ffff:127.0.0.1","level":"info","message":"HTTP Request","method":"POST","statusCode":200,"timestamp":"2026-09-02T08:32:12.842Z","url":"/api/auth/login"}
{"duration":"2ms","ip":"::ffff:127.0.0.1","level":"info","message":"HTTP Request","method":"POST","statusCode":201,"timestamp":"2026-09-02T08:32:12.847Z","url":"/api/categories"}
{"duration":"2ms","ip":"::ffff:127.0.0.1","level":"info","message":"HTTP Request","method":"GET","statusCode":404,"timestamp":"2026-09-02T08:32:12.852Z","url":"/api/transactions/11111111-1111-4111-8111-111111111111"}
{"duration":"220ms","ip":"::ffff:127.0.0.1","level":"info","message":"HTTP Request","method":"POST","statusCode":201,"timestamp":"2026-09-02T08:32:13.077Z","url":"/api/auth/register"}
{"duration":"221ms","ip":"::ffff:127.0.0.1","level":"info","message":"HTTP Request","method":"POST","statusCode":200,"timestamp":"2026-09-02T08:32:13.300Z","url":"/api/auth/login"}
{"duration":"3ms","ip":"::ffff:127.0.0.1","level":"info","message":"HTTP Request","method":"POST","statusCode":201,"timestamp":"2026-09-02T08:32:13.307Z","url":"/api/categories"}
{"duration":"1ms","ip":"::ffff:127.0.0.1","level":"info","message":"HTTP Request","method":"GET","statusCode":400,"timestamp":"2026-09-02T08:32:13.311Z","url":"/api/transactions/not-a-uuid"}
{"duration":"222ms","ip":"::ffff:127.0.0.1","level":"info","message":"HTTP Request","method":"POST","statusCode":201,"timestamp":"2026-09-02T08:32:13.538Z","url":"/api/auth/register"}
{"duration":"223ms","ip":"::ffff:127.0.0.1","level":"info","message":"HTTP Request","method":"POST","statusCode":200,"timestamp":"2026-09-02T08:32:13.764Z","url":"/api/auth/login"}
{"duration":"4ms","ip":"::ffff:127.0.0.1","level":"info","message":"HTTP Request","method":"POST","statusCode":201,"timestamp":"2026-09-02T08:32:13.771Z","url":"/api/categories"}
{"duration":"3ms","ip":"::ffff:127.0.0.1","level":"info","message":"HTTP Request","method":"POST","statusCode":201,"timestamp":"2026-09-02T08:32:13.778Z","url":"/api/transactions"}
{"duration":"9ms","ip":"::ffff:127.0.0.1","level":"info","message":"HTTP Request","method":"PATCH","statusCode":200,"timestamp":"2026-09-02T08:32:13.789Z","url":"/api/transactions/5178f379-7aa1-4bdc-a3f6-5eb65d2bfd07"}
{"duration":"222ms","ip":"::ffff:127.0.0.1","level":"info","message":"HTTP Request","method":"POST","statusCode":201,"timestamp":"2026-09-02T08:32:14.016Z","url":"/api/auth/register"}
{"duration":"219ms","ip":"::ffff:127.0.0.1","level":"info","message":"HTTP Request","method":"POST","statusCode":200,"timestamp":"2026-09-02T08:32:14.238Z","url":"/api/auth/login"}
{"duration":"2ms","ip":"::ffff:127.0.0.1","level":"info","message":"HTTP Request","method":"POST","statusCode":201,"timestamp":"2026-09-02T08:32:14.243Z","url":"/api/categories"}
{"duration":"2ms","ip":"::ffff:127.0.0.1","level":"info","message":"HTTP Request","method":"POST","statusCode":201,"timestamp":"2026-09-02T08:32:14.248Z","url":"/api/transactions"}
{"duration":"6ms","ip":"::ffff:127.0.0.1","level":"info","message":"HTTP Request","method":"DELETE","statusCode":200,"timestamp":"2026-09-02T08:32:14.256Z","url":"/api/transactions/6bd165fc-1926-4b80-89e9-42db3babe16d"}
{"duration":"224ms","ip":"::ffff:127.0.0.1","level":"info","message":"HTTP Request","method":"POST","statusCode":201,"timestamp":"2026-09-02T08:32:14.485Z","url":"/api/auth/register"}
{"duration":"222ms","ip":"::ffff:127.0.0.1","level":"info","message":"HTTP Request","method":"POST","statusCode":200,"timestamp":"2026-09-02T08:32:14.710Z","url":"/api/auth/login"}
{"duration":"3ms","ip":"::ffff:127.0.0.1","level":"info","message":"HTTP Request","method":"POST","statusCode":201,"timestamp":"2026-09-02T08:32:14.715Z","url":"/api/categories"}
{"duration":"223ms","ip":"::ffff:127.0.0.1","level":"info","message":"HTTP Request","method":"POST","statusCode":201,"timestamp":"2026-09-02T08:32:14.941Z","url":"/api/auth/register"}
{"duration":"218ms","ip":"::ffff:127.0.0.1","level":"info","message":"HTTP Request","method":"POST","statusCode":200,"timestamp":"2026-09-02T08:32:15.161Z","url":"/api/auth/login"}
{"duration":"7ms","ip":"::ffff:127.0.0.1","level":"info","message":"HTTP Request","method":"POST","statusCode":201,"timestamp":"2026-09-02T08:32:15.171Z","url":"/api/categories"}
{"duration":"3ms","ip":"::ffff:127.0.0.1","level":"info","message":"HTTP Request","method":"POST","statusCode":403,"timestamp":"2026-09-02T08:32:15.178Z","url":"/api/transactions"}
{"duration":"223ms","ip":"::ffff:127.0.0.1","level":"info","message":"HTTP Request","method":"POST","statusCode":201,"timestamp":"2026-09-02T08:32:15.407Z","url":"/api/auth/register"}
{"duration":"217ms","ip":"::ffff:127.0.0.1","level":"info","message":"HTTP Request","method":"POST","statusCode":200,"timestamp":"2026-09-02T08:32:15.626Z","url":"/api/auth/login"}
{"duration":"3ms","ip":"::ffff:127.0.0.1","level":"info","message":"HTTP Request","method":"POST","statusCode":201,"timestamp":"2026-09-02T08:32:15.631Z","url":"/api/categories"}
{"duration":"4ms","ip":"::ffff:127.0.0.1","level":"info","message":"HTTP Request","method":"POST","statusCode":201,"timestamp":"2026-09-02T08:32:15.637Z","url":"/api/transactions"}
{"duration":"241ms","ip":"::ffff:127.0.0.1","level":"info","message":"HTTP Request","method":"POST","statusCode":201,"timestamp":"2026-09-02T08:32:15.881Z","url":"/api/auth/register"}
{"duration":"239ms","ip":"::ffff:127.0.0.1","level":"info","message":"HTTP Request","method":"POST","statusCode":200,"timestamp":"2026-09-02T08:32:16.123Z","url":"/api/auth/login"}
{"duration":"2ms","ip":"::ffff:127.0.0.1","level":"info","message":"HTTP Request","method":"POST","statusCode":201,"timestamp":"2026-09-02T08:32:16.128Z","url":"/api/categories"}
{"duration":"3ms","ip":"::ffff:127.0.0.1","level":"info","message":"HTTP Request","method":"PATCH","statusCode":403,"timestamp":"2026-09-02T08:32:16.133Z","url":"/api/transactions/372fbef4-deea-4f4e-96fa-05c9004291b1"}
{"duration":"225ms","ip":"::ffff:127.0.0.1","level":"info","message":"HTTP Request","method":"POST","statusCode":201,"timestamp":"2026-09-02T08:32:16.364Z","url":"/api/auth/register"}
{"duration":"216ms","ip":"::ffff:127.0.0.1","level":"info","message":"HTTP Request","method":"POST","statusCode":200,"timestamp":"2026-09-02T08:32:16.582Z","url":"/api/auth/login"}
{"duration":"3ms","ip":"::ffff:127.0.0.1","level":"info","message":"HTTP Request","method":"POST","statusCode":201,"timestamp":"2026-09-02T08:32:16.589Z","url":"/api/categories"}
{"duration":"3ms","ip":"::ffff:127.0.0.1","level":"info","message":"HTTP Request","method":"POST","statusCode":201,"timestamp":"2026-09-02T08:32:16.594Z","url":"/api/transactions"}
{"duration":"224ms","ip":"::ffff:127.0.0.1","level":"info","message":"HTTP Request","method":"POST","statusCode":201,"timestamp":"2026-09-02T08:32:16.821Z","url":"/api/auth/register"}
{"duration":"217ms","ip":"::ffff:127.0.0.1","level":"info","message":"HTTP Request","method":"POST","statusCode":200,"timestamp":"2026-09-02T08:32:17.041Z","url":"/api/auth/login"}
{"duration":"2ms","ip":"::ffff:127.0.0.1","level":"info","message":"HTTP Request","method":"GET","statusCode":404,"timestamp":"2026-09-02T08:32:17.045Z","url":"/api/transactions/41afd80c-58cd-4e8f-8945-2f005d42a4ae"}
{"duration":"265ms","ip":"::1","level":"info","message":"HTTP Request","method":"POST","statusCode":201,"timestamp":"2026-09-02T08:34:05.366Z","url":"/api/auth/register"}
{"duration":"210ms","ip":"::1","level":"info","message":"HTTP Request","method":"POST","statusCode":200,"timestamp":"2026-09-02T08:34:13.612Z","url":"/api/auth/login"}
{"duration":"3ms","ip":"::1","level":"info","message":"HTTP Request","method":"GET","statusCode":200,"timestamp":"2026-09-02T08:34:13.622Z","url":"/api/auth/me"}
{"duration":"48ms","ip":"::1","level":"info","message":"HTTP Request","method":"GET","statusCode":304,"timestamp":"2026-09-02T08:34:13.709Z","url":"/api/categories"}
{"duration":"3ms","ip":"::1","level":"info","message":"HTTP Request","method":"GET","statusCode":304,"timestamp":"2026-09-02T08:34:13.713Z","url":"/api/categories"}
{"duration":"59ms","ip":"::1","level":"info","message":"HTTP Request","method":"GET","statusCode":200,"timestamp":"2026-09-02T08:34:13.721Z","url":"/api/users/me/settings"}
{"duration":"6ms","ip":"::1","level":"info","message":"HTTP Request","method":"GET","statusCode":304,"timestamp":"2026-09-02T08:34:13.728Z","url":"/api/users/me/settings"}
{"duration":"176ms","ip":"::1","level":"info","message":"HTTP Request","method":"GET","statusCode":304,"timestamp":"2026-09-02T08:34:13.835Z","url":"/api/dashboard"}
{"duration":"6ms","ip":"::1","level":"info","message":"HTTP Request","method":"GET","statusCode":304,"timestamp":"2026-09-02T08:34:13.843Z","url":"/api/dashboard"}
{"duration":"5ms","ip":"::1","level":"info","message":"HTTP Request","method":"GET","statusCode":304,"timestamp":"2026-09-02T08:34:16.599Z","url":"/api/categories"}
{"duration":"7ms","ip":"::1","level":"info","message":"HTTP Request","method":"GET","statusCode":304,"timestamp":"2026-09-02T08:34:16.602Z","url":"/api/transactions?page=1&limit=10"}
{"duration":"5ms","ip":"::1","level":"info","message":"HTTP Request","method":"GET","statusCode":304,"timestamp":"2026-09-02T08:34:16.605Z","url":"/api/categories"}
{"duration":"5ms","ip":"::1","level":"info","message":"HTTP Request","method":"GET","statusCode":304,"timestamp":"2026-09-02T08:34:16.609Z","url":"/api/transactions?page=1&limit=10"}
{"duration":"6ms","ip":"::1","level":"info","message":"HTTP Request","method":"GET","statusCode":304,"timestamp":"2026-09-02T08:34:22.743Z","url":"/api/dashboard"}
{"duration":"5ms","ip":"::1","level":"info","message":"HTTP Request","method":"GET","statusCode":304,"timestamp":"2026-09-02T08:34:22.743Z","url":"/api/categories"}
{"duration":"7ms","ip":"::1","level":"info","message":"HTTP Request","method":"GET","statusCode":304,"timestamp":"2026-09-02T08:34:22.747Z","url":"/api/users/me/settings"}
{"duration":"9ms","ip":"::1","level":"info","message":"HTTP Request","method":"GET","statusCode":304,"timestamp":"2026-09-02T08:34:22.753Z","url":"/api/dashboard"}
{"duration":"6ms","ip":"::1","level":"info","message":"HTTP Request","method":"GET","statusCode":304,"timestamp":"2026-09-02T08:34:22.755Z","url":"/api/users/me/settings"}
{"duration":"12ms","ip":"::1","level":"info","message":"HTTP Request","method":"GET","statusCode":304,"timestamp":"2026-09-02T08:34:22.757Z","url":"/api/categories"}
{"duration":"42ms","ip":"::1","level":"info","message":"HTTP Request","method":"GET","statusCode":304,"timestamp":"2026-09-02T08:34:42.894Z","url":"/api/categories"}
{"duration":"3ms","ip":"::1","level":"info","message":"HTTP Request","method":"GET","statusCode":304,"timestamp":"2026-09-02T08:34:42.898Z","url":"/api/categories"}
{"duration":"50ms","ip":"::1","level":"info","message":"HTTP Request","method":"GET","statusCode":304,"timestamp":"2026-09-02T08:34:42.899Z","url":"/api/transactions?page=1&limit=10"}
{"duration":"5ms","ip":"::1","level":"info","message":"HTTP Request","method":"GET","statusCode":304,"timestamp":"2026-09-02T08:34:42.905Z","url":"/api/transactions?page=1&limit=10"}
{"duration":"4ms","ip":"::1","level":"info","message":"HTTP Request","method":"GET","statusCode":304,"timestamp":"2026-09-02T08:34:51.822Z","url":"/api/categories"}
{"duration":"4ms","ip":"::1","level":"info","message":"HTTP Request","method":"GET","statusCode":304,"timestamp":"2026-09-02T08:34:51.827Z","url":"/api/categories"}
{"duration":"135ms","ip":"::1","level":"info","message":"HTTP Request","method":"GET","statusCode":304,"timestamp":"2026-09-02T08:34:51.953Z","url":"/api/users/me/settings"}
{"duration":"2ms","ip":"::1","level":"info","message":"HTTP Request","method":"GET","statusCode":304,"timestamp":"2026-09-02T08:34:51.956Z","url":"/api/users/me/settings"}
{"duration":"153ms","ip":"::1","level":"info","message":"HTTP Request","method":"GET","statusCode":304,"timestamp":"2026-09-02T08:34:51.969Z","url":"/api/dashboard"}
{"duration":"6ms","ip":"::1","level":"info","message":"HTTP Request","method":"GET","statusCode":304,"timestamp":"2026-09-02T08:34:51.976Z","url":"/api/dashboard"}
{"duration":"6ms","ip":"::1","level":"info","message":"HTTP Request","method":"GET","statusCode":304,"timestamp":"2026-09-02T08:34:54.120Z","url":"/api/categories"}
{"duration":"4ms","ip":"::1","level":"info","message":"HTTP Request","method":"GET","statusCode":304,"timestamp":"2026-09-02T08:34:54.126Z","url":"/api/categories"}
{"duration":"10ms","ip":"::1","level":"info","message":"HTTP Request","method":"GET","statusCode":304,"timestamp":"2026-09-02T08:34:54.126Z","url":"/api/transactions?page=1&limit=10"}
{"duration":"6ms","ip":"::1","level":"info","message":"HTTP Request","method":"GET","statusCode":304,"timestamp":"2026-09-02T08:34:54.133Z","url":"/api/transactions?page=1&limit=10"}
{"duration":"114ms","ip":"::1","level":"info","message":"HTTP Request","method":"GET","statusCode":304,"timestamp":"2026-09-02T08:35:28.741Z","url":"/api/categories"}
{"duration":"115ms","ip":"::1","level":"info","message":"HTTP Request","method":"GET","statusCode":304,"timestamp":"2026-09-02T08:35:28.746Z","url":"/api/users/me/settings"}
{"duration":"20ms","ip":"::1","level":"info","message":"HTTP Request","method":"GET","statusCode":304,"timestamp":"2026-09-02T08:35:28.763Z","url":"/api/categories"}
{"duration":"16ms","ip":"::1","level":"info","message":"HTTP Request","method":"GET","statusCode":304,"timestamp":"2026-09-02T08:35:28.767Z","url":"/api/users/me/settings"}
{"duration":"316ms","ip":"::1","level":"info","message":"HTTP Request","method":"GET","statusCode":304,"timestamp":"2026-09-02T08:35:28.936Z","url":"/api/dashboard"}
{"duration":"16ms","ip":"::1","level":"info","message":"HTTP Request","method":"GET","statusCode":304,"timestamp":"2026-09-02T08:35:28.953Z","url":"/api/dashboard"}
{"duration":"71ms","ip":"::1","level":"info","message":"HTTP Request","method":"GET","statusCode":304,"timestamp":"2026-09-02T08:35:39.311Z","url":"/api/transactions?page=1&limit=10"}
{"duration":"73ms","ip":"::1","level":"info","message":"HTTP Request","method":"GET","statusCode":304,"timestamp":"2026-09-02T08:35:39.316Z","url":"/api/categories"}
{"duration":"5ms","ip":"::1","level":"info","message":"HTTP Request","method":"GET","statusCode":304,"timestamp":"2026-09-02T08:35:39.323Z","url":"/api/categories"}
{"duration":"11ms","ip":"::1","level":"info","message":"HTTP Request","method":"GET","statusCode":304,"timestamp":"2026-09-02T08:35:39.324Z","url":"/api/transactions?page=1&limit=10"}
{"duration":"177ms","ip":"::1","level":"info","message":"HTTP Request","method":"GET","statusCode":304,"timestamp":"2026-09-02T08:36:16.033Z","url":"/api/auth/me"}
{"duration":"81ms","ip":"::1","level":"info","message":"HTTP Request","method":"GET","statusCode":304,"timestamp":"2026-09-02T08:36:16.288Z","url":"/api/users/me/settings"}
{"duration":"4ms","ip":"::1","level":"info","message":"HTTP Request","method":"GET","statusCode":304,"timestamp":"2026-09-02T08:36:16.294Z","url":"/api/users/me/settings"}
{"duration":"97ms","ip":"::1","level":"info","message":"HTTP Request","method":"GET","statusCode":304,"timestamp":"2026-09-02T08:36:16.299Z","url":"/api/dashboard"}
{"duration":"10ms","ip":"::1","level":"info","message":"HTTP Request","method":"GET","statusCode":304,"timestamp":"2026-09-02T08:36:16.310Z","url":"/api/dashboard"}
{"duration":"180ms","ip":"::1","level":"info","message":"HTTP Request","method":"GET","statusCode":304,"timestamp":"2026-09-02T08:36:16.385Z","url":"/api/categories"}
{"duration":"3ms","ip":"::1","level":"info","message":"HTTP Request","method":"GET","statusCode":304,"timestamp":"2026-09-02T08:36:16.389Z","url":"/api/categories"}
{"duration":"4ms","ip":"::1","level":"info","message":"HTTP Request","method":"POST","statusCode":200,"timestamp":"2026-09-02T08:36:18.624Z","url":"/api/auth/logout"}
{"duration":"465ms","ip":"::1","level":"info","message":"HTTP Request","method":"POST","statusCode":201,"timestamp":"2026-09-02T08:42:11.764Z","url":"/api/auth/register"}
{"duration":"539ms","ip":"::1","level":"info","message":"HTTP Request","method":"POST","statusCode":200,"timestamp":"2026-09-02T08:42:27.948Z","url":"/api/auth/login"}
{"duration":"4ms","ip":"::1","level":"info","message":"HTTP Request","method":"GET","statusCode":200,"timestamp":"2026-09-02T08:42:27.972Z","url":"/api/auth/me"}
{"duration":"134ms","ip":"::1","level":"info","message":"HTTP Request","method":"GET","statusCode":304,"timestamp":"2026-09-02T08:42:28.190Z","url":"/api/categories"}
{"duration":"25ms","ip":"::1","level":"info","message":"HTTP Request","method":"GET","statusCode":304,"timestamp":"2026-09-02T08:42:28.217Z","url":"/api/categories"}
{"duration":"183ms","ip":"::1","level":"info","message":"HTTP Request","method":"GET","statusCode":304,"timestamp":"2026-09-02T08:42:28.236Z","url":"/api/dashboard"}
{"duration":"182ms","ip":"::1","level":"info","message":"HTTP Request","method":"GET","statusCode":200,"timestamp":"2026-09-02T08:42:28.241Z","url":"/api/users/me/settings"}
{"duration":"4ms","ip":"::1","level":"info","message":"HTTP Request","method":"GET","statusCode":304,"timestamp":"2026-09-02T08:42:28.246Z","url":"/api/users/me/settings"}
{"duration":"11ms","ip":"::1","level":"info","message":"HTTP Request","method":"GET","statusCode":304,"timestamp":"2026-09-02T08:42:28.248Z","url":"/api/dashboard"}
{"duration":"7ms","ip":"::1","level":"info","message":"HTTP Request","method":"GET","statusCode":304,"timestamp":"2026-09-02T08:42:31.507Z","url":"/api/categories"}
{"duration":"7ms","ip":"::1","level":"info","message":"HTTP Request","method":"GET","statusCode":304,"timestamp":"2026-09-02T08:42:31.517Z","url":"/api/categories"}
{"duration":"25ms","ip":"::1","level":"info","message":"HTTP Request","method":"GET","statusCode":304,"timestamp":"2026-09-02T08:42:31.530Z","url":"/api/transactions?page=1&limit=10"}
{"duration":"8ms","ip":"::1","level":"info","message":"HTTP Request","method":"GET","statusCode":304,"timestamp":"2026-09-02T08:42:31.540Z","url":"/api/transactions?page=1&limit=10"}
{"duration":"7ms","ip":"::1","level":"info","message":"HTTP Request","method":"GET","statusCode":304,"timestamp":"2026-09-02T08:42:35.765Z","url":"/api/transactions?page=1&limit=10"}
{"duration":"6ms","ip":"::1","level":"info","message":"HTTP Request","method":"GET","statusCode":304,"timestamp":"2026-09-02T08:42:35.769Z","url":"/api/categories"}
{"duration":"4ms","ip":"::1","level":"info","message":"HTTP Request","method":"GET","statusCode":304,"timestamp":"2026-09-02T08:42:35.777Z","url":"/api/categories"}
{"duration":"11ms","ip":"::1","level":"info","message":"HTTP Request","method":"GET","statusCode":304,"timestamp":"2026-09-02T08:42:35.778Z","url":"/api/transactions?page=1&limit=10"}
{"duration":"19ms","ip":"::1","level":"info","message":"HTTP Request","method":"GET","statusCode":304,"timestamp":"2026-09-02T08:42:37.727Z","url":"/api/categories"}
{"duration":"15ms","ip":"::1","level":"info","message":"HTTP Request","method":"GET","statusCode":304,"timestamp":"2026-09-02T08:42:37.729Z","url":"/api/dashboard"}
{"duration":"21ms","ip":"::1","level":"info","message":"HTTP Request","method":"GET","statusCode":304,"timestamp":"2026-09-02T08:42:37.737Z","url":"/api/users/me/settings"}
{"duration":"12ms","ip":"::1","level":"info","message":"HTTP Request","method":"GET","statusCode":304,"timestamp":"2026-09-02T08:42:37.742Z","url":"/api/categories"}
{"duration":"16ms","ip":"::1","level":"info","message":"HTTP Request","method":"GET","statusCode":304,"timestamp":"2026-09-02T08:42:37.750Z","url":"/api/dashboard"}
{"duration":"11ms","ip":"::1","level":"info","message":"HTTP Request","method":"GET","statusCode":304,"timestamp":"2026-09-02T08:42:37.753Z","url":"/api/users/me/settings"}
{"duration":"3ms","ip":"::1","level":"info","message":"HTTP Request","method":"GET","statusCode":304,"timestamp":"2026-09-02T08:42:45.129Z","url":"/api/categories"}
{"duration":"14ms","ip":"::1","level":"info","message":"HTTP Request","method":"GET","statusCode":304,"timestamp":"2026-09-02T08:42:45.137Z","url":"/api/transactions?page=1&limit=10"}
{"duration":"12ms","ip":"::1","level":"info","message":"HTTP Request","method":"GET","statusCode":304,"timestamp":"2026-09-02T08:42:45.144Z","url":"/api/categories"}
{"duration":"10ms","ip":"::1","level":"info","message":"HTTP Request","method":"GET","statusCode":304,"timestamp":"2026-09-02T08:42:45.157Z","url":"/api/transactions?page=1&limit=10"}
{"duration":"249ms","ip":"::1","level":"info","message":"HTTP Request","method":"POST","statusCode":200,"timestamp":"2026-09-02T08:47:40.929Z","url":"/api/auth/logout"}
{"duration":"462ms","ip":"::1","level":"info","message":"HTTP Request","method":"POST","statusCode":201,"timestamp":"2026-09-02T08:48:14.096Z","url":"/api/auth/register"}
{"duration":"421ms","ip":"::1","level":"info","message":"HTTP Request","method":"POST","statusCode":200,"timestamp":"2026-09-02T08:48:36.940Z","url":"/api/auth/login"}
{"duration":"8ms","ip":"::1","level":"info","message":"HTTP Request","method":"GET","statusCode":200,"timestamp":"2026-09-02T08:48:36.954Z","url":"/api/auth/me"}
{"duration":"85ms","ip":"::1","level":"info","message":"HTTP Request","method":"GET","statusCode":200,"timestamp":"2026-09-02T08:48:37.123Z","url":"/api/categories"}
{"duration":"11ms","ip":"::1","level":"info","message":"HTTP Request","method":"GET","statusCode":304,"timestamp":"2026-09-02T08:48:37.135Z","url":"/api/categories"}
{"duration":"191ms","ip":"::1","level":"info","message":"HTTP Request","method":"GET","statusCode":304,"timestamp":"2026-09-02T08:48:37.227Z","url":"/api/dashboard"}
{"duration":"14ms","ip":"::1","level":"info","message":"HTTP Request","method":"GET","statusCode":304,"timestamp":"2026-09-02T08:48:37.243Z","url":"/api/dashboard"}
{"duration":"227ms","ip":"::1","level":"info","message":"HTTP Request","method":"GET","statusCode":200,"timestamp":"2026-09-02T08:48:37.274Z","url":"/api/users/me/settings"}
{"duration":"7ms","ip":"::1","level":"info","message":"HTTP Request","method":"GET","statusCode":304,"timestamp":"2026-09-02T08:48:37.282Z","url":"/api/users/me/settings"}
{"duration":"186ms","ip":"::1","level":"info","message":"HTTP Request","method":"GET","statusCode":304,"timestamp":"2026-09-02T08:49:22.822Z","url":"/api/transactions?page=1&limit=10"}
{"duration":"5ms","ip":"::1","level":"info","message":"HTTP Request","method":"GET","statusCode":304,"timestamp":"2026-09-02T08:49:22.828Z","url":"/api/transactions?page=1&limit=10"}
{"duration":"189ms","ip":"::1","level":"info","message":"HTTP Request","method":"GET","statusCode":304,"timestamp":"2026-09-02T08:49:22.830Z","url":"/api/categories"}
{"duration":"4ms","ip":"::1","level":"info","message":"HTTP Request","method":"GET","statusCode":304,"timestamp":"2026-09-02T08:49:22.837Z","url":"/api/categories"}
{"duration":"254ms","ip":"::1","level":"info","message":"HTTP Request","method":"POST","statusCode":201,"timestamp":"2026-09-02T08:49:53.524Z","url":"/api/transactions"}
{"duration":"12ms","ip":"::1","level":"info","message":"HTTP Request","method":"GET","statusCode":200,"timestamp":"2026-09-02T08:49:53.547Z","url":"/api/transactions?page=1&limit=10"}
{"duration":"41ms","ip":"::1","level":"info","message":"HTTP Request","method":"GET","statusCode":200,"timestamp":"2026-09-02T08:49:59.046Z","url":"/api/transactions?page=1&limit=10&type=EXPENSE"}
{"duration":"41ms","ip":"::1","level":"info","message":"HTTP Request","method":"GET","statusCode":200,"timestamp":"2026-09-02T08:50:01.910Z","url":"/api/transactions?page=1&limit=10&type=EXPENSE&categoryId=5dd8e12b-1126-4134-bd2c-7a6d5b70caf0"}
{"duration":"15ms","ip":"::1","level":"info","message":"HTTP Request","method":"GET","statusCode":200,"timestamp":"2026-09-02T08:50:05.959Z","url":"/api/transactions?page=1&limit=10&type=EXPENSE&categoryId=5dd8e12b-1126-4134-bd2c-7a6d5b70caf0&startDate=2026-09-02T07:00:00.000Z"}
{"duration":"11ms","ip":"::1","level":"info","message":"HTTP Request","method":"GET","statusCode":200,"timestamp":"2026-09-02T08:50:09.761Z","url":"/api/transactions?page=1&limit=10&type=EXPENSE&categoryId=5dd8e12b-1126-4134-bd2c-7a6d5b70caf0&startDate=2026-09-02T07:00:00.000Z&endDate=2026-09-03T06:59:59.999Z"}
{"duration":"10ms","ip":"::1","level":"info","message":"HTTP Request","method":"GET","statusCode":304,"timestamp":"2026-09-02T08:50:11.306Z","url":"/api/transactions?page=1&limit=10"}
{"duration":"74ms","ip":"::1","level":"info","message":"HTTP Request","method":"POST","statusCode":201,"timestamp":"2026-09-02T08:50:55.605Z","url":"/api/transactions"}
{"duration":"16ms","ip":"::1","level":"info","message":"HTTP Request","method":"GET","statusCode":200,"timestamp":"2026-09-02T08:50:55.630Z","url":"/api/transactions?page=1&limit=10"}
{"duration":"120ms","ip":"::1","level":"info","message":"HTTP Request","method":"GET","statusCode":304,"timestamp":"2026-09-02T08:50:59.656Z","url":"/api/categories"}
{"duration":"10ms","ip":"::1","level":"info","message":"HTTP Request","method":"GET","statusCode":304,"timestamp":"2026-09-02T08:50:59.668Z","url":"/api/categories"}
{"duration":"163ms","ip":"::1","level":"info","message":"HTTP Request","method":"GET","statusCode":200,"timestamp":"2026-09-02T08:50:59.693Z","url":"/api/dashboard"}
{"duration":"157ms","ip":"::1","level":"info","message":"HTTP Request","method":"GET","statusCode":304,"timestamp":"2026-09-02T08:50:59.703Z","url":"/api/users/me/settings"}
{"duration":"15ms","ip":"::1","level":"info","message":"HTTP Request","method":"GET","statusCode":304,"timestamp":"2026-09-02T08:50:59.712Z","url":"/api/dashboard"}
{"duration":"14ms","ip":"::1","level":"info","message":"HTTP Request","method":"GET","statusCode":304,"timestamp":"2026-09-02T08:50:59.720Z","url":"/api/users/me/settings"}
{"duration":"86ms","ip":"::1","level":"info","message":"HTTP Request","method":"GET","statusCode":304,"timestamp":"2026-09-02T08:51:56.154Z","url":"/api/transactions?page=1&limit=10"}
{"duration":"88ms","ip":"::1","level":"info","message":"HTTP Request","method":"GET","statusCode":304,"timestamp":"2026-09-02T08:51:56.161Z","url":"/api/categories"}
{"duration":"4ms","ip":"::1","level":"info","message":"HTTP Request","method":"GET","statusCode":304,"timestamp":"2026-09-02T08:51:56.170Z","url":"/api/categories"}
{"duration":"14ms","ip":"::1","level":"info","message":"HTTP Request","method":"GET","statusCode":304,"timestamp":"2026-09-02T08:51:56.171Z","url":"/api/transactions?page=1&limit=10"}
{"duration":"76ms","ip":"::1","level":"info","message":"HTTP Request","method":"POST","statusCode":201,"timestamp":"2026-09-02T08:52:25.959Z","url":"/api/transactions"}
{"duration":"11ms","ip":"::1","level":"info","message":"HTTP Request","method":"GET","statusCode":200,"timestamp":"2026-09-02T08:52:25.977Z","url":"/api/transactions?page=1&limit=10"}
{"duration":"131ms","ip":"::1","level":"info","message":"HTTP Request","method":"GET","statusCode":200,"timestamp":"2026-09-02T08:52:28.448Z","url":"/api/dashboard"}
{"duration":"11ms","ip":"::1","level":"info","message":"HTTP Request","method":"GET","statusCode":304,"timestamp":"2026-09-02T08:52:28.460Z","url":"/api/dashboard"}
{"duration":"127ms","ip":"::1","level":"info","message":"HTTP Request","method":"GET","statusCode":304,"timestamp":"2026-09-02T08:52:28.463Z","url":"/api/users/me/settings"}
{"duration":"3ms","ip":"::1","level":"info","message":"HTTP Request","method":"GET","statusCode":304,"timestamp":"2026-09-02T08:52:28.468Z","url":"/api/users/me/settings"}
{"duration":"186ms","ip":"::1","level":"info","message":"HTTP Request","method":"GET","statusCode":304,"timestamp":"2026-09-02T08:52:28.505Z","url":"/api/categories"}
{"duration":"6ms","ip":"::1","level":"info","message":"HTTP Request","method":"GET","statusCode":304,"timestamp":"2026-09-02T08:52:28.512Z","url":"/api/categories"}
{"duration":"100ms","ip":"::1","level":"info","message":"HTTP Request","method":"GET","statusCode":304,"timestamp":"2026-09-02T08:53:26.110Z","url":"/api/transactions?page=1&limit=10"}
{"duration":"96ms","ip":"::1","level":"info","message":"HTTP Request","method":"GET","statusCode":304,"timestamp":"2026-09-02T08:53:26.116Z","url":"/api/categories"}
{"duration":"14ms","ip":"::1","level":"info","message":"HTTP Request","method":"GET","statusCode":304,"timestamp":"2026-09-02T08:53:26.135Z","url":"/api/categories"}
{"duration":"21ms","ip":"::1","level":"info","message":"HTTP Request","method":"GET","statusCode":304,"timestamp":"2026-09-02T08:53:26.138Z","url":"/api/transactions?page=1&limit=10"}
{"duration":"156ms","ip":"::1","level":"info","message":"HTTP Request","method":"GET","statusCode":304,"timestamp":"2026-09-02T08:53:41.309Z","url":"/api/categories"}
{"duration":"8ms","ip":"::1","level":"info","message":"HTTP Request","method":"GET","statusCode":304,"timestamp":"2026-09-02T08:53:41.346Z","url":"/api/categories"}
{"duration":"233ms","ip":"::1","level":"info","message":"HTTP Request","method":"GET","statusCode":304,"timestamp":"2026-09-02T08:53:41.390Z","url":"/api/users/me/settings"}
{"duration":"9ms","ip":"::1","level":"info","message":"HTTP Request","method":"GET","statusCode":304,"timestamp":"2026-09-02T08:53:41.400Z","url":"/api/users/me/settings"}
{"duration":"317ms","ip":"::1","level":"info","message":"HTTP Request","method":"GET","statusCode":304,"timestamp":"2026-09-02T08:53:41.453Z","url":"/api/dashboard"}
{"duration":"16ms","ip":"::1","level":"info","message":"HTTP Request","method":"GET","statusCode":304,"timestamp":"2026-09-02T08:53:41.470Z","url":"/api/dashboard"}
{"duration":"10ms","ip":"::1","level":"info","message":"HTTP Request","method":"GET","statusCode":304,"timestamp":"2026-09-02T08:53:43.025Z","url":"/api/transactions?page=1&limit=10"}
{"duration":"16ms","ip":"::1","level":"info","message":"HTTP Request","method":"GET","statusCode":304,"timestamp":"2026-09-02T08:53:43.027Z","url":"/api/categories"}
{"duration":"13ms","ip":"::1","level":"info","message":"HTTP Request","method":"GET","statusCode":304,"timestamp":"2026-09-02T08:53:43.041Z","url":"/api/transactions?page=1&limit=10"}
{"duration":"11ms","ip":"::1","level":"info","message":"HTTP Request","method":"GET","statusCode":304,"timestamp":"2026-09-02T08:53:43.043Z","url":"/api/categories"}
{"duration":"8ms","ip":"::1","level":"info","message":"HTTP Request","method":"GET","statusCode":200,"timestamp":"2026-09-02T08:53:45.275Z","url":"/api/transactions?page=1&limit=10&categoryId=b5a3b852-5324-4593-90d3-12eaf2036708"}
{"duration":"88ms","ip":"::1","level":"info","message":"HTTP Request","method":"GET","statusCode":304,"timestamp":"2026-09-02T08:53:59.597Z","url":"/api/categories"}
{"duration":"3ms","ip":"::1","level":"info","message":"HTTP Request","method":"GET","statusCode":304,"timestamp":"2026-09-02T08:53:59.602Z","url":"/api/categories"}
{"duration":"96ms","ip":"::1","level":"info","message":"HTTP Request","method":"GET","statusCode":304,"timestamp":"2026-09-02T08:53:59.608Z","url":"/api/users/me/settings"}
{"duration":"9ms","ip":"::1","level":"info","message":"HTTP Request","method":"GET","statusCode":304,"timestamp":"2026-09-02T08:53:59.622Z","url":"/api/users/me/settings"}
{"duration":"174ms","ip":"::1","level":"info","message":"HTTP Request","method":"GET","statusCode":304,"timestamp":"2026-09-02T08:53:59.680Z","url":"/api/dashboard"}
{"duration":"12ms","ip":"::1","level":"info","message":"HTTP Request","method":"GET","statusCode":304,"timestamp":"2026-09-02T08:53:59.693Z","url":"/api/dashboard"}
{"duration":"478ms","ip":"::1","level":"info","message":"HTTP Request","method":"POST","statusCode":200,"timestamp":"2026-09-02T10:13:26.988Z","url":"/api/auth/login"}
{"duration":"9ms","ip":"::1","level":"info","message":"HTTP Request","method":"GET","statusCode":200,"timestamp":"2026-09-02T10:13:27.005Z","url":"/api/auth/me"}
{"duration":"74ms","ip":"::1","level":"info","message":"HTTP Request","method":"GET","statusCode":304,"timestamp":"2026-09-02T10:13:27.158Z","url":"/api/categories"}
{"duration":"4ms","ip":"::1","level":"info","message":"HTTP Request","method":"GET","statusCode":304,"timestamp":"2026-09-02T10:13:27.164Z","url":"/api/categories"}
{"duration":"83ms","ip":"::1","level":"info","message":"HTTP Request","method":"GET","statusCode":200,"timestamp":"2026-09-02T10:13:27.169Z","url":"/api/users/me/settings"}
{"duration":"7ms","ip":"::1","level":"info","message":"HTTP Request","method":"GET","statusCode":304,"timestamp":"2026-09-02T10:13:27.178Z","url":"/api/users/me/settings"}
{"duration":"187ms","ip":"::1","level":"info","message":"HTTP Request","method":"GET","statusCode":200,"timestamp":"2026-09-02T10:13:27.268Z","url":"/api/dashboard"}
{"duration":"12ms","ip":"::1","level":"info","message":"HTTP Request","method":"GET","statusCode":304,"timestamp":"2026-09-02T10:13:27.281Z","url":"/api/dashboard"}
{"duration":"10ms","ip":"::1","level":"info","message":"HTTP Request","method":"GET","statusCode":304,"timestamp":"2026-09-02T10:13:30.125Z","url":"/api/categories"}
{"duration":"3ms","ip":"::1","level":"info","message":"HTTP Request","method":"GET","statusCode":304,"timestamp":"2026-09-02T10:13:30.132Z","url":"/api/categories"}
{"duration":"18ms","ip":"::1","level":"info","message":"HTTP Request","method":"GET","statusCode":200,"timestamp":"2026-09-02T10:13:30.134Z","url":"/api/transactions?page=1&limit=10"}
{"duration":"9ms","ip":"::1","level":"info","message":"HTTP Request","method":"GET","statusCode":304,"timestamp":"2026-09-02T10:13:30.144Z","url":"/api/transactions?page=1&limit=10"}
{"duration":"189ms","ip":"::1","level":"info","message":"HTTP Request","method":"GET","statusCode":304,"timestamp":"2026-09-02T10:25:17.511Z","url":"/api/auth/me"}
{"duration":"68ms","ip":"::1","level":"info","message":"HTTP Request","method":"GET","statusCode":304,"timestamp":"2026-09-02T10:27:12.424Z","url":"/api/categories"}
{"duration":"6ms","ip":"::1","level":"info","message":"HTTP Request","method":"GET","statusCode":304,"timestamp":"2026-09-02T10:27:12.431Z","url":"/api/categories"}
{"duration":"180ms","ip":"::1","level":"info","message":"HTTP Request","method":"GET","statusCode":304,"timestamp":"2026-09-02T10:27:12.530Z","url":"/api/transactions?page=1&limit=10"}
{"duration":"5ms","ip":"::1","level":"info","message":"HTTP Request","method":"GET","statusCode":304,"timestamp":"2026-09-02T10:27:12.535Z","url":"/api/transactions?page=1&limit=10"}
{"duration":"161ms","ip":"::1","level":"info","message":"HTTP Request","method":"GET","statusCode":304,"timestamp":"2026-09-02T10:28:57.839Z","url":"/api/transactions?page=1&limit=10"}
{"duration":"33ms","ip":"::1","level":"info","message":"HTTP Request","method":"GET","statusCode":304,"timestamp":"2026-09-02T10:29:52.715Z","url":"/api/transactions?page=1&limit=10"}
{"duration":"52ms","ip":"::1","level":"info","message":"HTTP Request","method":"GET","statusCode":304,"timestamp":"2026-09-02T10:29:57.842Z","url":"/api/users/me/settings"}
{"duration":"3ms","ip":"::1","level":"info","message":"HTTP Request","method":"GET","statusCode":304,"timestamp":"2026-09-02T10:29:57.845Z","url":"/api/users/me/settings"}
{"duration":"141ms","ip":"::1","level":"info","message":"HTTP Request","method":"GET","statusCode":304,"timestamp":"2026-09-02T10:29:57.930Z","url":"/api/categories"}
{"duration":"2ms","ip":"::1","level":"info","message":"HTTP Request","method":"GET","statusCode":304,"timestamp":"2026-09-02T10:29:57.932Z","url":"/api/categories"}
{"duration":"171ms","ip":"::1","level":"info","message":"HTTP Request","method":"GET","statusCode":304,"timestamp":"2026-09-02T10:29:57.958Z","url":"/api/dashboard"}
{"duration":"7ms","ip":"::1","level":"info","message":"HTTP Request","method":"GET","statusCode":304,"timestamp":"2026-09-02T10:29:57.966Z","url":"/api/dashboard"}
{"duration":"7ms","ip":"::1","level":"info","message":"HTTP Request","method":"GET","statusCode":304,"timestamp":"2026-09-02T10:29:58.096Z","url":"/api/categories"}
{"duration":"9ms","ip":"::1","level":"info","message":"HTTP Request","method":"GET","statusCode":304,"timestamp":"2026-09-02T10:29:58.101Z","url":"/api/transactions?page=1&limit=10"}
{"duration":"4ms","ip":"::1","level":"info","message":"HTTP Request","method":"GET","statusCode":304,"timestamp":"2026-09-02T10:29:58.101Z","url":"/api/categories"}
{"duration":"5ms","ip":"::1","level":"info","message":"HTTP Request","method":"GET","statusCode":304,"timestamp":"2026-09-02T10:29:58.107Z","url":"/api/transactions?page=1&limit=10"}
{"duration":"7ms","ip":"::1","level":"info","message":"HTTP Request","method":"GET","statusCode":200,"timestamp":"2026-09-02T10:29:59.491Z","url":"/api/transactions?page=1&limit=10&categoryId=448f0f8f-6c6f-434b-b64d-05bddab62e41"}
{"duration":"4ms","ip":"::1","level":"info","message":"HTTP Request","method":"GET","statusCode":200,"timestamp":"2026-09-02T10:30:01.952Z","url":"/api/transactions?page=1&limit=10&type=EXPENSE&categoryId=448f0f8f-6c6f-434b-b64d-05bddab62e41"}
{"duration":"3ms","ip":"::1","level":"info","message":"HTTP Request","method":"GET","statusCode":304,"timestamp":"2026-09-02T10:30:03.778Z","url":"/api/transactions?page=1&limit=10"}
{"duration":"70ms","ip":"::1","level":"info","message":"HTTP Request","method":"POST","statusCode":201,"timestamp":"2026-09-02T10:30:30.398Z","url":"/api/transactions"}
{"duration":"6ms","ip":"::1","level":"info","message":"HTTP Request","method":"GET","statusCode":200,"timestamp":"2026-09-02T10:30:30.409Z","url":"/api/transactions?page=1&limit=10"}
{"duration":"97ms","ip":"::1","level":"info","message":"HTTP Request","method":"PATCH","statusCode":200,"timestamp":"2026-09-02T10:30:48.454Z","url":"/api/transactions/3265073a-c6dc-4adc-9288-daaa2407e3e8"}
{"duration":"5ms","ip":"::1","level":"info","message":"HTTP Request","method":"GET","statusCode":200,"timestamp":"2026-09-02T10:30:48.464Z","url":"/api/transactions?page=1&limit=10"}
{"duration":"5ms","ip":"::1","level":"info","message":"HTTP Request","method":"PATCH","statusCode":200,"timestamp":"2026-09-02T10:30:57.808Z","url":"/api/transactions/3265073a-c6dc-4adc-9288-daaa2407e3e8"}
{"duration":"3ms","ip":"::1","level":"info","message":"HTTP Request","method":"GET","statusCode":200,"timestamp":"2026-09-02T10:30:57.816Z","url":"/api/transactions?page=1&limit=10"}
{"duration":"66ms","ip":"::1","level":"info","message":"HTTP Request","method":"GET","statusCode":304,"timestamp":"2026-09-02T10:33:43.122Z","url":"/api/transactions?page=1&limit=10"}
{"duration":"4ms","ip":"::1","level":"info","message":"HTTP Request","method":"GET","statusCode":304,"timestamp":"2026-09-02T10:33:43.127Z","url":"/api/transactions?page=1&limit=10"}
{"duration":"165ms","ip":"::1","level":"info","message":"HTTP Request","method":"GET","statusCode":304,"timestamp":"2026-09-02T10:33:43.225Z","url":"/api/categories"}
{"duration":"2ms","ip":"::1","level":"info","message":"HTTP Request","method":"GET","statusCode":304,"timestamp":"2026-09-02T10:33:43.228Z","url":"/api/categories"}
{"duration":"251ms","ip":"::ffff:127.0.0.1","level":"info","message":"HTTP Request","method":"POST","statusCode":201,"timestamp":"2026-09-02T10:34:39.684Z","url":"/api/auth/register"}
{"duration":"213ms","ip":"::ffff:127.0.0.1","level":"info","message":"HTTP Request","method":"POST","statusCode":200,"timestamp":"2026-09-02T10:34:39.904Z","url":"/api/auth/login"}
{"duration":"1ms","ip":"::ffff:127.0.0.1","level":"info","message":"HTTP Request","method":"GET","statusCode":401,"timestamp":"2026-09-02T10:34:39.908Z","url":"/api/categories"}
{"duration":"212ms","ip":"::ffff:127.0.0.1","level":"info","message":"HTTP Request","method":"POST","statusCode":201,"timestamp":"2026-09-02T10:34:40.127Z","url":"/api/auth/register"}
{"duration":"211ms","ip":"::ffff:127.0.0.1","level":"info","message":"HTTP Request","method":"POST","statusCode":200,"timestamp":"2026-09-02T10:34:40.341Z","url":"/api/auth/login"}
{"duration":"23ms","ip":"::ffff:127.0.0.1","level":"info","message":"HTTP Request","method":"POST","statusCode":201,"timestamp":"2026-09-02T10:34:40.367Z","url":"/api/categories"}
{"duration":"213ms","ip":"::ffff:127.0.0.1","level":"info","message":"HTTP Request","method":"POST","statusCode":201,"timestamp":"2026-09-02T10:34:40.585Z","url":"/api/auth/register"}
{"duration":"209ms","ip":"::ffff:127.0.0.1","level":"info","message":"HTTP Request","method":"POST","statusCode":200,"timestamp":"2026-09-02T10:34:40.797Z","url":"/api/auth/login"}
{"duration":"4ms","ip":"::ffff:127.0.0.1","level":"info","message":"HTTP Request","method":"POST","statusCode":400,"timestamp":"2026-09-02T10:34:40.806Z","url":"/api/categories"}
{"duration":"212ms","ip":"::ffff:127.0.0.1","level":"info","message":"HTTP Request","method":"POST","statusCode":201,"timestamp":"2026-09-02T10:34:41.023Z","url":"/api/auth/register"}
{"duration":"208ms","ip":"::ffff:127.0.0.1","level":"info","message":"HTTP Request","method":"POST","statusCode":200,"timestamp":"2026-09-02T10:34:41.234Z","url":"/api/auth/login"}
{"duration":"5ms","ip":"::ffff:127.0.0.1","level":"info","message":"HTTP Request","method":"POST","statusCode":201,"timestamp":"2026-09-02T10:34:41.243Z","url":"/api/categories"}
{"duration":"6ms","ip":"::ffff:127.0.0.1","level":"info","message":"HTTP Request","method":"POST","statusCode":409,"timestamp":"2026-09-02T10:34:41.251Z","url":"/api/categories"}
{"duration":"212ms","ip":"::ffff:127.0.0.1","level":"info","message":"HTTP Request","method":"POST","statusCode":201,"timestamp":"2026-09-02T10:34:41.468Z","url":"/api/auth/register"}
{"duration":"209ms","ip":"::ffff:127.0.0.1","level":"info","message":"HTTP Request","method":"POST","statusCode":200,"timestamp":"2026-09-02T10:34:41.680Z","url":"/api/auth/login"}
{"duration":"7ms","ip":"::ffff:127.0.0.1","level":"info","message":"HTTP Request","method":"POST","statusCode":201,"timestamp":"2026-09-02T10:34:41.691Z","url":"/api/categories"}
{"duration":"12ms","ip":"::ffff:127.0.0.1","level":"info","message":"HTTP Request","method":"GET","statusCode":200,"timestamp":"2026-09-02T10:34:41.706Z","url":"/api/categories"}
{"duration":"215ms","ip":"::ffff:127.0.0.1","level":"info","message":"HTTP Request","method":"POST","statusCode":201,"timestamp":"2026-09-02T10:34:41.928Z","url":"/api/auth/register"}
{"duration":"208ms","ip":"::ffff:127.0.0.1","level":"info","message":"HTTP Request","method":"POST","statusCode":200,"timestamp":"2026-09-02T10:34:42.138Z","url":"/api/auth/login"}
{"duration":"4ms","ip":"::ffff:127.0.0.1","level":"info","message":"HTTP Request","method":"POST","statusCode":201,"timestamp":"2026-09-02T10:34:42.145Z","url":"/api/categories"}
{"duration":"12ms","ip":"::ffff:127.0.0.1","level":"info","message":"HTTP Request","method":"PATCH","statusCode":200,"timestamp":"2026-09-02T10:34:42.159Z","url":"/api/categories/dcf6d25b-1a58-41ca-9e5c-732b1dce4e53"}
{"duration":"211ms","ip":"::ffff:127.0.0.1","level":"info","message":"HTTP Request","method":"POST","statusCode":201,"timestamp":"2026-09-02T10:34:42.374Z","url":"/api/auth/register"}
{"duration":"209ms","ip":"::ffff:127.0.0.1","level":"info","message":"HTTP Request","method":"POST","statusCode":200,"timestamp":"2026-09-02T10:34:42.586Z","url":"/api/auth/login"}
{"duration":"4ms","ip":"::ffff:127.0.0.1","level":"info","message":"HTTP Request","method":"PATCH","statusCode":400,"timestamp":"2026-09-02T10:34:42.592Z","url":"/api/categories/not-a-uuid"}
{"duration":"228ms","ip":"::ffff:127.0.0.1","level":"info","message":"HTTP Request","method":"POST","statusCode":201,"timestamp":"2026-09-02T10:34:42.826Z","url":"/api/auth/register"}
{"duration":"209ms","ip":"::ffff:127.0.0.1","level":"info","message":"HTTP Request","method":"POST","statusCode":200,"timestamp":"2026-09-02T10:34:43.037Z","url":"/api/auth/login"}
{"duration":"4ms","ip":"::ffff:127.0.0.1","level":"info","message":"HTTP Request","method":"PATCH","statusCode":404,"timestamp":"2026-09-02T10:34:43.043Z","url":"/api/categories/11111111-1111-4111-8111-111111111111"}
{"duration":"211ms","ip":"::ffff:127.0.0.1","level":"info","message":"HTTP Request","method":"POST","statusCode":201,"timestamp":"2026-09-02T10:34:43.258Z","url":"/api/auth/register"}
{"duration":"210ms","ip":"::ffff:127.0.0.1","level":"info","message":"HTTP Request","method":"POST","statusCode":200,"timestamp":"2026-09-02T10:34:43.470Z","url":"/api/auth/login"}
{"duration":"4ms","ip":"::ffff:127.0.0.1","level":"info","message":"HTTP Request","method":"POST","statusCode":201,"timestamp":"2026-09-02T10:34:43.477Z","url":"/api/categories"}
{"duration":"16ms","ip":"::ffff:127.0.0.1","level":"info","message":"HTTP Request","method":"DELETE","statusCode":200,"timestamp":"2026-09-02T10:34:43.495Z","url":"/api/categories/e34c7d02-fe6b-4dbb-80b5-89dea4e73d6e"}
{"duration":"238ms","ip":"::ffff:127.0.0.1","level":"info","message":"HTTP Request","method":"POST","statusCode":201,"timestamp":"2026-09-02T10:35:16.293Z","url":"/api/auth/register"}
{"duration":"212ms","ip":"::ffff:127.0.0.1","level":"info","message":"HTTP Request","method":"POST","statusCode":200,"timestamp":"2026-09-02T10:35:16.511Z","url":"/api/auth/login"}
{"duration":"1ms","ip":"::ffff:127.0.0.1","level":"info","message":"HTTP Request","method":"GET","statusCode":401,"timestamp":"2026-09-02T10:35:16.515Z","url":"/api/categories"}
{"duration":"209ms","ip":"::ffff:127.0.0.1","level":"info","message":"HTTP Request","method":"POST","statusCode":201,"timestamp":"2026-09-02T10:35:16.730Z","url":"/api/auth/register"}
{"duration":"210ms","ip":"::ffff:127.0.0.1","level":"info","message":"HTTP Request","method":"POST","statusCode":200,"timestamp":"2026-09-02T10:35:16.943Z","url":"/api/auth/login"}
{"duration":"19ms","ip":"::ffff:127.0.0.1","level":"info","message":"HTTP Request","method":"POST","statusCode":201,"timestamp":"2026-09-02T10:35:16.967Z","url":"/api/categories"}
{"duration":"211ms","ip":"::ffff:127.0.0.1","level":"info","message":"HTTP Request","method":"POST","statusCode":201,"timestamp":"2026-09-02T10:35:17.183Z","url":"/api/auth/register"}
{"duration":"208ms","ip":"::ffff:127.0.0.1","level":"info","message":"HTTP Request","method":"POST","statusCode":200,"timestamp":"2026-09-02T10:35:17.393Z","url":"/api/auth/login"}
{"duration":"3ms","ip":"::ffff:127.0.0.1","level":"info","message":"HTTP Request","method":"POST","statusCode":400,"timestamp":"2026-09-02T10:35:17.399Z","url":"/api/categories"}
{"duration":"210ms","ip":"::ffff:127.0.0.1","level":"info","message":"HTTP Request","method":"POST","statusCode":201,"timestamp":"2026-09-02T10:35:17.616Z","url":"/api/auth/register"}
{"duration":"207ms","ip":"::ffff:127.0.0.1","level":"info","message":"HTTP Request","method":"POST","statusCode":200,"timestamp":"2026-09-02T10:35:17.826Z","url":"/api/auth/login"}
{"duration":"4ms","ip":"::ffff:127.0.0.1","level":"info","message":"HTTP Request","method":"POST","statusCode":201,"timestamp":"2026-09-02T10:35:17.833Z","url":"/api/categories"}
{"duration":"3ms","ip":"::ffff:127.0.0.1","level":"info","message":"HTTP Request","method":"POST","statusCode":409,"timestamp":"2026-09-02T10:35:17.839Z","url":"/api/categories"}
{"duration":"210ms","ip":"::ffff:127.0.0.1","level":"info","message":"HTTP Request","method":"POST","statusCode":201,"timestamp":"2026-09-02T10:35:18.056Z","url":"/api/auth/register"}
{"duration":"208ms","ip":"::ffff:127.0.0.1","level":"info","message":"HTTP Request","method":"POST","statusCode":200,"timestamp":"2026-09-02T10:35:18.267Z","url":"/api/auth/login"}
{"duration":"6ms","ip":"::ffff:127.0.0.1","level":"info","message":"HTTP Request","method":"POST","statusCode":201,"timestamp":"2026-09-02T10:35:18.276Z","url":"/api/categories"}
{"duration":"9ms","ip":"::ffff:127.0.0.1","level":"info","message":"HTTP Request","method":"GET","statusCode":200,"timestamp":"2026-09-02T10:35:18.288Z","url":"/api/categories"}
{"duration":"209ms","ip":"::ffff:127.0.0.1","level":"info","message":"HTTP Request","method":"POST","statusCode":201,"timestamp":"2026-09-02T10:35:18.504Z","url":"/api/auth/register"}
{"duration":"208ms","ip":"::ffff:127.0.0.1","level":"info","message":"HTTP Request","method":"POST","statusCode":200,"timestamp":"2026-09-02T10:35:18.715Z","url":"/api/auth/login"}
{"duration":"5ms","ip":"::ffff:127.0.0.1","level":"info","message":"HTTP Request","method":"POST","statusCode":201,"timestamp":"2026-09-02T10:35:18.723Z","url":"/api/categories"}
{"duration":"10ms","ip":"::ffff:127.0.0.1","level":"info","message":"HTTP Request","method":"PATCH","statusCode":200,"timestamp":"2026-09-02T10:35:18.736Z","url":"/api/categories/7825d161-9812-48a7-afb1-31f396ffdfd5"}
{"duration":"212ms","ip":"::ffff:127.0.0.1","level":"info","message":"HTTP Request","method":"POST","statusCode":201,"timestamp":"2026-09-02T10:35:18.953Z","url":"/api/auth/register"}
{"duration":"208ms","ip":"::ffff:127.0.0.1","level":"info","message":"HTTP Request","method":"POST","statusCode":200,"timestamp":"2026-09-02T10:35:19.163Z","url":"/api/auth/login"}
{"duration":"3ms","ip":"::ffff:127.0.0.1","level":"info","message":"HTTP Request","method":"PATCH","statusCode":400,"timestamp":"2026-09-02T10:35:19.168Z","url":"/api/categories/not-a-uuid"}
{"duration":"209ms","ip":"::ffff:127.0.0.1","level":"info","message":"HTTP Request","method":"POST","statusCode":201,"timestamp":"2026-09-02T10:35:19.382Z","url":"/api/auth/register"}
{"duration":"209ms","ip":"::ffff:127.0.0.1","level":"info","message":"HTTP Request","method":"POST","statusCode":200,"timestamp":"2026-09-02T10:35:19.593Z","url":"/api/auth/login"}
{"duration":"4ms","ip":"::ffff:127.0.0.1","level":"info","message":"HTTP Request","method":"PATCH","statusCode":404,"timestamp":"2026-09-02T10:35:19.600Z","url":"/api/categories/11111111-1111-4111-8111-111111111111"}
{"duration":"209ms","ip":"::ffff:127.0.0.1","level":"info","message":"HTTP Request","method":"POST","statusCode":201,"timestamp":"2026-09-02T10:35:19.813Z","url":"/api/auth/register"}
{"duration":"209ms","ip":"::ffff:127.0.0.1","level":"info","message":"HTTP Request","method":"POST","statusCode":200,"timestamp":"2026-09-02T10:35:20.024Z","url":"/api/auth/login"}
{"duration":"5ms","ip":"::ffff:127.0.0.1","level":"info","message":"HTTP Request","method":"POST","statusCode":201,"timestamp":"2026-09-02T10:35:20.033Z","url":"/api/categories"}
{"duration":"16ms","ip":"::ffff:127.0.0.1","level":"info","message":"HTTP Request","method":"DELETE","statusCode":200,"timestamp":"2026-09-02T10:35:20.051Z","url":"/api/categories/4ec027da-c373-4ec4-86d6-11f27fa66b94"}
{"duration":"166ms","ip":"::1","level":"info","message":"HTTP Request","method":"GET","statusCode":401,"timestamp":"2026-09-02T10:35:49.158Z","url":"/api/categories"}
{"duration":"173ms","ip":"::1","level":"info","message":"HTTP Request","method":"GET","statusCode":401,"timestamp":"2026-09-02T10:35:49.160Z","url":"/api/transactions?page=1&limit=10"}
{"duration":"2ms","ip":"::1","level":"info","message":"HTTP Request","method":"GET","statusCode":401,"timestamp":"2026-09-02T10:35:49.162Z","url":"/api/categories"}
{"duration":"2ms","ip":"::1","level":"info","message":"HTTP Request","method":"GET","statusCode":401,"timestamp":"2026-09-02T10:35:49.163Z","url":"/api/transactions?page=1&limit=10"}
{"duration":"33ms","ip":"::1","level":"info","message":"HTTP Request","method":"POST","statusCode":401,"timestamp":"2026-09-02T10:36:19.878Z","url":"/api/auth/login"}
{"duration":"2ms","ip":"::1","level":"info","message":"HTTP Request","method":"POST","statusCode":401,"timestamp":"2026-09-02T10:36:23.788Z","url":"/api/auth/login"}
{"duration":"3ms","ip":"::1","level":"info","message":"HTTP Request","method":"POST","statusCode":401,"timestamp":"2026-09-02T10:36:24.481Z","url":"/api/auth/login"}
{"duration":"2ms","ip":"::1","level":"info","message":"HTTP Request","method":"POST","statusCode":401,"timestamp":"2026-09-02T10:36:24.917Z","url":"/api/auth/login"}
{"duration":"2ms","ip":"::1","level":"info","message":"HTTP Request","method":"POST","statusCode":401,"timestamp":"2026-09-02T10:36:25.296Z","url":"/api/auth/login"}
{"duration":"2ms","ip":"::1","level":"info","message":"HTTP Request","method":"POST","statusCode":401,"timestamp":"2026-09-02T10:36:25.467Z","url":"/api/auth/login"}
{"duration":"2ms","ip":"::1","level":"info","message":"HTTP Request","method":"POST","statusCode":401,"timestamp":"2026-09-02T10:36:25.634Z","url":"/api/auth/login"}
{"duration":"1ms","ip":"::1","level":"info","message":"HTTP Request","method":"POST","statusCode":401,"timestamp":"2026-09-02T10:36:25.770Z","url":"/api/auth/login"}
{"duration":"2ms","ip":"::1","level":"info","message":"HTTP Request","method":"POST","statusCode":401,"timestamp":"2026-09-02T10:36:25.892Z","url":"/api/auth/login"}
{"duration":"252ms","ip":"::1","level":"info","message":"HTTP Request","method":"POST","statusCode":201,"timestamp":"2026-09-02T10:36:49.361Z","url":"/api/auth/register"}
{"duration":"4ms","ip":"::1","level":"info","message":"HTTP Request","method":"POST","statusCode":429,"timestamp":"2026-09-02T10:36:53.398Z","url":"/api/auth/login"}
{"duration":"1ms","ip":"::1","level":"info","message":"HTTP Request","method":"POST","statusCode":429,"timestamp":"2026-09-02T10:37:08.426Z","url":"/api/auth/login"}
{"duration":"1ms","ip":"::1","level":"info","message":"HTTP Request","method":"POST","statusCode":429,"timestamp":"2026-09-02T10:37:09.000Z","url":"/api/auth/login"}
{"duration":"1ms","ip":"::1","level":"info","message":"HTTP Request","method":"POST","statusCode":429,"timestamp":"2026-09-02T10:37:09.171Z","url":"/api/auth/login"}
{"duration":"0ms","ip":"::1","level":"info","message":"HTTP Request","method":"POST","statusCode":429,"timestamp":"2026-09-02T10:37:09.307Z","url":"/api/auth/login"}
{"duration":"1ms","ip":"::1","level":"info","message":"HTTP Request","method":"POST","statusCode":429,"timestamp":"2026-09-02T10:37:09.469Z","url":"/api/auth/login"}
{"duration":"1ms","ip":"::1","level":"info","message":"HTTP Request","method":"POST","statusCode":429,"timestamp":"2026-09-02T10:37:09.611Z","url":"/api/auth/login"}
{"duration":"1ms","ip":"::1","level":"info","message":"HTTP Request","method":"POST","statusCode":429,"timestamp":"2026-09-02T10:37:09.768Z","url":"/api/auth/login"}
{"duration":"0ms","ip":"::1","level":"info","message":"HTTP Request","method":"POST","statusCode":429,"timestamp":"2026-09-02T10:37:09.916Z","url":"/api/auth/login"}
{"duration":"1ms","ip":"::1","level":"info","message":"HTTP Request","method":"POST","statusCode":429,"timestamp":"2026-09-02T10:37:10.082Z","url":"/api/auth/login"}
{"duration":"1ms","ip":"::1","level":"info","message":"HTTP Request","method":"POST","statusCode":429,"timestamp":"2026-09-02T10:37:34.847Z","url":"/api/auth/login"}
{"duration":"0ms","ip":"::1","level":"info","message":"HTTP Request","method":"POST","statusCode":429,"timestamp":"2026-09-02T10:38:20.551Z","url":"/api/auth/register"}
{"duration":"188ms","ip":"::1","level":"info","message":"HTTP Request","method":"POST","statusCode":409,"timestamp":"2026-09-02T10:38:37.027Z","url":"/api/auth/register"}
{"duration":"351ms","ip":"::1","level":"info","message":"HTTP Request","method":"POST","statusCode":201,"timestamp":"2026-09-02T10:38:50.869Z","url":"/api/auth/register"}
{"duration":"348ms","ip":"::1","level":"info","message":"HTTP Request","method":"POST","statusCode":200,"timestamp":"2026-09-02T10:39:10.217Z","url":"/api/auth/login"}
{"duration":"6ms","ip":"::1","level":"info","message":"HTTP Request","method":"GET","statusCode":200,"timestamp":"2026-09-02T10:39:10.229Z","url":"/api/auth/me"}
{"duration":"74ms","ip":"::1","level":"info","message":"HTTP Request","method":"GET","statusCode":200,"timestamp":"2026-09-02T10:39:10.351Z","url":"/api/users/me/settings"}
{"duration":"6ms","ip":"::1","level":"info","message":"HTTP Request","method":"GET","statusCode":304,"timestamp":"2026-09-02T10:39:10.358Z","url":"/api/users/me/settings"}
{"duration":"165ms","ip":"::1","level":"info","message":"HTTP Request","method":"GET","statusCode":200,"timestamp":"2026-09-02T10:39:10.440Z","url":"/api/categories"}
{"duration":"3ms","ip":"::1","level":"info","message":"HTTP Request","method":"GET","statusCode":304,"timestamp":"2026-09-02T10:39:10.443Z","url":"/api/categories"}
{"duration":"196ms","ip":"::1","level":"info","message":"HTTP Request","method":"GET","statusCode":304,"timestamp":"2026-09-02T10:39:10.468Z","url":"/api/dashboard"}
{"duration":"7ms","ip":"::1","level":"info","message":"HTTP Request","method":"GET","statusCode":304,"timestamp":"2026-09-02T10:39:10.476Z","url":"/api/dashboard"}
{"duration":"8ms","ip":"::1","level":"info","message":"HTTP Request","method":"GET","statusCode":304,"timestamp":"2026-09-02T10:39:16.354Z","url":"/api/categories"}
{"duration":"14ms","ip":"::1","level":"info","message":"HTTP Request","method":"GET","statusCode":200,"timestamp":"2026-09-02T10:39:16.358Z","url":"/api/transactions?page=1&limit=10"}
{"duration":"4ms","ip":"::1","level":"info","message":"HTTP Request","method":"GET","statusCode":304,"timestamp":"2026-09-02T10:39:16.359Z","url":"/api/categories"}
{"duration":"7ms","ip":"::1","level":"info","message":"HTTP Request","method":"GET","statusCode":304,"timestamp":"2026-09-02T10:39:16.366Z","url":"/api/transactions?page=1&limit=10"}
{"duration":"34ms","ip":"::1","level":"info","message":"HTTP Request","method":"GET","statusCode":304,"timestamp":"2026-09-02T10:39:34.850Z","url":"/api/auth/me"}
{"duration":"9ms","ip":"::1","level":"info","message":"HTTP Request","method":"GET","statusCode":304,"timestamp":"2026-09-02T10:39:36.967Z","url":"/api/transactions?page=1&limit=10"}
{"duration":"6ms","ip":"::1","level":"info","message":"HTTP Request","method":"GET","statusCode":304,"timestamp":"2026-09-02T10:39:36.974Z","url":"/api/transactions?page=1&limit=10"}
{"duration":"38ms","ip":"::1","level":"info","message":"HTTP Request","method":"GET","statusCode":304,"timestamp":"2026-09-02T10:39:36.998Z","url":"/api/categories"}
{"duration":"2ms","ip":"::1","level":"info","message":"HTTP Request","method":"GET","statusCode":304,"timestamp":"2026-09-02T10:39:37.000Z","url":"/api/categories"}
{"duration":"5ms","ip":"::1","level":"info","message":"HTTP Request","method":"GET","statusCode":304,"timestamp":"2026-09-02T10:39:38.240Z","url":"/api/categories"}
{"duration":"9ms","ip":"::1","level":"info","message":"HTTP Request","method":"GET","statusCode":304,"timestamp":"2026-09-02T10:39:38.249Z","url":"/api/users/me/settings"}
{"duration":"4ms","ip":"::1","level":"info","message":"HTTP Request","method":"GET","statusCode":304,"timestamp":"2026-09-02T10:39:38.254Z","url":"/api/users/me/settings"}
{"duration":"48ms","ip":"::1","level":"info","message":"HTTP Request","method":"GET","statusCode":304,"timestamp":"2026-09-02T10:39:38.291Z","url":"/api/categories"}
{"duration":"145ms","ip":"::1","level":"info","message":"HTTP Request","method":"GET","statusCode":304,"timestamp":"2026-09-02T10:39:38.384Z","url":"/api/dashboard"}
{"duration":"6ms","ip":"::1","level":"info","message":"HTTP Request","method":"GET","statusCode":304,"timestamp":"2026-09-02T10:39:38.390Z","url":"/api/dashboard"}
{"duration":"7ms","ip":"::1","level":"info","message":"HTTP Request","method":"GET","statusCode":304,"timestamp":"2026-09-02T10:39:39.194Z","url":"/api/transactions?page=1&limit=10"}
{"duration":"11ms","ip":"::1","level":"info","message":"HTTP Request","method":"GET","statusCode":304,"timestamp":"2026-09-02T10:39:39.200Z","url":"/api/categories"}
{"duration":"3ms","ip":"::1","level":"info","message":"HTTP Request","method":"GET","statusCode":304,"timestamp":"2026-09-02T10:39:39.204Z","url":"/api/categories"}
{"duration":"9ms","ip":"::1","level":"info","message":"HTTP Request","method":"GET","statusCode":304,"timestamp":"2026-09-02T10:39:39.205Z","url":"/api/transactions?page=1&limit=10"}
{"duration":"52ms","ip":"::1","level":"info","message":"HTTP Request","method":"GET","statusCode":304,"timestamp":"2026-09-02T10:40:35.938Z","url":"/api/transactions?page=1&limit=10"}
{"duration":"4ms","ip":"::1","level":"info","message":"HTTP Request","method":"GET","statusCode":304,"timestamp":"2026-09-02T10:40:35.943Z","url":"/api/transactions?page=1&limit=10"}
{"duration":"146ms","ip":"::1","level":"info","message":"HTTP Request","method":"GET","statusCode":304,"timestamp":"2026-09-02T10:40:36.033Z","url":"/api/categories"}
{"duration":"2ms","ip":"::1","level":"info","message":"HTTP Request","method":"GET","statusCode":304,"timestamp":"2026-09-02T10:40:36.036Z","url":"/api/categories"}
{"duration":"143ms","ip":"::1","level":"info","message":"HTTP Request","method":"GET","statusCode":304,"timestamp":"2026-09-02T10:41:03.488Z","url":"/api/auth/me"}
{"duration":"11ms","ip":"::1","level":"info","message":"HTTP Request","method":"GET","statusCode":304,"timestamp":"2026-09-02T10:41:03.780Z","url":"/api/transactions?page=1&limit=10"}
{"duration":"5ms","ip":"::1","level":"info","message":"HTTP Request","method":"GET","statusCode":304,"timestamp":"2026-09-02T10:41:03.786Z","url":"/api/transactions?page=1&limit=10"}
{"duration":"49ms","ip":"::1","level":"info","message":"HTTP Request","method":"GET","statusCode":304,"timestamp":"2026-09-02T10:41:03.819Z","url":"/api/categories"}
{"duration":"2ms","ip":"::1","level":"info","message":"HTTP Request","method":"GET","statusCode":304,"timestamp":"2026-09-02T10:41:03.821Z","url":"/api/categories"}
{"duration":"2ms","ip":"::1","level":"info","message":"HTTP Request","method":"GET","statusCode":304,"timestamp":"2026-09-02T10:41:05.166Z","url":"/api/auth/me"}
{"duration":"5ms","ip":"::1","level":"info","message":"HTTP Request","method":"GET","statusCode":304,"timestamp":"2026-09-02T10:41:05.224Z","url":"/api/categories"}
{"duration":"13ms","ip":"::1","level":"info","message":"HTTP Request","method":"GET","statusCode":304,"timestamp":"2026-09-02T10:41:05.230Z","url":"/api/transactions?page=1&limit=10"}
{"duration":"6ms","ip":"::1","level":"info","message":"HTTP Request","method":"GET","statusCode":304,"timestamp":"2026-09-02T10:41:05.231Z","url":"/api/categories"}
{"duration":"4ms","ip":"::1","level":"info","message":"HTTP Request","method":"GET","statusCode":304,"timestamp":"2026-09-02T10:41:05.236Z","url":"/api/transactions?page=1&limit=10"}
{"duration":"63ms","ip":"::1","level":"info","message":"HTTP Request","method":"GET","statusCode":304,"timestamp":"2026-09-02T10:42:08.249Z","url":"/api/auth/me"}
{"duration":"12ms","ip":"::1","level":"info","message":"HTTP Request","method":"GET","statusCode":304,"timestamp":"2026-09-02T10:42:08.404Z","url":"/api/transactions?page=1&limit=10"}
{"duration":"8ms","ip":"::1","level":"info","message":"HTTP Request","method":"GET","statusCode":304,"timestamp":"2026-09-02T10:42:08.414Z","url":"/api/transactions?page=1&limit=10"}
{"duration":"48ms","ip":"::1","level":"info","message":"HTTP Request","method":"GET","statusCode":200,"timestamp":"2026-09-02T10:42:08.442Z","url":"/api/categories"}
{"duration":"4ms","ip":"::1","level":"info","message":"HTTP Request","method":"GET","statusCode":304,"timestamp":"2026-09-02T10:42:08.447Z","url":"/api/categories"}
{"duration":"6ms","ip":"::1","level":"info","message":"HTTP Request","method":"GET","statusCode":304,"timestamp":"2026-09-02T10:42:11.226Z","url":"/api/categories"}
{"duration":"11ms","ip":"::1","level":"info","message":"HTTP Request","method":"GET","statusCode":304,"timestamp":"2026-09-02T10:42:11.229Z","url":"/api/transactions?page=1&limit=10"}
{"duration":"5ms","ip":"::1","level":"info","message":"HTTP Request","method":"GET","statusCode":304,"timestamp":"2026-09-02T10:42:11.232Z","url":"/api/categories"}
{"duration":"4ms","ip":"::1","level":"info","message":"HTTP Request","method":"GET","statusCode":304,"timestamp":"2026-09-02T10:42:11.235Z","url":"/api/transactions?page=1&limit=10"}
{"duration":"9ms","ip":"::1","level":"info","message":"HTTP Request","method":"GET","statusCode":304,"timestamp":"2026-09-02T10:42:13.682Z","url":"/api/categories"}
{"duration":"4ms","ip":"::1","level":"info","message":"HTTP Request","method":"GET","statusCode":304,"timestamp":"2026-09-02T10:42:13.687Z","url":"/api/categories"}
{"duration":"144ms","ip":"::1","level":"info","message":"HTTP Request","method":"GET","statusCode":304,"timestamp":"2026-09-02T10:42:13.816Z","url":"/api/dashboard"}
{"duration":"145ms","ip":"::1","level":"info","message":"HTTP Request","method":"GET","statusCode":304,"timestamp":"2026-09-02T10:42:13.819Z","url":"/api/users/me/settings"}
{"duration":"3ms","ip":"::1","level":"info","message":"HTTP Request","method":"GET","statusCode":304,"timestamp":"2026-09-02T10:42:13.822Z","url":"/api/users/me/settings"}
{"duration":"5ms","ip":"::1","level":"info","message":"HTTP Request","method":"GET","statusCode":304,"timestamp":"2026-09-02T10:42:13.822Z","url":"/api/dashboard"}
{"duration":"6ms","ip":"::1","level":"info","message":"HTTP Request","method":"GET","statusCode":304,"timestamp":"2026-09-02T10:42:15.044Z","url":"/api/transactions?page=1&limit=10"}
{"duration":"10ms","ip":"::1","level":"info","message":"HTTP Request","method":"GET","statusCode":304,"timestamp":"2026-09-02T10:42:15.046Z","url":"/api/categories"}
{"duration":"4ms","ip":"::1","level":"info","message":"HTTP Request","method":"GET","statusCode":304,"timestamp":"2026-09-02T10:42:15.051Z","url":"/api/transactions?page=1&limit=10"}
{"duration":"4ms","ip":"::1","level":"info","message":"HTTP Request","method":"GET","statusCode":304,"timestamp":"2026-09-02T10:42:15.052Z","url":"/api/categories"}
{"duration":"44ms","ip":"::1","level":"info","message":"HTTP Request","method":"GET","statusCode":304,"timestamp":"2026-09-02T10:42:36.249Z","url":"/api/categories"}
{"duration":"48ms","ip":"::1","level":"info","message":"HTTP Request","method":"GET","statusCode":304,"timestamp":"2026-09-02T10:42:36.252Z","url":"/api/transactions?page=1&limit=10"}
{"duration":"3ms","ip":"::1","level":"info","message":"HTTP Request","method":"GET","statusCode":304,"timestamp":"2026-09-02T10:42:36.253Z","url":"/api/categories"}
{"duration":"9ms","ip":"::1","level":"info","message":"HTTP Request","method":"GET","statusCode":304,"timestamp":"2026-09-02T10:42:36.264Z","url":"/api/transactions?page=1&limit=10"}
{"duration":"42ms","ip":"::1","level":"info","message":"HTTP Request","method":"POST","statusCode":201,"timestamp":"2026-09-02T10:42:59.496Z","url":"/api/transactions"}
{"duration":"7ms","ip":"::1","level":"info","message":"HTTP Request","method":"GET","statusCode":200,"timestamp":"2026-09-02T10:42:59.509Z","url":"/api/transactions?page=1&limit=10"}
{"duration":"47ms","ip":"::1","level":"info","message":"HTTP Request","method":"GET","statusCode":304,"timestamp":"2026-09-02T10:43:01.568Z","url":"/api/categories"}
{"duration":"50ms","ip":"::1","level":"info","message":"HTTP Request","method":"GET","statusCode":304,"timestamp":"2026-09-02T10:43:01.572Z","url":"/api/users/me/settings"}
{"duration":"2ms","ip":"::1","level":"info","message":"HTTP Request","method":"GET","statusCode":304,"timestamp":"2026-09-02T10:43:01.573Z","url":"/api/categories"}
{"duration":"7ms","ip":"::1","level":"info","message":"HTTP Request","method":"GET","statusCode":304,"timestamp":"2026-09-02T10:43:01.580Z","url":"/api/users/me/settings"}
{"duration":"162ms","ip":"::1","level":"info","message":"HTTP Request","method":"GET","statusCode":200,"timestamp":"2026-09-02T10:43:01.680Z","url":"/api/dashboard"}
{"duration":"7ms","ip":"::1","level":"info","message":"HTTP Request","method":"GET","statusCode":304,"timestamp":"2026-09-02T10:43:01.688Z","url":"/api/dashboard"}
{"duration":"42ms","ip":"::1","level":"info","message":"HTTP Request","method":"GET","statusCode":304,"timestamp":"2026-09-02T10:44:27.581Z","url":"/api/categories"}
{"duration":"47ms","ip":"::1","level":"info","message":"HTTP Request","method":"GET","statusCode":304,"timestamp":"2026-09-02T10:44:27.584Z","url":"/api/transactions?page=1&limit=10"}
{"duration":"2ms","ip":"::1","level":"info","message":"HTTP Request","method":"GET","statusCode":304,"timestamp":"2026-09-02T10:44:27.584Z","url":"/api/categories"}
{"duration":"6ms","ip":"::1","level":"info","message":"HTTP Request","method":"GET","statusCode":304,"timestamp":"2026-09-02T10:44:27.590Z","url":"/api/transactions?page=1&limit=10"}
{"duration":"10ms","ip":"::1","level":"info","message":"HTTP Request","method":"GET","statusCode":200,"timestamp":"2026-09-02T10:44:29.626Z","url":"/api/transactions?page=1&limit=10&type=INCOME"}
{"duration":"5ms","ip":"::1","level":"info","message":"HTTP Request","method":"GET","statusCode":304,"timestamp":"2026-09-02T10:44:31.562Z","url":"/api/transactions?page=1&limit=10"}
{"duration":"42ms","ip":"::1","level":"info","message":"HTTP Request","method":"POST","statusCode":201,"timestamp":"2026-09-02T10:45:04.650Z","url":"/api/transactions"}
{"duration":"8ms","ip":"::1","level":"info","message":"HTTP Request","method":"GET","statusCode":200,"timestamp":"2026-09-02T10:45:04.662Z","url":"/api/transactions?page=1&limit=10"}
{"duration":"53ms","ip":"::1","level":"info","message":"HTTP Request","method":"GET","statusCode":304,"timestamp":"2026-09-02T10:45:07.676Z","url":"/api/categories"}
{"duration":"4ms","ip":"::1","level":"info","message":"HTTP Request","method":"GET","statusCode":304,"timestamp":"2026-09-02T10:45:07.682Z","url":"/api/categories"}
{"duration":"154ms","ip":"::1","level":"info","message":"HTTP Request","method":"GET","statusCode":304,"timestamp":"2026-09-02T10:45:07.780Z","url":"/api/users/me/settings"}
{"duration":"2ms","ip":"::1","level":"info","message":"HTTP Request","method":"GET","statusCode":304,"timestamp":"2026-09-02T10:45:07.783Z","url":"/api/users/me/settings"}
{"duration":"176ms","ip":"::1","level":"info","message":"HTTP Request","method":"GET","statusCode":200,"timestamp":"2026-09-02T10:45:07.796Z","url":"/api/dashboard"}
{"duration":"12ms","ip":"::1","level":"info","message":"HTTP Request","method":"GET","statusCode":304,"timestamp":"2026-09-02T10:45:07.809Z","url":"/api/dashboard"}
{"duration":"41ms","ip":"::1","level":"info","message":"HTTP Request","method":"GET","statusCode":304,"timestamp":"2026-09-02T10:45:21.065Z","url":"/api/transactions?page=1&limit=10"}
{"duration":"2ms","ip":"::1","level":"info","message":"HTTP Request","method":"GET","statusCode":304,"timestamp":"2026-09-02T10:45:21.068Z","url":"/api/transactions?page=1&limit=10"}
{"duration":"152ms","ip":"::1","level":"info","message":"HTTP Request","method":"GET","statusCode":304,"timestamp":"2026-09-02T10:45:21.179Z","url":"/api/categories"}
{"duration":"2ms","ip":"::1","level":"info","message":"HTTP Request","method":"GET","statusCode":304,"timestamp":"2026-09-02T10:45:21.182Z","url":"/api/categories"}
{"duration":"7ms","ip":"::1","level":"info","message":"HTTP Request","method":"GET","statusCode":304,"timestamp":"2026-09-02T10:45:22.416Z","url":"/api/categories"}
{"duration":"13ms","ip":"::1","level":"info","message":"HTTP Request","method":"GET","statusCode":304,"timestamp":"2026-09-02T10:45:22.419Z","url":"/api/transactions?page=1&limit=10"}
{"duration":"5ms","ip":"::1","level":"info","message":"HTTP Request","method":"GET","statusCode":304,"timestamp":"2026-09-02T10:45:22.422Z","url":"/api/categories"}
{"duration":"9ms","ip":"::1","level":"info","message":"HTTP Request","method":"GET","statusCode":304,"timestamp":"2026-09-02T10:45:22.429Z","url":"/api/transactions?page=1&limit=10"}
{"duration":"5ms","ip":"::1","level":"info","message":"HTTP Request","method":"GET","statusCode":304,"timestamp":"2026-09-02T10:45:25.413Z","url":"/api/categories"}
{"duration":"9ms","ip":"::1","level":"info","message":"HTTP Request","method":"GET","statusCode":304,"timestamp":"2026-09-02T10:45:25.414Z","url":"/api/transactions?page=1&limit=10"}
{"duration":"5ms","ip":"::1","level":"info","message":"HTTP Request","method":"GET","statusCode":304,"timestamp":"2026-09-02T10:45:25.419Z","url":"/api/categories"}
{"duration":"7ms","ip":"::1","level":"info","message":"HTTP Request","method":"GET","statusCode":304,"timestamp":"2026-09-02T10:45:25.423Z","url":"/api/transactions?page=1&limit=10"}
{"duration":"6ms","ip":"::1","level":"info","message":"HTTP Request","method":"GET","statusCode":304,"timestamp":"2026-09-02T10:45:35.195Z","url":"/api/categories"}
{"duration":"3ms","ip":"::1","level":"info","message":"HTTP Request","method":"GET","statusCode":304,"timestamp":"2026-09-02T10:45:35.199Z","url":"/api/categories"}
{"duration":"29ms","ip":"::1","level":"info","message":"HTTP Request","method":"GET","statusCode":304,"timestamp":"2026-09-02T10:46:21.723Z","url":"/api/categories"}
{"duration":"47ms","ip":"::1","level":"info","message":"HTTP Request","method":"GET","statusCode":304,"timestamp":"2026-09-02T10:51:21.732Z","url":"/api/categories"}
{"duration":"46ms","ip":"::1","level":"info","message":"HTTP Request","method":"GET","statusCode":304,"timestamp":"2026-09-02T10:51:21.733Z","url":"/api/users/me/settings"}
{"duration":"179ms","ip":"::1","level":"info","message":"HTTP Request","method":"GET","statusCode":304,"timestamp":"2026-09-02T10:51:21.865Z","url":"/api/dashboard"}
{"duration":"44ms","ip":"::1","level":"info","message":"HTTP Request","method":"GET","statusCode":304,"timestamp":"2026-09-02T10:51:47.627Z","url":"/api/categories"}
{"duration":"48ms","ip":"::1","level":"info","message":"HTTP Request","method":"GET","statusCode":304,"timestamp":"2026-09-02T10:51:47.635Z","url":"/api/users/me/settings"}
{"duration":"184ms","ip":"::1","level":"info","message":"HTTP Request","method":"GET","statusCode":304,"timestamp":"2026-09-02T10:51:47.770Z","url":"/api/dashboard"}
{"duration":"43ms","ip":"::1","level":"info","message":"HTTP Request","method":"GET","statusCode":304,"timestamp":"2026-09-02T10:52:16.727Z","url":"/api/categories"}
{"duration":"57ms","ip":"::1","level":"info","message":"HTTP Request","method":"GET","statusCode":304,"timestamp":"2026-09-02T10:52:16.744Z","url":"/api/users/me/settings"}
{"duration":"86ms","ip":"::1","level":"info","message":"HTTP Request","method":"GET","statusCode":304,"timestamp":"2026-09-02T10:52:16.772Z","url":"/api/dashboard"}
{"duration":"46ms","ip":"::1","level":"info","message":"HTTP Request","method":"POST","statusCode":201,"timestamp":"2026-09-02T10:53:01.068Z","url":"/api/categories"}
{"duration":"5ms","ip":"::1","level":"info","message":"HTTP Request","method":"GET","statusCode":200,"timestamp":"2026-09-02T10:53:01.077Z","url":"/api/categories"}
{"duration":"35ms","ip":"::1","level":"info","message":"HTTP Request","method":"GET","statusCode":304,"timestamp":"2026-09-02T10:53:01.110Z","url":"/api/users/me/settings"}
{"duration":"66ms","ip":"::1","level":"info","message":"HTTP Request","method":"GET","statusCode":304,"timestamp":"2026-09-02T10:53:01.139Z","url":"/api/dashboard"}
{"duration":"19ms","ip":"::1","level":"info","message":"HTTP Request","method":"GET","statusCode":304,"timestamp":"2026-09-02T10:53:08.298Z","url":"/api/categories"}
{"duration":"20ms","ip":"::1","level":"info","message":"HTTP Request","method":"GET","statusCode":304,"timestamp":"2026-09-02T10:53:08.304Z","url":"/api/users/me/settings"}
{"duration":"6ms","ip":"::1","level":"info","message":"HTTP Request","method":"GET","statusCode":304,"timestamp":"2026-09-02T10:53:08.306Z","url":"/api/categories"}
{"duration":"12ms","ip":"::1","level":"info","message":"HTTP Request","method":"GET","statusCode":304,"timestamp":"2026-09-02T10:53:08.319Z","url":"/api/users/me/settings"}
{"duration":"67ms","ip":"::1","level":"info","message":"HTTP Request","method":"GET","statusCode":304,"timestamp":"2026-09-02T10:53:08.341Z","url":"/api/dashboard"}
{"duration":"8ms","ip":"::1","level":"info","message":"HTTP Request","method":"GET","statusCode":304,"timestamp":"2026-09-02T10:53:08.351Z","url":"/api/dashboard"}
{"duration":"9ms","ip":"::1","level":"info","message":"HTTP Request","method":"GET","statusCode":304,"timestamp":"2026-09-02T10:53:10.418Z","url":"/api/categories"}
{"duration":"8ms","ip":"::1","level":"info","message":"HTTP Request","method":"GET","statusCode":304,"timestamp":"2026-09-02T10:53:10.419Z","url":"/api/dashboard"}
{"duration":"8ms","ip":"::1","level":"info","message":"HTTP Request","method":"GET","statusCode":304,"timestamp":"2026-09-02T10:53:10.420Z","url":"/api/users/me/settings"}
{"duration":"5ms","ip":"::1","level":"info","message":"HTTP Request","method":"GET","statusCode":304,"timestamp":"2026-09-02T10:53:10.426Z","url":"/api/dashboard"}
{"duration":"7ms","ip":"::1","level":"info","message":"HTTP Request","method":"GET","statusCode":304,"timestamp":"2026-09-02T10:53:10.427Z","url":"/api/categories"}
{"duration":"5ms","ip":"::1","level":"info","message":"HTTP Request","method":"GET","statusCode":304,"timestamp":"2026-09-02T10:53:10.427Z","url":"/api/users/me/settings"}
{"duration":"8ms","ip":"::1","level":"info","message":"HTTP Request","method":"GET","statusCode":304,"timestamp":"2026-09-02T10:53:13.434Z","url":"/api/dashboard"}
{"duration":"7ms","ip":"::1","level":"info","message":"HTTP Request","method":"GET","statusCode":304,"timestamp":"2026-09-02T10:53:13.435Z","url":"/api/categories"}
{"duration":"6ms","ip":"::1","level":"info","message":"HTTP Request","method":"GET","statusCode":304,"timestamp":"2026-09-02T10:53:13.435Z","url":"/api/users/me/settings"}
{"duration":"6ms","ip":"::1","level":"info","message":"HTTP Request","method":"GET","statusCode":304,"timestamp":"2026-09-02T10:53:13.441Z","url":"/api/dashboard"}
{"duration":"4ms","ip":"::1","level":"info","message":"HTTP Request","method":"GET","statusCode":304,"timestamp":"2026-09-02T10:53:13.441Z","url":"/api/categories"}
{"duration":"5ms","ip":"::1","level":"info","message":"HTTP Request","method":"GET","statusCode":304,"timestamp":"2026-09-02T10:53:13.443Z","url":"/api/users/me/settings"}
{"duration":"37ms","ip":"::1","level":"info","message":"HTTP Request","method":"GET","statusCode":304,"timestamp":"2026-09-02T10:57:08.444Z","url":"/api/auth/me"}
{"duration":"247ms","ip":"::ffff:127.0.0.1","level":"info","message":"HTTP Request","method":"POST","statusCode":201,"timestamp":"2026-09-02T11:00:43.017Z","url":"/api/auth/register"}
{"duration":"219ms","ip":"::ffff:127.0.0.1","level":"info","message":"HTTP Request","method":"POST","statusCode":200,"timestamp":"2026-09-02T11:00:43.243Z","url":"/api/auth/login"}
{"duration":"1ms","ip":"::ffff:127.0.0.1","level":"info","message":"HTTP Request","method":"GET","statusCode":401,"timestamp":"2026-09-02T11:00:43.247Z","url":"/api/users/me"}
{"duration":"227ms","ip":"::ffff:127.0.0.1","level":"info","message":"HTTP Request","method":"POST","statusCode":201,"timestamp":"2026-09-02T11:00:43.482Z","url":"/api/auth/register"}
{"duration":"210ms","ip":"::ffff:127.0.0.1","level":"info","message":"HTTP Request","method":"POST","statusCode":200,"timestamp":"2026-09-02T11:00:43.695Z","url":"/api/auth/login"}
{"duration":"13ms","ip":"::ffff:127.0.0.1","level":"info","message":"HTTP Request","method":"GET","statusCode":200,"timestamp":"2026-09-02T11:00:43.711Z","url":"/api/users/me"}
{"duration":"211ms","ip":"::ffff:127.0.0.1","level":"info","message":"HTTP Request","method":"POST","statusCode":201,"timestamp":"2026-09-02T11:00:43.927Z","url":"/api/auth/register"}
{"duration":"209ms","ip":"::ffff:127.0.0.1","level":"info","message":"HTTP Request","method":"POST","statusCode":200,"timestamp":"2026-09-02T11:00:44.139Z","url":"/api/auth/login"}
{"duration":"8ms","ip":"::ffff:127.0.0.1","level":"info","message":"HTTP Request","method":"PATCH","statusCode":200,"timestamp":"2026-09-02T11:00:44.150Z","url":"/api/users/me"}
{"duration":"227ms","ip":"::ffff:127.0.0.1","level":"info","message":"HTTP Request","method":"POST","statusCode":201,"timestamp":"2026-09-02T11:00:44.384Z","url":"/api/auth/register"}
{"duration":"212ms","ip":"::ffff:127.0.0.1","level":"info","message":"HTTP Request","method":"POST","statusCode":200,"timestamp":"2026-09-02T11:00:44.601Z","url":"/api/auth/login"}
{"duration":"5ms","ip":"::ffff:127.0.0.1","level":"info","message":"HTTP Request","method":"PATCH","statusCode":200,"timestamp":"2026-09-02T11:00:44.610Z","url":"/api/users/me"}
{"duration":"210ms","ip":"::ffff:127.0.0.1","level":"info","message":"HTTP Request","method":"POST","statusCode":201,"timestamp":"2026-09-02T11:00:44.827Z","url":"/api/auth/register"}
{"duration":"224ms","ip":"::ffff:127.0.0.1","level":"info","message":"HTTP Request","method":"POST","statusCode":200,"timestamp":"2026-09-02T11:00:45.054Z","url":"/api/auth/login"}
{"duration":"661ms","ip":"::ffff:127.0.0.1","level":"info","message":"HTTP Request","method":"PATCH","statusCode":200,"timestamp":"2026-09-02T11:00:45.719Z","url":"/api/users/me/password"}
{"duration":"213ms","ip":"::ffff:127.0.0.1","level":"info","message":"HTTP Request","method":"POST","statusCode":201,"timestamp":"2026-09-02T11:00:45.941Z","url":"/api/auth/register"}
{"duration":"215ms","ip":"::ffff:127.0.0.1","level":"info","message":"HTTP Request","method":"POST","statusCode":200,"timestamp":"2026-09-02T11:00:46.159Z","url":"/api/auth/login"}
{"duration":"226ms","ip":"::ffff:127.0.0.1","level":"info","message":"HTTP Request","method":"PATCH","statusCode":400,"timestamp":"2026-09-02T11:00:46.388Z","url":"/api/users/me/password"}
{"duration":"211ms","ip":"::ffff:127.0.0.1","level":"info","message":"HTTP Request","method":"POST","statusCode":201,"timestamp":"2026-09-02T11:00:46.605Z","url":"/api/auth/register"}
{"duration":"210ms","ip":"::ffff:127.0.0.1","level":"info","message":"HTTP Request","method":"POST","statusCode":200,"timestamp":"2026-09-02T11:00:46.818Z","url":"/api/auth/login"}
{"duration":"4ms","ip":"::ffff:127.0.0.1","level":"info","message":"HTTP Request","method":"PATCH","statusCode":400,"timestamp":"2026-09-02T11:00:46.826Z","url":"/api/users/me/password"}
{"duration":"138ms","ip":"::1","level":"info","message":"HTTP Request","method":"GET","statusCode":401,"timestamp":"2026-09-02T11:01:33.421Z","url":"/api/dashboard"}
{"duration":"4ms","ip":"::1","level":"info","message":"HTTP Request","method":"GET","statusCode":401,"timestamp":"2026-09-02T11:01:33.428Z","url":"/api/dashboard"}
{"duration":"159ms","ip":"::1","level":"info","message":"HTTP Request","method":"GET","statusCode":401,"timestamp":"2026-09-02T11:01:33.516Z","url":"/api/categories"}
{"duration":"157ms","ip":"::1","level":"info","message":"HTTP Request","method":"GET","statusCode":401,"timestamp":"2026-09-02T11:01:33.517Z","url":"/api/users/me/settings"}
{"duration":"12ms","ip":"::1","level":"info","message":"HTTP Request","method":"GET","statusCode":401,"timestamp":"2026-09-02T11:01:33.530Z","url":"/api/categories"}
{"duration":"4ms","ip":"::1","level":"info","message":"HTTP Request","method":"GET","statusCode":401,"timestamp":"2026-09-02T11:01:33.531Z","url":"/api/users/me/settings"}
{"duration":"245ms","ip":"::ffff:127.0.0.1","level":"info","message":"HTTP Request","method":"POST","statusCode":201,"timestamp":"2026-09-02T11:01:39.560Z","url":"/api/auth/register"}
{"duration":"214ms","ip":"::ffff:127.0.0.1","level":"info","message":"HTTP Request","method":"POST","statusCode":200,"timestamp":"2026-09-02T11:01:39.787Z","url":"/api/auth/login"}
{"duration":"0ms","ip":"::ffff:127.0.0.1","level":"info","message":"HTTP Request","method":"GET","statusCode":401,"timestamp":"2026-09-02T11:01:39.791Z","url":"/api/users/me"}
{"duration":"211ms","ip":"::ffff:127.0.0.1","level":"info","message":"HTTP Request","method":"POST","statusCode":201,"timestamp":"2026-09-02T11:01:40.009Z","url":"/api/auth/register"}
{"duration":"209ms","ip":"::ffff:127.0.0.1","level":"info","message":"HTTP Request","method":"POST","statusCode":200,"timestamp":"2026-09-02T11:01:40.221Z","url":"/api/auth/login"}
{"duration":"18ms","ip":"::ffff:127.0.0.1","level":"info","message":"HTTP Request","method":"GET","statusCode":200,"timestamp":"2026-09-02T11:01:40.242Z","url":"/api/users/me"}
{"duration":"211ms","ip":"::ffff:127.0.0.1","level":"info","message":"HTTP Request","method":"POST","statusCode":201,"timestamp":"2026-09-02T11:01:40.458Z","url":"/api/auth/register"}
{"duration":"210ms","ip":"::ffff:127.0.0.1","level":"info","message":"HTTP Request","method":"POST","statusCode":200,"timestamp":"2026-09-02T11:01:40.670Z","url":"/api/auth/login"}
{"duration":"7ms","ip":"::ffff:127.0.0.1","level":"info","message":"HTTP Request","method":"PATCH","statusCode":200,"timestamp":"2026-09-02T11:01:40.681Z","url":"/api/users/me"}
{"duration":"213ms","ip":"::ffff:127.0.0.1","level":"info","message":"HTTP Request","method":"POST","statusCode":201,"timestamp":"2026-09-02T11:01:40.903Z","url":"/api/auth/register"}
{"duration":"210ms","ip":"::ffff:127.0.0.1","level":"info","message":"HTTP Request","method":"POST","statusCode":200,"timestamp":"2026-09-02T11:01:41.116Z","url":"/api/auth/login"}
{"duration":"7ms","ip":"::ffff:127.0.0.1","level":"info","message":"HTTP Request","method":"PATCH","statusCode":200,"timestamp":"2026-09-02T11:01:41.128Z","url":"/api/users/me"}
{"duration":"212ms","ip":"::ffff:127.0.0.1","level":"info","message":"HTTP Request","method":"POST","statusCode":201,"timestamp":"2026-09-02T11:01:41.346Z","url":"/api/auth/register"}
{"duration":"209ms","ip":"::ffff:127.0.0.1","level":"info","message":"HTTP Request","method":"POST","statusCode":200,"timestamp":"2026-09-02T11:01:41.558Z","url":"/api/auth/login"}
{"duration":"630ms","ip":"::ffff:127.0.0.1","level":"info","message":"HTTP Request","method":"PATCH","statusCode":200,"timestamp":"2026-09-02T11:01:42.191Z","url":"/api/users/me/password"}
{"duration":"211ms","ip":"::ffff:127.0.0.1","level":"info","message":"HTTP Request","method":"POST","statusCode":201,"timestamp":"2026-09-02T11:01:42.406Z","url":"/api/auth/register"}
{"duration":"209ms","ip":"::ffff:127.0.0.1","level":"info","message":"HTTP Request","method":"POST","statusCode":200,"timestamp":"2026-09-02T11:01:42.618Z","url":"/api/auth/login"}
{"duration":"212ms","ip":"::ffff:127.0.0.1","level":"info","message":"HTTP Request","method":"PATCH","statusCode":400,"timestamp":"2026-09-02T11:01:42.834Z","url":"/api/users/me/password"}
{"duration":"210ms","ip":"::ffff:127.0.0.1","level":"info","message":"HTTP Request","method":"POST","statusCode":201,"timestamp":"2026-09-02T11:01:43.050Z","url":"/api/auth/register"}
{"duration":"210ms","ip":"::ffff:127.0.0.1","level":"info","message":"HTTP Request","method":"POST","statusCode":200,"timestamp":"2026-09-02T11:01:43.263Z","url":"/api/auth/login"}
{"duration":"3ms","ip":"::ffff:127.0.0.1","level":"info","message":"HTTP Request","method":"PATCH","statusCode":400,"timestamp":"2026-09-02T11:01:43.268Z","url":"/api/users/me/password"}
{"duration":"36ms","ip":"::1","level":"info","message":"HTTP Request","method":"POST","statusCode":401,"timestamp":"2026-09-02T11:01:55.703Z","url":"/api/auth/login"}
{"duration":"240ms","ip":"::ffff:127.0.0.1","level":"info","message":"HTTP Request","method":"POST","statusCode":201,"timestamp":"2026-09-02T11:02:15.549Z","url":"/api/auth/register"}
{"duration":"219ms","ip":"::ffff:127.0.0.1","level":"info","message":"HTTP Request","method":"POST","statusCode":200,"timestamp":"2026-09-02T11:02:15.775Z","url":"/api/auth/login"}
{"duration":"0ms","ip":"::ffff:127.0.0.1","level":"info","message":"HTTP Request","method":"GET","statusCode":401,"timestamp":"2026-09-02T11:02:15.779Z","url":"/api/users/me"}
{"duration":"219ms","ip":"::ffff:127.0.0.1","level":"info","message":"HTTP Request","method":"POST","statusCode":201,"timestamp":"2026-09-02T11:02:16.008Z","url":"/api/auth/register"}
{"duration":"258ms","ip":"::ffff:127.0.0.1","level":"info","message":"HTTP Request","method":"POST","statusCode":200,"timestamp":"2026-09-02T11:02:16.273Z","url":"/api/auth/login"}
{"duration":"30ms","ip":"::ffff:127.0.0.1","level":"info","message":"HTTP Request","method":"GET","statusCode":200,"timestamp":"2026-09-02T11:02:16.313Z","url":"/api/users/me"}
{"duration":"226ms","ip":"::ffff:127.0.0.1","level":"info","message":"HTTP Request","method":"POST","statusCode":201,"timestamp":"2026-09-02T11:02:16.555Z","url":"/api/auth/register"}
{"duration":"219ms","ip":"::ffff:127.0.0.1","level":"info","message":"HTTP Request","method":"POST","statusCode":200,"timestamp":"2026-09-02T11:02:16.778Z","url":"/api/auth/login"}
{"duration":"12ms","ip":"::ffff:127.0.0.1","level":"info","message":"HTTP Request","method":"PATCH","statusCode":200,"timestamp":"2026-09-02T11:02:16.794Z","url":"/api/users/me"}
{"duration":"222ms","ip":"::ffff:127.0.0.1","level":"info","message":"HTTP Request","method":"POST","statusCode":201,"timestamp":"2026-09-02T11:02:17.022Z","url":"/api/auth/register"}
{"duration":"222ms","ip":"::ffff:127.0.0.1","level":"info","message":"HTTP Request","method":"POST","statusCode":200,"timestamp":"2026-09-02T11:02:17.247Z","url":"/api/auth/login"}
{"duration":"10ms","ip":"::ffff:127.0.0.1","level":"info","message":"HTTP Request","method":"PATCH","statusCode":200,"timestamp":"2026-09-02T11:02:17.261Z","url":"/api/users/me"}
{"duration":"239ms","ip":"::ffff:127.0.0.1","level":"info","message":"HTTP Request","method":"POST","statusCode":201,"timestamp":"2026-09-02T11:02:17.506Z","url":"/api/auth/register"}
{"duration":"230ms","ip":"::ffff:127.0.0.1","level":"info","message":"HTTP Request","method":"POST","statusCode":200,"timestamp":"2026-09-02T11:02:17.742Z","url":"/api/auth/login"}
{"duration":"689ms","ip":"::ffff:127.0.0.1","level":"info","message":"HTTP Request","method":"PATCH","statusCode":200,"timestamp":"2026-09-02T11:02:18.435Z","url":"/api/users/me/password"}
{"duration":"237ms","ip":"::ffff:127.0.0.1","level":"info","message":"HTTP Request","method":"POST","statusCode":201,"timestamp":"2026-09-02T11:02:18.685Z","url":"/api/auth/register"}
{"duration":"234ms","ip":"::ffff:127.0.0.1","level":"info","message":"HTTP Request","method":"POST","statusCode":200,"timestamp":"2026-09-02T11:02:18.928Z","url":"/api/auth/login"}
{"duration":"245ms","ip":"::ffff:127.0.0.1","level":"info","message":"HTTP Request","method":"PATCH","statusCode":400,"timestamp":"2026-09-02T11:02:19.177Z","url":"/api/users/me/password"}
{"duration":"222ms","ip":"::ffff:127.0.0.1","level":"info","message":"HTTP Request","method":"POST","statusCode":201,"timestamp":"2026-09-02T11:02:19.407Z","url":"/api/auth/register"}
{"duration":"216ms","ip":"::ffff:127.0.0.1","level":"info","message":"HTTP Request","method":"POST","statusCode":200,"timestamp":"2026-09-02T11:02:19.625Z","url":"/api/auth/login"}
{"duration":"3ms","ip":"::ffff:127.0.0.1","level":"info","message":"HTTP Request","method":"PATCH","statusCode":400,"timestamp":"2026-09-02T11:02:19.631Z","url":"/api/users/me/password"}
{"duration":"370ms","ip":"::1","level":"info","message":"HTTP Request","method":"POST","statusCode":201,"timestamp":"2026-09-02T11:03:44.279Z","url":"/api/auth/register"}
{"duration":"211ms","ip":"::1","level":"info","message":"HTTP Request","method":"POST","statusCode":200,"timestamp":"2026-09-02T11:03:52.576Z","url":"/api/auth/login"}
{"duration":"3ms","ip":"::1","level":"info","message":"HTTP Request","method":"GET","statusCode":200,"timestamp":"2026-09-02T11:03:52.584Z","url":"/api/auth/me"}
{"duration":"66ms","ip":"::1","level":"info","message":"HTTP Request","method":"GET","statusCode":200,"timestamp":"2026-09-02T11:03:52.690Z","url":"/api/categories"}
{"duration":"3ms","ip":"::1","level":"info","message":"HTTP Request","method":"GET","statusCode":304,"timestamp":"2026-09-02T11:03:52.696Z","url":"/api/categories"}
{"duration":"72ms","ip":"::1","level":"info","message":"HTTP Request","method":"GET","statusCode":200,"timestamp":"2026-09-02T11:03:52.697Z","url":"/api/users/me/settings"}
{"duration":"3ms","ip":"::1","level":"info","message":"HTTP Request","method":"GET","statusCode":304,"timestamp":"2026-09-02T11:03:52.701Z","url":"/api/users/me/settings"}
{"duration":"166ms","ip":"::1","level":"info","message":"HTTP Request","method":"GET","statusCode":200,"timestamp":"2026-09-02T11:03:52.788Z","url":"/api/dashboard"}
{"duration":"7ms","ip":"::1","level":"info","message":"HTTP Request","method":"GET","statusCode":304,"timestamp":"2026-09-02T11:03:52.796Z","url":"/api/dashboard"}
{"duration":"10ms","ip":"::1","level":"info","message":"HTTP Request","method":"GET","statusCode":304,"timestamp":"2026-09-02T11:03:55.245Z","url":"/api/categories"}
{"duration":"9ms","ip":"::1","level":"info","message":"HTTP Request","method":"GET","statusCode":304,"timestamp":"2026-09-02T11:03:55.246Z","url":"/api/dashboard"}
{"duration":"13ms","ip":"::1","level":"info","message":"HTTP Request","method":"GET","statusCode":304,"timestamp":"2026-09-02T11:03:55.252Z","url":"/api/users/me/settings"}
{"duration":"8ms","ip":"::1","level":"info","message":"HTTP Request","method":"GET","statusCode":304,"timestamp":"2026-09-02T11:03:55.255Z","url":"/api/categories"}
{"duration":"12ms","ip":"::1","level":"info","message":"HTTP Request","method":"GET","statusCode":304,"timestamp":"2026-09-02T11:03:55.261Z","url":"/api/dashboard"}
{"duration":"9ms","ip":"::1","level":"info","message":"HTTP Request","method":"GET","statusCode":304,"timestamp":"2026-09-02T11:03:55.262Z","url":"/api/users/me/settings"}
{"duration":"6ms","ip":"::1","level":"info","message":"HTTP Request","method":"GET","statusCode":200,"timestamp":"2026-09-02T11:03:59.189Z","url":"/api/users/me"}
{"duration":"4ms","ip":"::1","level":"info","message":"HTTP Request","method":"GET","statusCode":304,"timestamp":"2026-09-02T11:03:59.194Z","url":"/api/users/me"}
{"duration":"178ms","ip":"::1","level":"info","message":"HTTP Request","method":"GET","statusCode":304,"timestamp":"2026-09-02T11:07:34.638Z","url":"/api/auth/me"}
{"duration":"290ms","ip":"::1","level":"info","message":"HTTP Request","method":"GET","statusCode":304,"timestamp":"2026-09-02T11:09:42.039Z","url":"/api/auth/me"}
{"duration":"41ms","ip":"::1","level":"info","message":"HTTP Request","method":"GET","statusCode":304,"timestamp":"2026-09-02T11:11:43.735Z","url":"/api/users/me/settings"}
{"duration":"7ms","ip":"::1","level":"info","message":"HTTP Request","method":"GET","statusCode":304,"timestamp":"2026-09-02T11:11:43.743Z","url":"/api/users/me/settings"}
{"duration":"243ms","ip":"::ffff:127.0.0.1","level":"info","message":"HTTP Request","method":"POST","statusCode":201,"timestamp":"2026-09-02T11:12:13.647Z","url":"/api/auth/register"}
{"duration":"216ms","ip":"::ffff:127.0.0.1","level":"info","message":"HTTP Request","method":"POST","statusCode":200,"timestamp":"2026-09-02T11:12:13.870Z","url":"/api/auth/login"}
{"duration":"1ms","ip":"::ffff:127.0.0.1","level":"info","message":"HTTP Request","method":"GET","statusCode":401,"timestamp":"2026-09-02T11:12:13.875Z","url":"/api/users/me/settings"}
{"duration":"215ms","ip":"::ffff:127.0.0.1","level":"info","message":"HTTP Request","method":"POST","statusCode":201,"timestamp":"2026-09-02T11:12:14.096Z","url":"/api/auth/register"}
{"duration":"212ms","ip":"::ffff:127.0.0.1","level":"info","message":"HTTP Request","method":"POST","statusCode":200,"timestamp":"2026-09-02T11:12:14.311Z","url":"/api/auth/login"}
{"duration":"15ms","ip":"::ffff:127.0.0.1","level":"info","message":"HTTP Request","method":"GET","statusCode":200,"timestamp":"2026-09-02T11:12:14.329Z","url":"/api/users/me/settings"}
{"duration":"214ms","ip":"::ffff:127.0.0.1","level":"info","message":"HTTP Request","method":"POST","statusCode":201,"timestamp":"2026-09-02T11:12:14.548Z","url":"/api/auth/register"}
{"duration":"213ms","ip":"::ffff:127.0.0.1","level":"info","message":"HTTP Request","method":"POST","statusCode":200,"timestamp":"2026-09-02T11:12:14.764Z","url":"/api/auth/login"}
{"duration":"7ms","ip":"::ffff:127.0.0.1","level":"info","message":"HTTP Request","method":"GET","statusCode":200,"timestamp":"2026-09-02T11:12:14.774Z","url":"/api/users/me/settings"}
{"duration":"10ms","ip":"::ffff:127.0.0.1","level":"info","message":"HTTP Request","method":"PATCH","statusCode":200,"timestamp":"2026-09-02T11:12:14.787Z","url":"/api/users/me/settings"}
{"duration":"214ms","ip":"::ffff:127.0.0.1","level":"info","message":"HTTP Request","method":"POST","statusCode":201,"timestamp":"2026-09-02T11:12:15.006Z","url":"/api/auth/register"}
{"duration":"213ms","ip":"::ffff:127.0.0.1","level":"info","message":"HTTP Request","method":"POST","statusCode":200,"timestamp":"2026-09-02T11:12:15.221Z","url":"/api/auth/login"}
{"duration":"2ms","ip":"::ffff:127.0.0.1","level":"info","message":"HTTP Request","method":"PATCH","statusCode":400,"timestamp":"2026-09-02T11:12:15.226Z","url":"/api/users/me/settings"}
{"duration":"214ms","ip":"::ffff:127.0.0.1","level":"info","message":"HTTP Request","method":"POST","statusCode":201,"timestamp":"2026-09-02T11:12:15.445Z","url":"/api/auth/register"}
{"duration":"213ms","ip":"::ffff:127.0.0.1","level":"info","message":"HTTP Request","method":"POST","statusCode":200,"timestamp":"2026-09-02T11:12:15.661Z","url":"/api/auth/login"}
{"duration":"9ms","ip":"::ffff:127.0.0.1","level":"info","message":"HTTP Request","method":"POST","statusCode":201,"timestamp":"2026-09-02T11:12:15.672Z","url":"/api/users/me/settings"}
{"duration":"85ms","ip":"::ffff:127.0.0.1","level":"info","message":"HTTP Request","method":"POST","statusCode":409,"timestamp":"2026-09-02T11:12:15.759Z","url":"/api/users/me/settings"}
{"duration":"213ms","ip":"::ffff:127.0.0.1","level":"info","message":"HTTP Request","method":"POST","statusCode":201,"timestamp":"2026-09-02T11:12:16.011Z","url":"/api/auth/register"}
{"duration":"211ms","ip":"::ffff:127.0.0.1","level":"info","message":"HTTP Request","method":"POST","statusCode":200,"timestamp":"2026-09-02T11:12:16.224Z","url":"/api/auth/login"}
{"duration":"5ms","ip":"::ffff:127.0.0.1","level":"info","message":"HTTP Request","method":"PATCH","statusCode":404,"timestamp":"2026-09-02T11:12:16.231Z","url":"/api/users/me/settings"}
{"duration":"150ms","ip":"::1","level":"info","message":"HTTP Request","method":"GET","statusCode":401,"timestamp":"2026-09-02T11:13:00.833Z","url":"/api/users/me/settings"}
{"duration":"283ms","ip":"::1","level":"info","message":"HTTP Request","method":"POST","statusCode":201,"timestamp":"2026-09-02T11:14:21.443Z","url":"/api/auth/register"}
{"duration":"213ms","ip":"::1","level":"info","message":"HTTP Request","method":"POST","statusCode":200,"timestamp":"2026-09-02T11:14:26.421Z","url":"/api/auth/login"}
{"duration":"3ms","ip":"::1","level":"info","message":"HTTP Request","method":"GET","statusCode":200,"timestamp":"2026-09-02T11:14:26.429Z","url":"/api/auth/me"}
{"duration":"57ms","ip":"::1","level":"info","message":"HTTP Request","method":"GET","statusCode":200,"timestamp":"2026-09-02T11:14:26.570Z","url":"/api/categories"}
{"duration":"5ms","ip":"::1","level":"info","message":"HTTP Request","method":"GET","statusCode":304,"timestamp":"2026-09-02T11:14:26.576Z","url":"/api/categories"}
{"duration":"196ms","ip":"::1","level":"info","message":"HTTP Request","method":"GET","statusCode":304,"timestamp":"2026-09-02T11:14:26.663Z","url":"/api/dashboard"}
{"duration":"161ms","ip":"::1","level":"info","message":"HTTP Request","method":"GET","statusCode":200,"timestamp":"2026-09-02T11:14:26.674Z","url":"/api/users/me/settings"}
{"duration":"11ms","ip":"::1","level":"info","message":"HTTP Request","method":"GET","statusCode":304,"timestamp":"2026-09-02T11:14:26.675Z","url":"/api/dashboard"}
{"duration":"6ms","ip":"::1","level":"info","message":"HTTP Request","method":"GET","statusCode":304,"timestamp":"2026-09-02T11:14:26.682Z","url":"/api/users/me/settings"}
{"duration":"14ms","ip":"::1","level":"info","message":"HTTP Request","method":"GET","statusCode":304,"timestamp":"2026-09-02T11:14:28.472Z","url":"/api/categories"}
{"duration":"3ms","ip":"::1","level":"info","message":"HTTP Request","method":"GET","statusCode":304,"timestamp":"2026-09-02T11:14:28.478Z","url":"/api/categories"}
{"duration":"20ms","ip":"::1","level":"info","message":"HTTP Request","method":"GET","statusCode":200,"timestamp":"2026-09-02T11:14:28.480Z","url":"/api/transactions?page=1&limit=10"}
{"duration":"3ms","ip":"::1","level":"info","message":"HTTP Request","method":"GET","statusCode":304,"timestamp":"2026-09-02T11:14:28.484Z","url":"/api/transactions?page=1&limit=10"}
{"duration":"12ms","ip":"::1","level":"info","message":"HTTP Request","method":"GET","statusCode":304,"timestamp":"2026-09-02T11:14:29.620Z","url":"/api/categories"}
{"duration":"14ms","ip":"::1","level":"info","message":"HTTP Request","method":"GET","statusCode":304,"timestamp":"2026-09-02T11:14:29.625Z","url":"/api/dashboard"}
{"duration":"13ms","ip":"::1","level":"info","message":"HTTP Request","method":"GET","statusCode":304,"timestamp":"2026-09-02T11:14:29.627Z","url":"/api/users/me/settings"}
{"duration":"9ms","ip":"::1","level":"info","message":"HTTP Request","method":"GET","statusCode":304,"timestamp":"2026-09-02T11:14:29.632Z","url":"/api/categories"}
{"duration":"6ms","ip":"::1","level":"info","message":"HTTP Request","method":"GET","statusCode":304,"timestamp":"2026-09-02T11:14:29.633Z","url":"/api/dashboard"}
{"duration":"9ms","ip":"::1","level":"info","message":"HTTP Request","method":"GET","statusCode":304,"timestamp":"2026-09-02T11:14:29.638Z","url":"/api/users/me/settings"}
{"duration":"4ms","ip":"::1","level":"info","message":"HTTP Request","method":"GET","statusCode":304,"timestamp":"2026-09-02T11:14:30.982Z","url":"/api/users/me/settings"}
{"duration":"3ms","ip":"::1","level":"info","message":"HTTP Request","method":"GET","statusCode":304,"timestamp":"2026-09-02T11:14:30.986Z","url":"/api/users/me/settings"}
{"duration":"13ms","ip":"::1","level":"info","message":"HTTP Request","method":"PATCH","statusCode":200,"timestamp":"2026-09-02T11:14:36.484Z","url":"/api/users/me/settings"}
{"duration":"6ms","ip":"::1","level":"info","message":"HTTP Request","method":"GET","statusCode":200,"timestamp":"2026-09-02T11:14:41.755Z","url":"/api/users/me"}
{"duration":"3ms","ip":"::1","level":"info","message":"HTTP Request","method":"GET","statusCode":304,"timestamp":"2026-09-02T11:14:41.759Z","url":"/api/users/me"}
{"duration":"77ms","ip":"::1","level":"info","message":"HTTP Request","method":"GET","statusCode":200,"timestamp":"2026-09-02T11:14:47.113Z","url":"/api/users/me/settings"}
{"duration":"79ms","ip":"::1","level":"info","message":"HTTP Request","method":"GET","statusCode":304,"timestamp":"2026-09-02T11:14:47.114Z","url":"/api/categories"}
{"duration":"15ms","ip":"::1","level":"info","message":"HTTP Request","method":"GET","statusCode":304,"timestamp":"2026-09-02T11:14:47.130Z","url":"/api/users/me/settings"}
{"duration":"18ms","ip":"::1","level":"info","message":"HTTP Request","method":"GET","statusCode":304,"timestamp":"2026-09-02T11:14:47.136Z","url":"/api/categories"}
{"duration":"116ms","ip":"::1","level":"info","message":"HTTP Request","method":"GET","statusCode":304,"timestamp":"2026-09-02T11:14:47.149Z","url":"/api/dashboard"}
{"duration":"10ms","ip":"::1","level":"info","message":"HTTP Request","method":"GET","statusCode":304,"timestamp":"2026-09-02T11:14:47.160Z","url":"/api/dashboard"}
{"duration":"5ms","ip":"::1","level":"info","message":"HTTP Request","method":"GET","statusCode":304,"timestamp":"2026-09-02T11:14:49.181Z","url":"/api/users/me/settings"}
{"duration":"3ms","ip":"::1","level":"info","message":"HTTP Request","method":"GET","statusCode":304,"timestamp":"2026-09-02T11:14:49.184Z","url":"/api/users/me/settings"}
{"duration":"4ms","ip":"::1","level":"info","message":"HTTP Request","method":"POST","statusCode":200,"timestamp":"2026-09-02T11:14:52.154Z","url":"/api/auth/logout"}
{"duration":"209ms","ip":"::1","level":"info","message":"HTTP Request","method":"POST","statusCode":200,"timestamp":"2026-09-02T11:14:57.004Z","url":"/api/auth/login"}
{"duration":"2ms","ip":"::1","level":"info","message":"HTTP Request","method":"GET","statusCode":304,"timestamp":"2026-09-02T11:14:57.009Z","url":"/api/auth/me"}
{"duration":"12ms","ip":"::1","level":"info","message":"HTTP Request","method":"GET","statusCode":304,"timestamp":"2026-09-02T11:14:57.061Z","url":"/api/categories"}
{"duration":"12ms","ip":"::1","level":"info","message":"HTTP Request","method":"GET","statusCode":304,"timestamp":"2026-09-02T11:14:57.063Z","url":"/api/users/me/settings"}
{"duration":"7ms","ip":"::1","level":"info","message":"HTTP Request","method":"GET","statusCode":304,"timestamp":"2026-09-02T11:14:57.070Z","url":"/api/categories"}
{"duration":"7ms","ip":"::1","level":"info","message":"HTTP Request","method":"GET","statusCode":304,"timestamp":"2026-09-02T11:14:57.072Z","url":"/api/users/me/settings"}
{"duration":"43ms","ip":"::1","level":"info","message":"HTTP Request","method":"GET","statusCode":304,"timestamp":"2026-09-02T11:14:57.091Z","url":"/api/dashboard"}
{"duration":"5ms","ip":"::1","level":"info","message":"HTTP Request","method":"GET","statusCode":304,"timestamp":"2026-09-02T11:14:57.097Z","url":"/api/dashboard"}
{"duration":"168ms","ip":"::1","level":"info","message":"HTTP Request","method":"GET","statusCode":304,"timestamp":"2026-09-02T11:15:10.511Z","url":"/api/auth/me"}
{"duration":"45ms","ip":"::1","level":"info","message":"HTTP Request","method":"GET","statusCode":304,"timestamp":"2026-09-02T11:15:10.640Z","url":"/api/users/me/settings"}
{"duration":"2ms","ip":"::1","level":"info","message":"HTTP Request","method":"GET","statusCode":304,"timestamp":"2026-09-02T11:15:10.643Z","url":"/api/users/me/settings"}
{"duration":"137ms","ip":"::1","level":"info","message":"HTTP Request","method":"GET","statusCode":304,"timestamp":"2026-09-02T11:15:10.731Z","url":"/api/categories"}
{"duration":"2ms","ip":"::1","level":"info","message":"HTTP Request","method":"GET","statusCode":304,"timestamp":"2026-09-02T11:15:10.734Z","url":"/api/categories"}
{"duration":"151ms","ip":"::1","level":"info","message":"HTTP Request","method":"GET","statusCode":304,"timestamp":"2026-09-02T11:15:10.744Z","url":"/api/dashboard"}
{"duration":"8ms","ip":"::1","level":"info","message":"HTTP Request","method":"GET","statusCode":304,"timestamp":"2026-09-02T11:15:10.753Z","url":"/api/dashboard"}
{"duration":"4ms","ip":"::1","level":"info","message":"HTTP Request","method":"GET","statusCode":304,"timestamp":"2026-09-02T11:15:13.209Z","url":"/api/transactions?page=1&limit=10"}
{"duration":"8ms","ip":"::1","level":"info","message":"HTTP Request","method":"GET","statusCode":304,"timestamp":"2026-09-02T11:15:13.210Z","url":"/api/categories"}
{"duration":"4ms","ip":"::1","level":"info","message":"HTTP Request","method":"GET","statusCode":304,"timestamp":"2026-09-02T11:15:13.216Z","url":"/api/categories"}
{"duration":"6ms","ip":"::1","level":"info","message":"HTTP Request","method":"GET","statusCode":304,"timestamp":"2026-09-02T11:15:13.217Z","url":"/api/transactions?page=1&limit=10"}
{"duration":"3ms","ip":"::1","level":"info","message":"HTTP Request","method":"GET","statusCode":304,"timestamp":"2026-09-02T11:15:13.860Z","url":"/api/categories"}
{"duration":"8ms","ip":"::1","level":"info","message":"HTTP Request","method":"GET","statusCode":304,"timestamp":"2026-09-02T11:15:13.869Z","url":"/api/categories"}
{"duration":"8ms","ip":"::1","level":"info","message":"HTTP Request","method":"GET","statusCode":304,"timestamp":"2026-09-02T11:15:13.870Z","url":"/api/dashboard"}
{"duration":"12ms","ip":"::1","level":"info","message":"HTTP Request","method":"GET","statusCode":304,"timestamp":"2026-09-02T11:15:13.876Z","url":"/api/users/me/settings"}
{"duration":"6ms","ip":"::1","level":"info","message":"HTTP Request","method":"GET","statusCode":304,"timestamp":"2026-09-02T11:15:13.877Z","url":"/api/dashboard"}
{"duration":"4ms","ip":"::1","level":"info","message":"HTTP Request","method":"GET","statusCode":304,"timestamp":"2026-09-02T11:15:13.882Z","url":"/api/users/me/settings"}
{"duration":"3ms","ip":"::1","level":"info","message":"HTTP Request","method":"GET","statusCode":304,"timestamp":"2026-09-02T11:15:14.721Z","url":"/api/users/me/settings"}
{"duration":"3ms","ip":"::1","level":"info","message":"HTTP Request","method":"GET","statusCode":304,"timestamp":"2026-09-02T11:15:14.724Z","url":"/api/users/me/settings"}
{"duration":"36ms","ip":"::1","level":"info","message":"HTTP Request","method":"PATCH","statusCode":200,"timestamp":"2026-09-02T11:15:33.101Z","url":"/api/users/me/settings"}
{"duration":"7ms","ip":"::1","level":"info","message":"HTTP Request","method":"GET","statusCode":200,"timestamp":"2026-09-02T11:15:36.491Z","url":"/api/users/me/settings"}
{"duration":"2ms","ip":"::1","level":"info","message":"HTTP Request","method":"GET","statusCode":304,"timestamp":"2026-09-02T11:15:36.496Z","url":"/api/users/me/settings"}
{"duration":"39ms","ip":"::1","level":"info","message":"HTTP Request","method":"GET","statusCode":304,"timestamp":"2026-09-02T11:15:36.528Z","url":"/api/categories"}
{"duration":"2ms","ip":"::1","level":"info","message":"HTTP Request","method":"GET","statusCode":304,"timestamp":"2026-09-02T11:15:36.533Z","url":"/api/categories"}
{"duration":"80ms","ip":"::1","level":"info","message":"HTTP Request","method":"GET","statusCode":304,"timestamp":"2026-09-02T11:15:36.567Z","url":"/api/dashboard"}
{"duration":"9ms","ip":"::1","level":"info","message":"HTTP Request","method":"GET","statusCode":304,"timestamp":"2026-09-02T11:15:36.577Z","url":"/api/dashboard"}
{"duration":"101ms","ip":"::1","level":"info","message":"HTTP Request","method":"GET","statusCode":304,"timestamp":"2026-09-02T11:18:24.147Z","url":"/api/auth/me"}
{"duration":"82ms","ip":"::1","level":"info","message":"HTTP Request","method":"GET","statusCode":304,"timestamp":"2026-09-02T11:18:24.340Z","url":"/api/categories"}
{"duration":"81ms","ip":"::1","level":"info","message":"HTTP Request","method":"GET","statusCode":304,"timestamp":"2026-09-02T11:18:24.341Z","url":"/api/users/me/settings"}
{"duration":"10ms","ip":"::1","level":"info","message":"HTTP Request","method":"GET","statusCode":304,"timestamp":"2026-09-02T11:18:24.352Z","url":"/api/categories"}
{"duration":"8ms","ip":"::1","level":"info","message":"HTTP Request","method":"GET","statusCode":304,"timestamp":"2026-09-02T11:18:24.354Z","url":"/api/users/me/settings"}
{"duration":"117ms","ip":"::1","level":"info","message":"HTTP Request","method":"GET","statusCode":304,"timestamp":"2026-09-02T11:18:24.372Z","url":"/api/dashboard"}
{"duration":"10ms","ip":"::1","level":"info","message":"HTTP Request","method":"GET","statusCode":304,"timestamp":"2026-09-02T11:18:24.383Z","url":"/api/dashboard"}
{"duration":"438ms","ip":"::ffff:127.0.0.1","level":"info","message":"HTTP Request","method":"POST","statusCode":201,"timestamp":"2026-09-02T11:22:34.570Z","url":"/api/auth/register"}
{"duration":"368ms","ip":"::ffff:127.0.0.1","level":"info","message":"HTTP Request","method":"POST","statusCode":200,"timestamp":"2026-09-02T11:22:34.953Z","url":"/api/auth/login"}
{"duration":"2ms","ip":"::ffff:127.0.0.1","level":"info","message":"HTTP Request","method":"GET","statusCode":401,"timestamp":"2026-09-02T11:22:34.960Z","url":"/api/account/status"}
{"duration":"365ms","ip":"::ffff:127.0.0.1","level":"info","message":"HTTP Request","method":"POST","statusCode":201,"timestamp":"2026-09-02T11:22:35.339Z","url":"/api/auth/register"}
{"duration":"362ms","ip":"::ffff:127.0.0.1","level":"info","message":"HTTP Request","method":"POST","statusCode":200,"timestamp":"2026-09-02T11:22:35.707Z","url":"/api/auth/login"}
{"duration":"35ms","ip":"::ffff:127.0.0.1","level":"info","message":"HTTP Request","method":"GET","statusCode":200,"timestamp":"2026-09-02T11:22:35.749Z","url":"/api/account/status"}
{"duration":"367ms","ip":"::ffff:127.0.0.1","level":"info","message":"HTTP Request","method":"POST","statusCode":201,"timestamp":"2026-09-02T11:22:36.125Z","url":"/api/auth/register"}
{"duration":"363ms","ip":"::ffff:127.0.0.1","level":"info","message":"HTTP Request","method":"POST","statusCode":200,"timestamp":"2026-09-02T11:22:36.496Z","url":"/api/auth/login"}
{"duration":"18ms","ip":"::ffff:127.0.0.1","level":"info","message":"HTTP Request","method":"DELETE","statusCode":200,"timestamp":"2026-09-02T11:22:36.519Z","url":"/api/account/delete"}
{"duration":"383ms","ip":"::ffff:127.0.0.1","level":"info","message":"HTTP Request","method":"POST","statusCode":201,"timestamp":"2026-09-02T11:22:36.914Z","url":"/api/auth/register"}
{"duration":"367ms","ip":"::ffff:127.0.0.1","level":"info","message":"HTTP Request","method":"POST","statusCode":200,"timestamp":"2026-09-02T11:22:37.286Z","url":"/api/auth/login"}
{"duration":"16ms","ip":"::ffff:127.0.0.1","level":"info","message":"HTTP Request","method":"DELETE","statusCode":200,"timestamp":"2026-09-02T11:22:37.306Z","url":"/api/account/delete"}
{"duration":"8ms","ip":"::ffff:127.0.0.1","level":"info","message":"HTTP Request","method":"DELETE","statusCode":403,"timestamp":"2026-09-02T11:22:37.319Z","url":"/api/account/delete"}
{"duration":"78ms","ip":"::1","level":"info","message":"HTTP Request","method":"GET","statusCode":401,"timestamp":"2026-09-02T11:23:02.923Z","url":"/api/categories"}
{"duration":"2ms","ip":"::1","level":"info","message":"HTTP Request","method":"GET","statusCode":401,"timestamp":"2026-09-02T11:23:02.927Z","url":"/api/categories"}
{"duration":"185ms","ip":"::1","level":"info","message":"HTTP Request","method":"GET","statusCode":401,"timestamp":"2026-09-02T11:23:03.020Z","url":"/api/transactions?page=1&limit=10"}
{"duration":"4ms","ip":"::1","level":"info","message":"HTTP Request","method":"GET","statusCode":401,"timestamp":"2026-09-02T11:23:03.027Z","url":"/api/transactions?page=1&limit=10"}
{"duration":"441ms","ip":"::1","level":"info","message":"HTTP Request","method":"POST","statusCode":201,"timestamp":"2026-09-02T11:23:36.471Z","url":"/api/auth/register"}
{"duration":"369ms","ip":"::1","level":"info","message":"HTTP Request","method":"POST","statusCode":200,"timestamp":"2026-09-02T11:23:41.492Z","url":"/api/auth/login"}
{"duration":"5ms","ip":"::1","level":"info","message":"HTTP Request","method":"GET","statusCode":200,"timestamp":"2026-09-02T11:23:41.504Z","url":"/api/auth/me"}
{"duration":"89ms","ip":"::1","level":"info","message":"HTTP Request","method":"GET","statusCode":200,"timestamp":"2026-09-02T11:23:41.665Z","url":"/api/categories"}
{"duration":"5ms","ip":"::1","level":"info","message":"HTTP Request","method":"GET","statusCode":304,"timestamp":"2026-09-02T11:23:41.672Z","url":"/api/categories"}
{"duration":"150ms","ip":"::1","level":"info","message":"HTTP Request","method":"GET","statusCode":200,"timestamp":"2026-09-02T11:23:41.728Z","url":"/api/users/me/settings"}
{"duration":"164ms","ip":"::1","level":"info","message":"HTTP Request","method":"GET","statusCode":304,"timestamp":"2026-09-02T11:23:41.739Z","url":"/api/dashboard"}
{"duration":"30ms","ip":"::1","level":"info","message":"HTTP Request","method":"GET","statusCode":304,"timestamp":"2026-09-02T11:23:41.762Z","url":"/api/users/me/settings"}
{"duration":"16ms","ip":"::1","level":"info","message":"HTTP Request","method":"GET","statusCode":304,"timestamp":"2026-09-02T11:23:41.772Z","url":"/api/dashboard"}
{"duration":"10ms","ip":"::1","level":"info","message":"HTTP Request","method":"GET","statusCode":304,"timestamp":"2026-09-02T11:23:45.012Z","url":"/api/categories"}
{"duration":"5ms","ip":"::1","level":"info","message":"HTTP Request","method":"GET","statusCode":304,"timestamp":"2026-09-02T11:23:45.022Z","url":"/api/categories"}
{"duration":"20ms","ip":"::1","level":"info","message":"HTTP Request","method":"GET","statusCode":304,"timestamp":"2026-09-02T11:23:45.024Z","url":"/api/transactions?page=1&limit=10"}
{"duration":"7ms","ip":"::1","level":"info","message":"HTTP Request","method":"GET","statusCode":304,"timestamp":"2026-09-02T11:23:45.032Z","url":"/api/transactions?page=1&limit=10"}
{"duration":"22ms","ip":"::1","level":"info","message":"HTTP Request","method":"GET","statusCode":304,"timestamp":"2026-09-02T11:23:46.281Z","url":"/api/categories"}
{"duration":"18ms","ip":"::1","level":"info","message":"HTTP Request","method":"GET","statusCode":304,"timestamp":"2026-09-02T11:23:46.284Z","url":"/api/dashboard"}
{"duration":"18ms","ip":"::1","level":"info","message":"HTTP Request","method":"GET","statusCode":304,"timestamp":"2026-09-02T11:23:46.288Z","url":"/api/users/me/settings"}
{"duration":"20ms","ip":"::1","level":"info","message":"HTTP Request","method":"GET","statusCode":304,"timestamp":"2026-09-02T11:23:46.305Z","url":"/api/categories"}
{"duration":"23ms","ip":"::1","level":"info","message":"HTTP Request","method":"GET","statusCode":304,"timestamp":"2026-09-02T11:23:46.312Z","url":"/api/dashboard"}
{"duration":"11ms","ip":"::1","level":"info","message":"HTTP Request","method":"GET","statusCode":304,"timestamp":"2026-09-02T11:23:46.320Z","url":"/api/users/me/settings"}
{"duration":"4ms","ip":"::1","level":"info","message":"HTTP Request","method":"GET","statusCode":304,"timestamp":"2026-09-02T11:23:47.206Z","url":"/api/users/me/settings"}
{"duration":"5ms","ip":"::1","level":"info","message":"HTTP Request","method":"GET","statusCode":304,"timestamp":"2026-09-02T11:23:47.212Z","url":"/api/users/me/settings"}
{"duration":"5ms","ip":"::1","level":"info","message":"HTTP Request","method":"GET","statusCode":200,"timestamp":"2026-09-02T11:23:49.845Z","url":"/api/users/me"}
{"duration":"6ms","ip":"::1","level":"info","message":"HTTP Request","method":"GET","statusCode":304,"timestamp":"2026-09-02T11:23:49.853Z","url":"/api/users/me"}
{"duration":"4ms","ip":"::1","level":"info","message":"HTTP Request","method":"GET","statusCode":304,"timestamp":"2026-09-02T11:23:52.104Z","url":"/api/users/me/settings"}
{"duration":"6ms","ip":"::1","level":"info","message":"HTTP Request","method":"GET","statusCode":304,"timestamp":"2026-09-02T11:23:52.111Z","url":"/api/users/me/settings"}
{"duration":"73ms","ip":"::1","level":"info","message":"HTTP Request","method":"GET","statusCode":304,"timestamp":"2026-09-02T11:24:44.144Z","url":"/api/users/me"}
{"duration":"5ms","ip":"::1","level":"info","message":"HTTP Request","method":"GET","statusCode":304,"timestamp":"2026-09-02T11:24:44.151Z","url":"/api/users/me"}
{"duration":"168ms","ip":"::1","level":"info","message":"HTTP Request","method":"GET","statusCode":304,"timestamp":"2026-09-02T11:25:03.921Z","url":"/api/users/me/settings"}
{"duration":"3ms","ip":"::1","level":"info","message":"HTTP Request","method":"GET","statusCode":304,"timestamp":"2026-09-02T11:25:03.925Z","url":"/api/users/me/settings"}
{"duration":"23ms","ip":"::1","level":"info","message":"HTTP Request","method":"GET","statusCode":304,"timestamp":"2026-09-02T11:25:07.247Z","url":"/api/transactions?page=1&limit=10"}
{"duration":"8ms","ip":"::1","level":"info","message":"HTTP Request","method":"GET","statusCode":304,"timestamp":"2026-09-02T11:25:07.256Z","url":"/api/transactions?page=1&limit=10"}
{"duration":"98ms","ip":"::1","level":"info","message":"HTTP Request","method":"GET","statusCode":304,"timestamp":"2026-09-02T11:25:07.328Z","url":"/api/categories"}
{"duration":"7ms","ip":"::1","level":"info","message":"HTTP Request","method":"GET","statusCode":304,"timestamp":"2026-09-02T11:25:07.338Z","url":"/api/categories"}
{"duration":"11ms","ip":"::1","level":"info","message":"HTTP Request","method":"GET","statusCode":304,"timestamp":"2026-09-02T11:25:08.593Z","url":"/api/categories"}
{"duration":"12ms","ip":"::1","level":"info","message":"HTTP Request","method":"GET","statusCode":304,"timestamp":"2026-09-02T11:25:08.596Z","url":"/api/users/me/settings"}
{"duration":"11ms","ip":"::1","level":"info","message":"HTTP Request","method":"GET","statusCode":304,"timestamp":"2026-09-02T11:25:08.608Z","url":"/api/categories"}
{"duration":"12ms","ip":"::1","level":"info","message":"HTTP Request","method":"GET","statusCode":304,"timestamp":"2026-09-02T11:25:08.612Z","url":"/api/users/me/settings"}
{"duration":"132ms","ip":"::1","level":"info","message":"HTTP Request","method":"GET","statusCode":304,"timestamp":"2026-09-02T11:25:08.720Z","url":"/api/dashboard"}
{"duration":"11ms","ip":"::1","level":"info","message":"HTTP Request","method":"GET","statusCode":304,"timestamp":"2026-09-02T11:25:08.732Z","url":"/api/dashboard"}
{"duration":"206ms","ip":"::1","level":"info","message":"HTTP Request","method":"GET","statusCode":200,"timestamp":"2026-09-02T11:26:01.486Z","url":"/api/account/status"}
{"duration":"6ms","ip":"::1","level":"info","message":"HTTP Request","method":"GET","statusCode":304,"timestamp":"2026-09-02T11:26:01.494Z","url":"/api/account/status"}
{"duration":"12ms","ip":"::1","level":"info","message":"HTTP Request","method":"GET","statusCode":304,"timestamp":"2026-09-02T11:26:05.466Z","url":"/api/users/me/settings"}
{"duration":"4ms","ip":"::1","level":"info","message":"HTTP Request","method":"GET","statusCode":304,"timestamp":"2026-09-02T11:26:05.471Z","url":"/api/users/me/settings"}
{"duration":"6ms","ip":"::1","level":"info","message":"HTTP Request","method":"GET","statusCode":304,"timestamp":"2026-09-02T11:26:09.100Z","url":"/api/account/status"}
{"duration":"5ms","ip":"::1","level":"info","message":"HTTP Request","method":"GET","statusCode":304,"timestamp":"2026-09-02T11:26:09.106Z","url":"/api/account/status"}
{"duration":"83ms","ip":"::1","level":"info","message":"HTTP Request","method":"GET","statusCode":304,"timestamp":"2026-09-02T11:27:35.409Z","url":"/api/users/me/settings"}
{"duration":"5ms","ip":"::1","level":"info","message":"HTTP Request","method":"GET","statusCode":304,"timestamp":"2026-09-02T11:27:35.415Z","url":"/api/users/me/settings"}
{"duration":"6ms","ip":"::1","level":"info","message":"HTTP Request","method":"GET","statusCode":304,"timestamp":"2026-09-02T11:27:37.707Z","url":"/api/account/status"}
{"duration":"7ms","ip":"::1","level":"info","message":"HTTP Request","method":"GET","statusCode":304,"timestamp":"2026-09-02T11:27:37.718Z","url":"/api/account/status"}
{"duration":"11ms","ip":"::1","level":"info","message":"HTTP Request","method":"GET","statusCode":304,"timestamp":"2026-09-02T11:27:39.684Z","url":"/api/users/me/settings"}
{"duration":"15ms","ip":"::1","level":"info","message":"HTTP Request","method":"GET","statusCode":304,"timestamp":"2026-09-02T11:27:39.701Z","url":"/api/users/me/settings"}
{"duration":"5ms","ip":"::1","level":"info","message":"HTTP Request","method":"GET","statusCode":304,"timestamp":"2026-09-02T11:27:42.783Z","url":"/api/account/status"}
{"duration":"4ms","ip":"::1","level":"info","message":"HTTP Request","method":"GET","statusCode":304,"timestamp":"2026-09-02T11:27:42.789Z","url":"/api/account/status"}
{"duration":"74ms","ip":"::1","level":"info","message":"HTTP Request","method":"DELETE","statusCode":200,"timestamp":"2026-09-02T11:27:57.113Z","url":"/api/account/delete"}
{"duration":"3ms","ip":"::1","level":"info","message":"HTTP Request","method":"POST","statusCode":401,"timestamp":"2026-09-02T11:28:03.629Z","url":"/api/auth/login"}
{"duration":"164ms","ip":"::1","level":"info","message":"HTTP Request","method":"POST","statusCode":401,"timestamp":"2026-09-02T11:28:18.975Z","url":"/api/auth/login"}
{"duration":"435ms","ip":"::1","level":"info","message":"HTTP Request","method":"POST","statusCode":201,"timestamp":"2026-09-02T11:29:17.807Z","url":"/api/auth/register"}
{"duration":"414ms","ip":"::1","level":"info","message":"HTTP Request","method":"POST","statusCode":200,"timestamp":"2026-09-02T11:29:33.665Z","url":"/api/auth/login"}
{"duration":"5ms","ip":"::1","level":"info","message":"HTTP Request","method":"GET","statusCode":200,"timestamp":"2026-09-02T11:29:33.682Z","url":"/api/auth/me"}
{"duration":"78ms","ip":"::1","level":"info","message":"HTTP Request","method":"GET","statusCode":304,"timestamp":"2026-09-02T11:29:33.827Z","url":"/api/categories"}
{"duration":"6ms","ip":"::1","level":"info","message":"HTTP Request","method":"GET","statusCode":304,"timestamp":"2026-09-02T11:29:33.834Z","url":"/api/categories"}
{"duration":"98ms","ip":"::1","level":"info","message":"HTTP Request","method":"GET","statusCode":304,"timestamp":"2026-09-02T11:29:33.844Z","url":"/api/dashboard"}
{"duration":"102ms","ip":"::1","level":"info","message":"HTTP Request","method":"GET","statusCode":200,"timestamp":"2026-09-02T11:29:33.856Z","url":"/api/users/me/settings"}
{"duration":"13ms","ip":"::1","level":"info","message":"HTTP Request","method":"GET","statusCode":304,"timestamp":"2026-09-02T11:29:33.859Z","url":"/api/dashboard"}
{"duration":"12ms","ip":"::1","level":"info","message":"HTTP Request","method":"GET","statusCode":304,"timestamp":"2026-09-02T11:29:33.870Z","url":"/api/users/me/settings"}
{"duration":"16ms","ip":"::1","level":"info","message":"HTTP Request","method":"GET","statusCode":304,"timestamp":"2026-09-02T11:29:37.170Z","url":"/api/categories"}
{"duration":"19ms","ip":"::1","level":"info","message":"HTTP Request","method":"GET","statusCode":304,"timestamp":"2026-09-02T11:29:37.177Z","url":"/api/transactions?page=1&limit=10"}
{"duration":"9ms","ip":"::1","level":"info","message":"HTTP Request","method":"GET","statusCode":304,"timestamp":"2026-09-02T11:29:37.188Z","url":"/api/categories"}
{"duration":"10ms","ip":"::1","level":"info","message":"HTTP Request","method":"GET","statusCode":304,"timestamp":"2026-09-02T11:29:37.192Z","url":"/api/transactions?page=1&limit=10"}
{"duration":"8ms","ip":"::1","level":"info","message":"HTTP Request","method":"GET","statusCode":304,"timestamp":"2026-09-02T11:29:38.343Z","url":"/api/categories"}
{"duration":"16ms","ip":"::1","level":"info","message":"HTTP Request","method":"GET","statusCode":304,"timestamp":"2026-09-02T11:29:38.353Z","url":"/api/dashboard"}
{"duration":"23ms","ip":"::1","level":"info","message":"HTTP Request","method":"GET","statusCode":304,"timestamp":"2026-09-02T11:29:38.361Z","url":"/api/users/me/settings"}
{"duration":"13ms","ip":"::1","level":"info","message":"HTTP Request","method":"GET","statusCode":304,"timestamp":"2026-09-02T11:29:38.361Z","url":"/api/categories"}
{"duration":"9ms","ip":"::1","level":"info","message":"HTTP Request","method":"GET","statusCode":304,"timestamp":"2026-09-02T11:29:38.364Z","url":"/api/dashboard"}
{"duration":"5ms","ip":"::1","level":"info","message":"HTTP Request","method":"GET","statusCode":304,"timestamp":"2026-09-02T11:29:38.372Z","url":"/api/users/me/settings"}
{"duration":"6ms","ip":"::1","level":"info","message":"HTTP Request","method":"GET","statusCode":304,"timestamp":"2026-09-02T11:29:40.387Z","url":"/api/users/me/settings"}
{"duration":"6ms","ip":"::1","level":"info","message":"HTTP Request","method":"GET","statusCode":304,"timestamp":"2026-09-02T11:29:40.394Z","url":"/api/users/me/settings"}
{"duration":"185ms","ip":"::1","level":"info","message":"HTTP Request","method":"GET","statusCode":304,"timestamp":"2026-09-02T11:31:48.057Z","url":"/api/auth/me"}
{"duration":"6ms","ip":"::1","level":"info","message":"HTTP Request","method":"GET","statusCode":304,"timestamp":"2026-09-02T11:31:48.316Z","url":"/api/users/me/settings"}
{"duration":"6ms","ip":"::1","level":"info","message":"HTTP Request","method":"GET","statusCode":304,"timestamp":"2026-09-02T11:31:48.323Z","url":"/api/users/me/settings"}
{"duration":"110ms","ip":"::1","level":"info","message":"HTTP Request","method":"GET","statusCode":304,"timestamp":"2026-09-02T11:33:31.692Z","url":"/api/categories"}
{"duration":"111ms","ip":"::1","level":"info","message":"HTTP Request","method":"GET","statusCode":304,"timestamp":"2026-09-02T11:33:31.699Z","url":"/api/users/me/settings"}
{"duration":"11ms","ip":"::1","level":"info","message":"HTTP Request","method":"GET","statusCode":304,"timestamp":"2026-09-02T11:33:31.707Z","url":"/api/categories"}
{"duration":"9ms","ip":"::1","level":"info","message":"HTTP Request","method":"GET","statusCode":304,"timestamp":"2026-09-02T11:33:31.712Z","url":"/api/users/me/settings"}
{"duration":"324ms","ip":"::1","level":"info","message":"HTTP Request","method":"GET","statusCode":304,"timestamp":"2026-09-02T11:33:31.855Z","url":"/api/dashboard"}
{"duration":"15ms","ip":"::1","level":"info","message":"HTTP Request","method":"GET","statusCode":304,"timestamp":"2026-09-02T11:33:31.871Z","url":"/api/dashboard"}
{"duration":"115ms","ip":"::1","level":"info","message":"HTTP Request","method":"GET","statusCode":304,"timestamp":"2026-09-02T11:34:13.717Z","url":"/api/categories"}
{"duration":"129ms","ip":"::1","level":"info","message":"HTTP Request","method":"GET","statusCode":304,"timestamp":"2026-09-02T11:34:13.727Z","url":"/api/transactions?page=1&limit=10"}
{"duration":"8ms","ip":"::1","level":"info","message":"HTTP Request","method":"GET","statusCode":304,"timestamp":"2026-09-02T11:34:13.729Z","url":"/api/categories"}
{"duration":"16ms","ip":"::1","level":"info","message":"HTTP Request","method":"GET","statusCode":304,"timestamp":"2026-09-02T11:34:13.747Z","url":"/api/transactions?page=1&limit=10"}
{"duration":"39ms","ip":"::1","level":"info","message":"HTTP Request","method":"GET","statusCode":304,"timestamp":"2026-09-02T11:34:15.151Z","url":"/api/categories"}
{"duration":"4ms","ip":"::1","level":"info","message":"HTTP Request","method":"GET","statusCode":304,"timestamp":"2026-09-02T11:34:15.158Z","url":"/api/categories"}
{"duration":"89ms","ip":"::1","level":"info","message":"HTTP Request","method":"GET","statusCode":304,"timestamp":"2026-09-02T11:34:15.226Z","url":"/api/users/me/settings"}
{"duration":"11ms","ip":"::1","level":"info","message":"HTTP Request","method":"GET","statusCode":304,"timestamp":"2026-09-02T11:34:15.239Z","url":"/api/users/me/settings"}
{"duration":"126ms","ip":"::1","level":"info","message":"HTTP Request","method":"GET","statusCode":304,"timestamp":"2026-09-02T11:34:15.240Z","url":"/api/dashboard"}
{"duration":"15ms","ip":"::1","level":"info","message":"HTTP Request","method":"GET","statusCode":304,"timestamp":"2026-09-02T11:34:15.257Z","url":"/api/dashboard"}
{"duration":"16ms","ip":"::1","level":"info","message":"HTTP Request","method":"GET","statusCode":304,"timestamp":"2026-09-02T11:34:16.776Z","url":"/api/users/me/settings"}
{"duration":"15ms","ip":"::1","level":"info","message":"HTTP Request","method":"GET","statusCode":304,"timestamp":"2026-09-02T11:34:16.792Z","url":"/api/users/me/settings"}
{"duration":"41ms","ip":"::1","level":"info","message":"HTTP Request","method":"PATCH","statusCode":200,"timestamp":"2026-09-02T11:34:21.889Z","url":"/api/users/me/settings"}
{"duration":"115ms","ip":"::1","level":"info","message":"HTTP Request","method":"GET","statusCode":200,"timestamp":"2026-09-02T11:35:38.300Z","url":"/api/users/me/settings"}
{"duration":"20ms","ip":"::1","level":"info","message":"HTTP Request","method":"GET","statusCode":304,"timestamp":"2026-09-02T11:35:39.831Z","url":"/api/auth/me"}
{"duration":"12ms","ip":"::1","level":"info","message":"HTTP Request","method":"GET","statusCode":304,"timestamp":"2026-09-02T11:35:40.244Z","url":"/api/users/me/settings"}
{"duration":"10ms","ip":"::1","level":"info","message":"HTTP Request","method":"GET","statusCode":304,"timestamp":"2026-09-02T11:35:40.256Z","url":"/api/users/me/settings"}
{"duration":"169ms","ip":"::1","level":"info","message":"HTTP Request","method":"GET","statusCode":304,"timestamp":"2026-09-02T11:35:48.415Z","url":"/api/users/me/settings"}
{"duration":"13ms","ip":"::1","level":"info","message":"HTTP Request","method":"GET","statusCode":304,"timestamp":"2026-09-02T11:35:48.433Z","url":"/api/users/me/settings"}
{"duration":"213ms","ip":"::1","level":"info","message":"HTTP Request","method":"GET","statusCode":304,"timestamp":"2026-09-02T11:35:48.455Z","url":"/api/categories"}
{"duration":"229ms","ip":"::1","level":"info","message":"HTTP Request","method":"GET","statusCode":304,"timestamp":"2026-09-02T11:35:48.464Z","url":"/api/dashboard"}
{"duration":"26ms","ip":"::1","level":"info","message":"HTTP Request","method":"GET","statusCode":304,"timestamp":"2026-09-02T11:35:48.482Z","url":"/api/categories"}
{"duration":"19ms","ip":"::1","level":"info","message":"HTTP Request","method":"GET","statusCode":304,"timestamp":"2026-09-02T11:35:48.496Z","url":"/api/dashboard"}
{"duration":"5ms","ip":"::1","level":"info","message":"HTTP Request","method":"GET","statusCode":304,"timestamp":"2026-09-02T11:35:52.046Z","url":"/api/categories"}
{"duration":"7ms","ip":"::1","level":"info","message":"HTTP Request","method":"GET","statusCode":304,"timestamp":"2026-09-02T11:35:52.055Z","url":"/api/categories"}
{"duration":"17ms","ip":"::1","level":"info","message":"HTTP Request","method":"GET","statusCode":304,"timestamp":"2026-09-02T11:35:52.060Z","url":"/api/transactions?page=1&limit=10"}
{"duration":"16ms","ip":"::1","level":"info","message":"HTTP Request","method":"GET","statusCode":304,"timestamp":"2026-09-02T11:35:52.077Z","url":"/api/transactions?page=1&limit=10"}
{"duration":"257ms","ip":"::1","level":"info","message":"HTTP Request","method":"GET","statusCode":304,"timestamp":"2026-09-02T11:36:44.526Z","url":"/api/auth/me"}
{"duration":"40ms","ip":"::1","level":"info","message":"HTTP Request","method":"GET","statusCode":304,"timestamp":"2026-09-02T11:36:44.872Z","url":"/api/transactions?page=1&limit=10"}
{"duration":"9ms","ip":"::1","level":"info","message":"HTTP Request","method":"GET","statusCode":304,"timestamp":"2026-09-02T11:36:44.882Z","url":"/api/transactions?page=1&limit=10"}
{"duration":"180ms","ip":"::1","level":"info","message":"HTTP Request","method":"GET","statusCode":304,"timestamp":"2026-09-02T11:36:45.021Z","url":"/api/categories"}
{"duration":"5ms","ip":"::1","level":"info","message":"HTTP Request","method":"GET","statusCode":304,"timestamp":"2026-09-02T11:36:45.028Z","url":"/api/categories"}
{"duration":"47ms","ip":"::1","level":"info","message":"HTTP Request","method":"GET","statusCode":304,"timestamp":"2026-09-02T11:36:48.988Z","url":"/api/categories"}
{"duration":"173ms","ip":"::1","level":"info","message":"HTTP Request","method":"GET","statusCode":304,"timestamp":"2026-09-02T11:36:49.140Z","url":"/api/dashboard"}
{"duration":"170ms","ip":"::1","level":"info","message":"HTTP Request","method":"GET","statusCode":304,"timestamp":"2026-09-02T11:36:49.146Z","url":"/api/users/me/settings"}
{"duration":"9ms","ip":"::1","level":"info","message":"HTTP Request","method":"GET","statusCode":304,"timestamp":"2026-09-02T11:36:49.157Z","url":"/api/users/me/settings"}
{"duration":"17ms","ip":"::1","level":"info","message":"HTTP Request","method":"GET","statusCode":304,"timestamp":"2026-09-02T11:36:49.159Z","url":"/api/dashboard"}
{"duration":"145ms","ip":"::1","level":"info","message":"HTTP Request","method":"GET","statusCode":304,"timestamp":"2026-09-02T11:36:49.173Z","url":"/api/categories"}
{"duration":"14ms","ip":"::1","level":"info","message":"HTTP Request","method":"GET","statusCode":200,"timestamp":"2026-09-02T11:39:19.022Z","url":"/api/auth/me"}
{"duration":"14ms","ip":"::1","level":"info","message":"HTTP Request","method":"GET","statusCode":304,"timestamp":"2026-09-02T11:39:20.021Z","url":"/api/categories"}
{"duration":"5ms","ip":"::1","level":"info","message":"HTTP Request","method":"GET","statusCode":304,"timestamp":"2026-09-02T11:39:20.027Z","url":"/api/categories"}
{"duration":"78ms","ip":"::1","level":"info","message":"HTTP Request","method":"GET","statusCode":304,"timestamp":"2026-09-02T11:39:20.089Z","url":"/api/users/me/settings"}
{"duration":"5ms","ip":"::1","level":"info","message":"HTTP Request","method":"GET","statusCode":304,"timestamp":"2026-09-02T11:39:20.095Z","url":"/api/users/me/settings"}
{"duration":"136ms","ip":"::1","level":"info","message":"HTTP Request","method":"GET","statusCode":304,"timestamp":"2026-09-02T11:39:20.145Z","url":"/api/dashboard"}
{"duration":"8ms","ip":"::1","level":"info","message":"HTTP Request","method":"GET","statusCode":304,"timestamp":"2026-09-02T11:39:20.154Z","url":"/api/dashboard"}
{"duration":"37ms","ip":"::1","level":"info","message":"HTTP Request","method":"GET","statusCode":304,"timestamp":"2026-09-02T11:39:22.429Z","url":"/api/users/me/settings"}
{"duration":"48ms","ip":"::1","level":"info","message":"HTTP Request","method":"GET","statusCode":304,"timestamp":"2026-09-02T11:39:22.438Z","url":"/api/categories"}
{"duration":"15ms","ip":"::1","level":"info","message":"HTTP Request","method":"GET","statusCode":304,"timestamp":"2026-09-02T11:39:22.448Z","url":"/api/users/me/settings"}
{"duration":"8ms","ip":"::1","level":"info","message":"HTTP Request","method":"GET","statusCode":304,"timestamp":"2026-09-02T11:39:22.452Z","url":"/api/categories"}
{"duration":"121ms","ip":"::1","level":"info","message":"HTTP Request","method":"GET","statusCode":304,"timestamp":"2026-09-02T11:39:22.505Z","url":"/api/dashboard"}
{"duration":"17ms","ip":"::1","level":"info","message":"HTTP Request","method":"GET","statusCode":304,"timestamp":"2026-09-02T11:39:22.523Z","url":"/api/dashboard"}
{"duration":"9ms","ip":"::1","level":"info","message":"HTTP Request","method":"GET","statusCode":304,"timestamp":"2026-09-02T11:39:23.419Z","url":"/api/transactions?page=1&limit=10"}
{"duration":"13ms","ip":"::1","level":"info","message":"HTTP Request","method":"GET","statusCode":304,"timestamp":"2026-09-02T11:39:23.421Z","url":"/api/categories"}
{"duration":"10ms","ip":"::1","level":"info","message":"HTTP Request","method":"GET","statusCode":304,"timestamp":"2026-09-02T11:39:23.432Z","url":"/api/transactions?page=1&limit=10"}
{"duration":"9ms","ip":"::1","level":"info","message":"HTTP Request","method":"GET","statusCode":304,"timestamp":"2026-09-02T11:39:23.434Z","url":"/api/categories"}
{"duration":"14ms","ip":"::1","level":"info","message":"HTTP Request","method":"GET","statusCode":304,"timestamp":"2026-09-02T11:39:23.938Z","url":"/api/categories"}
{"duration":"11ms","ip":"::1","level":"info","message":"HTTP Request","method":"GET","statusCode":304,"timestamp":"2026-09-02T11:39:23.940Z","url":"/api/dashboard"}
{"duration":"10ms","ip":"::1","level":"info","message":"HTTP Request","method":"GET","statusCode":304,"timestamp":"2026-09-02T11:39:23.941Z","url":"/api/users/me/settings"}
{"duration":"10ms","ip":"::1","level":"info","message":"HTTP Request","method":"GET","statusCode":304,"timestamp":"2026-09-02T11:39:23.955Z","url":"/api/categories"}
{"duration":"11ms","ip":"::1","level":"info","message":"HTTP Request","method":"GET","statusCode":304,"timestamp":"2026-09-02T11:39:23.959Z","url":"/api/dashboard"}
{"duration":"11ms","ip":"::1","level":"info","message":"HTTP Request","method":"GET","statusCode":304,"timestamp":"2026-09-02T11:39:23.960Z","url":"/api/users/me/settings"}
{"duration":"4ms","ip":"::1","level":"info","message":"HTTP Request","method":"GET","statusCode":304,"timestamp":"2026-09-02T11:39:24.464Z","url":"/api/users/me/settings"}
{"duration":"4ms","ip":"::1","level":"info","message":"HTTP Request","method":"GET","statusCode":304,"timestamp":"2026-09-02T11:39:24.469Z","url":"/api/users/me/settings"}
{"duration":"12ms","ip":"::1","level":"info","message":"HTTP Request","method":"GET","statusCode":304,"timestamp":"2026-09-02T11:39:32.275Z","url":"/api/dashboard"}
{"duration":"11ms","ip":"::1","level":"info","message":"HTTP Request","method":"GET","statusCode":304,"timestamp":"2026-09-02T11:39:32.277Z","url":"/api/categories"}
{"duration":"19ms","ip":"::1","level":"info","message":"HTTP Request","method":"GET","statusCode":304,"timestamp":"2026-09-02T11:39:32.287Z","url":"/api/users/me/settings"}
{"duration":"15ms","ip":"::1","level":"info","message":"HTTP Request","method":"GET","statusCode":304,"timestamp":"2026-09-02T11:39:32.293Z","url":"/api/dashboard"}
{"duration":"13ms","ip":"::1","level":"info","message":"HTTP Request","method":"GET","statusCode":304,"timestamp":"2026-09-02T11:39:32.296Z","url":"/api/categories"}
{"duration":"7ms","ip":"::1","level":"info","message":"HTTP Request","method":"GET","statusCode":304,"timestamp":"2026-09-02T11:39:32.297Z","url":"/api/users/me/settings"}
{"duration":"179ms","ip":"::1","level":"info","message":"HTTP Request","method":"GET","statusCode":304,"timestamp":"2026-09-02T11:41:02.397Z","url":"/api/users/me/settings"}
{"duration":"5ms","ip":"::1","level":"info","message":"HTTP Request","method":"GET","statusCode":304,"timestamp":"2026-09-02T11:41:02.403Z","url":"/api/users/me/settings"}
{"duration":"366ms","ip":"::1","level":"info","message":"HTTP Request","method":"GET","statusCode":304,"timestamp":"2026-09-02T11:43:45.285Z","url":"/api/auth/me"}
{"duration":"6ms","ip":"::1","level":"info","message":"HTTP Request","method":"GET","statusCode":304,"timestamp":"2026-09-02T11:43:46.222Z","url":"/api/users/me/settings"}
{"duration":"6ms","ip":"::1","level":"info","message":"HTTP Request","method":"GET","statusCode":304,"timestamp":"2026-09-02T11:43:46.229Z","url":"/api/users/me/settings"}
{"duration":"217ms","ip":"::1","level":"info","message":"HTTP Request","method":"GET","statusCode":304,"timestamp":"2026-09-02T11:47:41.923Z","url":"/api/auth/me"}
{"duration":"17ms","ip":"::1","level":"info","message":"HTTP Request","method":"GET","statusCode":304,"timestamp":"2026-09-02T11:47:42.670Z","url":"/api/users/me/settings"}
{"duration":"8ms","ip":"::1","level":"info","message":"HTTP Request","method":"GET","statusCode":304,"timestamp":"2026-09-02T11:47:42.680Z","url":"/api/users/me/settings"}
{"duration":"93ms","ip":"::1","level":"info","message":"HTTP Request","method":"GET","statusCode":304,"timestamp":"2026-09-02T11:47:59.225Z","url":"/api/users/me/settings"}
{"duration":"112ms","ip":"::1","level":"info","message":"HTTP Request","method":"GET","statusCode":304,"timestamp":"2026-09-02T11:47:59.241Z","url":"/api/categories"}
{"duration":"16ms","ip":"::1","level":"info","message":"HTTP Request","method":"GET","statusCode":304,"timestamp":"2026-09-02T11:47:59.246Z","url":"/api/users/me/settings"}
{"duration":"9ms","ip":"::1","level":"info","message":"HTTP Request","method":"GET","statusCode":304,"timestamp":"2026-09-02T11:47:59.253Z","url":"/api/categories"}
{"duration":"170ms","ip":"::1","level":"info","message":"HTTP Request","method":"GET","statusCode":304,"timestamp":"2026-09-02T11:47:59.294Z","url":"/api/dashboard"}
{"duration":"10ms","ip":"::1","level":"info","message":"HTTP Request","method":"GET","statusCode":304,"timestamp":"2026-09-02T11:47:59.306Z","url":"/api/dashboard"}
{"duration":"152ms","ip":"::1","level":"info","message":"HTTP Request","method":"GET","statusCode":304,"timestamp":"2026-09-02T11:48:37.294Z","url":"/api/categories"}
{"duration":"168ms","ip":"::1","level":"info","message":"HTTP Request","method":"GET","statusCode":304,"timestamp":"2026-09-02T11:48:37.311Z","url":"/api/users/me/settings"}
{"duration":"323ms","ip":"::1","level":"info","message":"HTTP Request","method":"GET","statusCode":304,"timestamp":"2026-09-02T11:48:37.464Z","url":"/api/dashboard"}
{"duration":"84ms","ip":"::1","level":"info","message":"HTTP Request","method":"GET","statusCode":304,"timestamp":"2026-09-02T11:48:58.140Z","url":"/api/users/me/settings"}
{"duration":"5ms","ip":"::1","level":"info","message":"HTTP Request","method":"GET","statusCode":304,"timestamp":"2026-09-02T11:48:58.148Z","url":"/api/users/me/settings"}
{"duration":"179ms","ip":"::1","level":"info","message":"HTTP Request","method":"PATCH","statusCode":200,"timestamp":"2026-09-02T11:49:33.169Z","url":"/api/users/me/settings"}
{"duration":"151ms","ip":"::1","level":"info","message":"HTTP Request","method":"GET","statusCode":304,"timestamp":"2026-09-02T11:51:44.781Z","url":"/api/auth/me"}
{"duration":"10ms","ip":"::1","level":"info","message":"HTTP Request","method":"GET","statusCode":200,"timestamp":"2026-09-02T11:51:45.008Z","url":"/api/users/me/settings"}
{"duration":"201ms","ip":"::1","level":"info","message":"HTTP Request","method":"GET","statusCode":304,"timestamp":"2026-09-02T11:51:47.988Z","url":"/api/dashboard"}
{"duration":"208ms","ip":"::1","level":"info","message":"HTTP Request","method":"GET","statusCode":304,"timestamp":"2026-09-02T11:51:47.999Z","url":"/api/categories"}
{"duration":"17ms","ip":"::1","level":"info","message":"HTTP Request","method":"GET","statusCode":304,"timestamp":"2026-09-02T11:51:49.159Z","url":"/api/transactions?page=1&limit=10"}
{"duration":"19ms","ip":"::1","level":"info","message":"HTTP Request","method":"PATCH","statusCode":200,"timestamp":"2026-09-02T11:51:55.750Z","url":"/api/users/me/settings"}
{"duration":"135ms","ip":"::1","level":"info","message":"HTTP Request","method":"GET","statusCode":304,"timestamp":"2026-09-02T11:56:13.588Z","url":"/api/auth/me"}
{"duration":"9ms","ip":"::1","level":"info","message":"HTTP Request","method":"GET","statusCode":200,"timestamp":"2026-09-02T11:56:14.539Z","url":"/api/users/me/settings"}
{"duration":"5ms","ip":"::1","level":"info","message":"HTTP Request","method":"GET","statusCode":304,"timestamp":"2026-09-02T11:56:15.726Z","url":"/api/auth/me"}
{"duration":"7ms","ip":"::1","level":"info","message":"HTTP Request","method":"GET","statusCode":304,"timestamp":"2026-09-02T11:56:16.049Z","url":"/api/users/me/settings"}
{"duration":"60ms","ip":"::1","level":"info","message":"HTTP Request","method":"GET","statusCode":304,"timestamp":"2026-09-02T12:01:24.907Z","url":"/api/auth/me"}
{"duration":"10ms","ip":"::1","level":"info","message":"HTTP Request","method":"GET","statusCode":304,"timestamp":"2026-09-02T12:01:24.990Z","url":"/api/users/me/settings"}
{"duration":"113ms","ip":"::1","level":"info","message":"HTTP Request","method":"GET","statusCode":304,"timestamp":"2026-09-02T12:04:43.042Z","url":"/api/categories"}
{"duration":"301ms","ip":"::1","level":"info","message":"HTTP Request","method":"GET","statusCode":304,"timestamp":"2026-09-02T12:04:43.139Z","url":"/api/dashboard"}
{"duration":"173ms","ip":"::1","level":"info","message":"HTTP Request","method":"GET","statusCode":304,"timestamp":"2026-09-02T12:05:46.247Z","url":"/api/auth/me"}
{"duration":"19ms","ip":"::1","level":"info","message":"HTTP Request","method":"GET","statusCode":304,"timestamp":"2026-09-02T12:05:46.345Z","url":"/api/categories"}
{"duration":"190ms","ip":"::1","level":"info","message":"HTTP Request","method":"GET","statusCode":304,"timestamp":"2026-09-02T12:05:46.522Z","url":"/api/users/me/settings"}
{"duration":"236ms","ip":"::1","level":"info","message":"HTTP Request","method":"GET","statusCode":304,"timestamp":"2026-09-02T12:05:46.565Z","url":"/api/dashboard"}
{"duration":"222ms","ip":"::1","level":"info","message":"HTTP Request","method":"GET","statusCode":304,"timestamp":"2026-09-02T12:08:14.906Z","url":"/api/auth/me"}
{"duration":"31ms","ip":"::1","level":"info","message":"HTTP Request","method":"GET","statusCode":304,"timestamp":"2026-09-02T12:08:15.133Z","url":"/api/categories"}
{"duration":"87ms","ip":"::1","level":"info","message":"HTTP Request","method":"GET","statusCode":304,"timestamp":"2026-09-02T12:08:15.197Z","url":"/api/users/me/settings"}
{"duration":"251ms","ip":"::1","level":"info","message":"HTTP Request","method":"GET","statusCode":304,"timestamp":"2026-09-02T12:08:15.359Z","url":"/api/dashboard"}
{"duration":"339ms","ip":"::1","level":"info","message":"HTTP Request","method":"GET","statusCode":304,"timestamp":"2026-09-02T12:08:46.907Z","url":"/api/auth/me"}
{"duration":"29ms","ip":"::1","level":"info","message":"HTTP Request","method":"GET","statusCode":304,"timestamp":"2026-09-02T12:08:47.419Z","url":"/api/categories"}
{"duration":"107ms","ip":"::1","level":"info","message":"HTTP Request","method":"GET","statusCode":304,"timestamp":"2026-09-02T12:08:47.505Z","url":"/api/users/me/settings"}
{"duration":"232ms","ip":"::1","level":"info","message":"HTTP Request","method":"GET","statusCode":304,"timestamp":"2026-09-02T12:08:47.626Z","url":"/api/dashboard"}
{"duration":"160ms","ip":"::1","level":"info","message":"HTTP Request","method":"GET","statusCode":304,"timestamp":"2026-09-02T12:10:50.700Z","url":"/api/auth/me"}
{"duration":"26ms","ip":"::1","level":"info","message":"HTTP Request","method":"GET","statusCode":304,"timestamp":"2026-09-02T12:10:51.038Z","url":"/api/categories"}
{"duration":"142ms","ip":"::1","level":"info","message":"HTTP Request","method":"GET","statusCode":304,"timestamp":"2026-09-02T12:10:51.156Z","url":"/api/dashboard"}
{"duration":"172ms","ip":"::1","level":"info","message":"HTTP Request","method":"GET","statusCode":304,"timestamp":"2026-09-02T12:10:51.190Z","url":"/api/users/me/settings"}
{"duration":"297ms","ip":"::1","level":"info","message":"HTTP Request","method":"GET","statusCode":304,"timestamp":"2026-09-02T12:17:05.981Z","url":"/api/auth/me"}
{"duration":"89ms","ip":"::1","level":"info","message":"HTTP Request","method":"GET","statusCode":304,"timestamp":"2026-09-02T12:17:06.292Z","url":"/api/categories"}
{"duration":"90ms","ip":"::1","level":"info","message":"HTTP Request","method":"GET","statusCode":304,"timestamp":"2026-09-02T12:17:06.295Z","url":"/api/users/me/settings"}
{"duration":"108ms","ip":"::1","level":"info","message":"HTTP Request","method":"GET","statusCode":304,"timestamp":"2026-09-02T12:17:06.307Z","url":"/api/dashboard"}
{"duration":"9ms","ip":"::1","level":"info","message":"HTTP Request","method":"GET","statusCode":304,"timestamp":"2026-09-02T12:17:08.599Z","url":"/api/auth/me"}
{"duration":"18ms","ip":"::1","level":"info","message":"HTTP Request","method":"GET","statusCode":304,"timestamp":"2026-09-02T12:17:08.685Z","url":"/api/categories"}
{"duration":"25ms","ip":"::1","level":"info","message":"HTTP Request","method":"GET","statusCode":304,"timestamp":"2026-09-02T12:17:08.689Z","url":"/api/dashboard"}
{"duration":"33ms","ip":"::1","level":"info","message":"HTTP Request","method":"GET","statusCode":304,"timestamp":"2026-09-02T12:17:08.703Z","url":"/api/users/me/settings"}
{"duration":"229ms","ip":"::1","level":"info","message":"HTTP Request","method":"GET","statusCode":304,"timestamp":"2026-09-02T12:21:19.439Z","url":"/api/transactions?page=1&limit=10"}
{"duration":"96ms","ip":"::1","level":"info","message":"HTTP Request","method":"GET","statusCode":304,"timestamp":"2026-09-02T12:21:20.253Z","url":"/api/dashboard"}
{"duration":"153ms","ip":"::1","level":"info","message":"HTTP Request","method":"GET","statusCode":200,"timestamp":"2026-09-02T12:21:30.814Z","url":"/api/transactions?page=1&limit=10&categoryId=486764b8-e57e-4701-b76a-12ad4e936912"}
{"duration":"202ms","ip":"::1","level":"info","message":"HTTP Request","method":"GET","statusCode":304,"timestamp":"2026-09-02T12:25:08.410Z","url":"/api/auth/me"}
{"duration":"35ms","ip":"::1","level":"info","message":"HTTP Request","method":"GET","statusCode":304,"timestamp":"2026-09-02T12:25:08.597Z","url":"/api/transactions?page=1&limit=10"}
{"duration":"195ms","ip":"::1","level":"info","message":"HTTP Request","method":"GET","statusCode":304,"timestamp":"2026-09-02T12:25:08.759Z","url":"/api/categories"}
{"duration":"170ms","ip":"::1","level":"info","message":"HTTP Request","method":"GET","statusCode":304,"timestamp":"2026-09-02T12:26:09.472Z","url":"/api/users/me/settings"}
{"duration":"347ms","ip":"::1","level":"info","message":"HTTP Request","method":"GET","statusCode":304,"timestamp":"2026-09-02T12:26:09.635Z","url":"/api/dashboard"}
{"duration":"15ms","ip":"::1","level":"info","message":"HTTP Request","method":"GET","statusCode":304,"timestamp":"2026-09-02T12:26:11.704Z","url":"/api/transactions?page=1&limit=10"}
{"duration":"217ms","ip":"::1","level":"info","message":"HTTP Request","method":"GET","statusCode":304,"timestamp":"2026-09-02T12:30:06.867Z","url":"/api/auth/me"}
{"duration":"10ms","ip":"::1","level":"info","message":"HTTP Request","method":"GET","statusCode":304,"timestamp":"2026-09-02T12:30:07.001Z","url":"/api/users/me/settings"}
{"duration":"210ms","ip":"::1","level":"info","message":"HTTP Request","method":"GET","statusCode":304,"timestamp":"2026-09-02T12:30:08.590Z","url":"/api/categories"}
{"duration":"226ms","ip":"::1","level":"info","message":"HTTP Request","method":"GET","statusCode":304,"timestamp":"2026-09-02T12:30:08.603Z","url":"/api/dashboard"}
{"duration":"19ms","ip":"::1","level":"info","message":"HTTP Request","method":"GET","statusCode":304,"timestamp":"2026-09-02T12:30:12.736Z","url":"/api/transactions?page=1&limit=10"}
{"duration":"119ms","ip":"::1","level":"info","message":"HTTP Request","method":"GET","statusCode":304,"timestamp":"2026-09-02T12:46:19.543Z","url":"/api/users/me/settings"}
{"duration":"127ms","ip":"::1","level":"info","message":"HTTP Request","method":"GET","statusCode":304,"timestamp":"2026-09-02T12:46:19.547Z","url":"/api/categories"}
{"duration":"344ms","ip":"::1","level":"info","message":"HTTP Request","method":"GET","statusCode":304,"timestamp":"2026-09-02T12:46:19.723Z","url":"/api/dashboard"}
{"duration":"76ms","ip":"::1","level":"info","message":"HTTP Request","method":"GET","statusCode":304,"timestamp":"2026-09-02T12:46:38.566Z","url":"/api/transactions?page=1&limit=10"}
{"duration":"162ms","ip":"::1","level":"info","message":"HTTP Request","method":"GET","statusCode":304,"timestamp":"2026-09-02T12:46:40.468Z","url":"/api/transactions?page=1&limit=10&type=INCOME"}
{"duration":"223ms","ip":"::1","level":"info","message":"HTTP Request","method":"POST","statusCode":201,"timestamp":"2026-09-02T12:47:07.754Z","url":"/api/transactions"}
{"duration":"11ms","ip":"::1","level":"info","message":"HTTP Request","method":"GET","statusCode":200,"timestamp":"2026-09-02T12:47:07.774Z","url":"/api/transactions?page=1&limit=10"}
{"duration":"69ms","ip":"::1","level":"info","message":"HTTP Request","method":"POST","statusCode":201,"timestamp":"2026-09-02T12:47:55.966Z","url":"/api/transactions"}
{"duration":"7ms","ip":"::1","level":"info","message":"HTTP Request","method":"GET","statusCode":200,"timestamp":"2026-09-02T12:47:55.982Z","url":"/api/transactions?page=1&limit=10"}
{"duration":"67ms","ip":"::1","level":"info","message":"HTTP Request","method":"POST","statusCode":201,"timestamp":"2026-09-02T12:48:26.473Z","url":"/api/transactions"}
{"duration":"9ms","ip":"::1","level":"info","message":"HTTP Request","method":"GET","statusCode":200,"timestamp":"2026-09-02T12:48:26.492Z","url":"/api/transactions?page=1&limit=10"}
{"duration":"68ms","ip":"::1","level":"info","message":"HTTP Request","method":"POST","statusCode":201,"timestamp":"2026-09-02T12:48:51.098Z","url":"/api/transactions"}
{"duration":"10ms","ip":"::1","level":"info","message":"HTTP Request","method":"GET","statusCode":200,"timestamp":"2026-09-02T12:48:51.116Z","url":"/api/transactions?page=1&limit=10"}
{"duration":"65ms","ip":"::1","level":"info","message":"HTTP Request","method":"POST","statusCode":201,"timestamp":"2026-09-02T12:49:18.734Z","url":"/api/transactions"}
{"duration":"8ms","ip":"::1","level":"info","message":"HTTP Request","method":"GET","statusCode":200,"timestamp":"2026-09-02T12:49:18.749Z","url":"/api/transactions?page=1&limit=10"}
{"duration":"63ms","ip":"::1","level":"info","message":"HTTP Request","method":"POST","statusCode":201,"timestamp":"2026-09-02T12:49:46.304Z","url":"/api/transactions"}
{"duration":"12ms","ip":"::1","level":"info","message":"HTTP Request","method":"GET","statusCode":200,"timestamp":"2026-09-02T12:49:46.325Z","url":"/api/transactions?page=1&limit=10"}
{"duration":"68ms","ip":"::1","level":"info","message":"HTTP Request","method":"POST","statusCode":201,"timestamp":"2026-09-02T12:50:22.939Z","url":"/api/transactions"}
{"duration":"9ms","ip":"::1","level":"info","message":"HTTP Request","method":"GET","statusCode":200,"timestamp":"2026-09-02T12:50:22.955Z","url":"/api/transactions?page=1&limit=10"}
{"duration":"176ms","ip":"::1","level":"info","message":"HTTP Request","method":"GET","statusCode":200,"timestamp":"2026-09-02T12:50:33.838Z","url":"/api/dashboard"}
{"duration":"105ms","ip":"::1","level":"info","message":"HTTP Request","method":"GET","statusCode":304,"timestamp":"2026-09-02T12:51:37.020Z","url":"/api/categories"}
{"duration":"117ms","ip":"::1","level":"info","message":"HTTP Request","method":"GET","statusCode":304,"timestamp":"2026-09-02T12:51:37.022Z","url":"/api/transactions?page=1&limit=10"}
{"duration":"23ms","ip":"::1","level":"info","message":"HTTP Request","method":"GET","statusCode":304,"timestamp":"2026-09-02T12:51:39.147Z","url":"/api/users/me/settings"}
{"duration":"137ms","ip":"::1","level":"info","message":"HTTP Request","method":"GET","statusCode":304,"timestamp":"2026-09-02T12:51:39.256Z","url":"/api/dashboard"}
{"duration":"82ms","ip":"::1","level":"info","message":"HTTP Request","method":"POST","statusCode":201,"timestamp":"2026-09-02T12:52:02.526Z","url":"/api/categories"}
{"duration":"7ms","ip":"::1","level":"info","message":"HTTP Request","method":"GET","statusCode":200,"timestamp":"2026-09-02T12:52:02.540Z","url":"/api/categories"}
{"duration":"216ms","ip":"::1","level":"info","message":"HTTP Request","method":"GET","statusCode":304,"timestamp":"2026-09-02T12:52:02.754Z","url":"/api/dashboard"}
{"duration":"54ms","ip":"::1","level":"info","message":"HTTP Request","method":"POST","statusCode":201,"timestamp":"2026-09-02T12:52:13.143Z","url":"/api/categories"}
{"duration":"7ms","ip":"::1","level":"info","message":"HTTP Request","method":"GET","statusCode":200,"timestamp":"2026-09-02T12:52:13.157Z","url":"/api/categories"}
{"duration":"116ms","ip":"::1","level":"info","message":"HTTP Request","method":"GET","statusCode":304,"timestamp":"2026-09-02T12:52:13.268Z","url":"/api/dashboard"}
{"duration":"174ms","ip":"::1","level":"info","message":"HTTP Request","method":"POST","statusCode":201,"timestamp":"2026-09-02T12:52:23.991Z","url":"/api/categories"}
{"duration":"5ms","ip":"::1","level":"info","message":"HTTP Request","method":"GET","statusCode":200,"timestamp":"2026-09-02T12:52:24.004Z","url":"/api/categories"}
{"duration":"117ms","ip":"::1","level":"info","message":"HTTP Request","method":"GET","statusCode":304,"timestamp":"2026-09-02T12:52:24.118Z","url":"/api/dashboard"}
{"duration":"59ms","ip":"::1","level":"info","message":"HTTP Request","method":"POST","statusCode":201,"timestamp":"2026-09-02T12:52:34.894Z","url":"/api/categories"}
{"duration":"6ms","ip":"::1","level":"info","message":"HTTP Request","method":"GET","statusCode":200,"timestamp":"2026-09-02T12:52:34.906Z","url":"/api/categories"}
{"duration":"214ms","ip":"::1","level":"info","message":"HTTP Request","method":"GET","statusCode":304,"timestamp":"2026-09-02T12:52:35.118Z","url":"/api/dashboard"}
{"duration":"308ms","ip":"::1","level":"info","message":"HTTP Request","method":"GET","statusCode":304,"timestamp":"2026-09-02T12:53:52.351Z","url":"/api/dashboard"}
{"duration":"98ms","ip":"::1","level":"info","message":"HTTP Request","method":"GET","statusCode":304,"timestamp":"2026-09-02T12:54:04.530Z","url":"/api/transactions?page=1&limit=10"}
{"duration":"58ms","ip":"::1","level":"info","message":"HTTP Request","method":"POST","statusCode":201,"timestamp":"2026-09-02T12:54:43.339Z","url":"/api/transactions"}
{"duration":"10ms","ip":"::1","level":"info","message":"HTTP Request","method":"GET","statusCode":200,"timestamp":"2026-09-02T12:54:43.357Z","url":"/api/transactions?page=1&limit=10"}
{"duration":"170ms","ip":"::1","level":"info","message":"HTTP Request","method":"GET","statusCode":200,"timestamp":"2026-09-02T12:54:45.370Z","url":"/api/dashboard"}
{"duration":"126ms","ip":"::1","level":"info","message":"HTTP Request","method":"GET","statusCode":304,"timestamp":"2026-09-02T13:03:48.299Z","url":"/api/auth/me"}
{"duration":"95ms","ip":"::1","level":"info","message":"HTTP Request","method":"GET","statusCode":304,"timestamp":"2026-09-02T13:03:48.743Z","url":"/api/categories"}
{"duration":"96ms","ip":"::1","level":"info","message":"HTTP Request","method":"GET","statusCode":304,"timestamp":"2026-09-02T13:03:48.746Z","url":"/api/users/me/settings"}
{"duration":"128ms","ip":"::1","level":"info","message":"HTTP Request","method":"GET","statusCode":304,"timestamp":"2026-09-02T13:03:48.773Z","url":"/api/dashboard"}
{"duration":"5ms","ip":"::1","level":"info","message":"HTTP Request","method":"GET","statusCode":200,"timestamp":"2026-09-02T13:04:18.907Z","url":"/api/auth/me"}
{"duration":"22ms","ip":"::1","level":"info","message":"HTTP Request","method":"GET","statusCode":304,"timestamp":"2026-09-02T13:04:19.340Z","url":"/api/categories"}
{"duration":"79ms","ip":"::1","level":"info","message":"HTTP Request","method":"GET","statusCode":304,"timestamp":"2026-09-02T13:04:19.399Z","url":"/api/users/me/settings"}
{"duration":"233ms","ip":"::1","level":"info","message":"HTTP Request","method":"GET","statusCode":304,"timestamp":"2026-09-02T13:04:19.556Z","url":"/api/dashboard"}
{"duration":"230ms","ip":"::1","level":"info","message":"HTTP Request","method":"GET","statusCode":304,"timestamp":"2026-09-02T13:05:46.068Z","url":"/api/dashboard"}
{"duration":"123ms","ip":"::1","level":"info","message":"HTTP Request","method":"GET","statusCode":304,"timestamp":"2026-09-02T13:07:46.335Z","url":"/api/transactions?page=1&limit=10"}
{"duration":"89ms","ip":"::1","level":"info","message":"HTTP Request","method":"GET","statusCode":304,"timestamp":"2026-09-02T13:07:48.556Z","url":"/api/dashboard"}
{"duration":"116ms","ip":"::1","level":"info","message":"HTTP Request","method":"GET","statusCode":304,"timestamp":"2026-09-02T13:10:30.288Z","url":"/api/categories"}
{"duration":"215ms","ip":"::1","level":"info","message":"HTTP Request","method":"GET","statusCode":304,"timestamp":"2026-09-02T13:10:30.391Z","url":"/api/users/me/settings"}
{"duration":"383ms","ip":"::1","level":"info","message":"HTTP Request","method":"GET","statusCode":304,"timestamp":"2026-09-02T13:10:30.548Z","url":"/api/dashboard"}
{"duration":"14ms","ip":"::1","level":"info","message":"HTTP Request","method":"GET","statusCode":304,"timestamp":"2026-09-02T13:10:35.329Z","url":"/api/auth/me"}
{"duration":"14ms","ip":"::1","level":"info","message":"HTTP Request","method":"GET","statusCode":304,"timestamp":"2026-09-02T13:10:35.751Z","url":"/api/categories"}
{"duration":"14ms","ip":"::1","level":"info","message":"HTTP Request","method":"GET","statusCode":304,"timestamp":"2026-09-02T13:10:35.752Z","url":"/api/users/me/settings"}
{"duration":"85ms","ip":"::1","level":"info","message":"HTTP Request","method":"GET","statusCode":304,"timestamp":"2026-09-02T13:10:35.820Z","url":"/api/dashboard"}
{"duration":"8ms","ip":"::1","level":"info","message":"HTTP Request","method":"GET","statusCode":304,"timestamp":"2026-09-02T13:10:39.008Z","url":"/api/auth/me"}
{"duration":"8ms","ip":"::1","level":"info","message":"HTTP Request","method":"GET","statusCode":304,"timestamp":"2026-09-02T13:10:39.207Z","url":"/api/dashboard"}
{"duration":"7ms","ip":"::1","level":"info","message":"HTTP Request","method":"GET","statusCode":304,"timestamp":"2026-09-02T13:10:39.208Z","url":"/api/categories"}
{"duration":"8ms","ip":"::1","level":"info","message":"HTTP Request","method":"GET","statusCode":304,"timestamp":"2026-09-02T13:10:39.210Z","url":"/api/users/me/settings"}
{"duration":"4ms","ip":"::1","level":"info","message":"HTTP Request","method":"GET","statusCode":304,"timestamp":"2026-09-02T13:10:41.168Z","url":"/api/auth/me"}
{"duration":"15ms","ip":"::1","level":"info","message":"HTTP Request","method":"GET","statusCode":304,"timestamp":"2026-09-02T13:10:41.350Z","url":"/api/dashboard"}
{"duration":"14ms","ip":"::1","level":"info","message":"HTTP Request","method":"GET","statusCode":304,"timestamp":"2026-09-02T13:10:41.350Z","url":"/api/categories"}
{"duration":"17ms","ip":"::1","level":"info","message":"HTTP Request","method":"GET","statusCode":304,"timestamp":"2026-09-02T13:10:41.354Z","url":"/api/users/me/settings"}
{"duration":"82ms","ip":"::1","level":"info","message":"HTTP Request","method":"GET","statusCode":304,"timestamp":"2026-09-02T13:11:03.425Z","url":"/api/transactions?page=1&limit=10"}
{"duration":"91ms","ip":"::1","level":"info","message":"HTTP Request","method":"POST","statusCode":201,"timestamp":"2026-09-02T13:11:48.212Z","url":"/api/transactions"}
{"duration":"8ms","ip":"::1","level":"info","message":"HTTP Request","method":"GET","statusCode":200,"timestamp":"2026-09-02T13:11:48.228Z","url":"/api/transactions?page=1&limit=10"}
{"duration":"108ms","ip":"::1","level":"info","message":"HTTP Request","method":"GET","statusCode":200,"timestamp":"2026-09-02T13:11:50.247Z","url":"/api/dashboard"}
{"duration":"130ms","ip":"::1","level":"info","message":"HTTP Request","method":"POST","statusCode":201,"timestamp":"2026-09-02T13:12:23.748Z","url":"/api/categories"}
{"duration":"13ms","ip":"::1","level":"info","message":"HTTP Request","method":"GET","statusCode":200,"timestamp":"2026-09-02T13:12:23.775Z","url":"/api/categories"}
{"duration":"211ms","ip":"::1","level":"info","message":"HTTP Request","method":"GET","statusCode":304,"timestamp":"2026-09-02T13:12:23.975Z","url":"/api/dashboard"}
{"duration":"15ms","ip":"::1","level":"info","message":"HTTP Request","method":"GET","statusCode":304,"timestamp":"2026-09-02T13:12:31.864Z","url":"/api/transactions?page=1&limit=10"}
{"duration":"111ms","ip":"::1","level":"info","message":"HTTP Request","method":"POST","statusCode":201,"timestamp":"2026-09-02T13:12:53.570Z","url":"/api/transactions"}
{"duration":"8ms","ip":"::1","level":"info","message":"HTTP Request","method":"GET","statusCode":200,"timestamp":"2026-09-02T13:12:53.587Z","url":"/api/transactions?page=1&limit=10"}
{"duration":"162ms","ip":"::1","level":"info","message":"HTTP Request","method":"GET","statusCode":200,"timestamp":"2026-09-02T13:12:57.230Z","url":"/api/dashboard"}
{"duration":"202ms","ip":"::1","level":"info","message":"HTTP Request","method":"GET","statusCode":304,"timestamp":"2026-09-02T13:15:24.718Z","url":"/api/transactions?page=1&limit=10"}
{"duration":"80ms","ip":"::1","level":"info","message":"HTTP Request","method":"GET","statusCode":304,"timestamp":"2026-09-02T13:15:26.417Z","url":"/api/dashboard"}
{"duration":"107ms","ip":"::1","level":"info","message":"HTTP Request","method":"GET","statusCode":304,"timestamp":"2026-09-02T13:22:14.936Z","url":"/api/categories"}
{"duration":"112ms","ip":"::1","level":"info","message":"HTTP Request","method":"GET","statusCode":304,"timestamp":"2026-09-02T13:22:14.945Z","url":"/api/users/me/settings"}
{"duration":"235ms","ip":"::1","level":"info","message":"HTTP Request","method":"GET","statusCode":304,"timestamp":"2026-09-02T13:22:15.053Z","url":"/api/dashboard"}
{"duration":"106ms","ip":"::1","level":"info","message":"HTTP Request","method":"GET","statusCode":304,"timestamp":"2026-09-02T13:28:39.031Z","url":"/api/categories"}
{"duration":"198ms","ip":"::1","level":"info","message":"HTTP Request","method":"GET","statusCode":304,"timestamp":"2026-09-02T13:28:39.100Z","url":"/api/dashboard"}
{"duration":"184ms","ip":"::1","level":"info","message":"HTTP Request","method":"GET","statusCode":304,"timestamp":"2026-09-02T13:28:39.111Z","url":"/api/users/me/settings"}
{"duration":"225ms","ip":"::1","level":"info","message":"HTTP Request","method":"GET","statusCode":304,"timestamp":"2026-09-02T13:32:24.363Z","url":"/api/auth/me"}
{"duration":"74ms","ip":"::1","level":"info","message":"HTTP Request","method":"GET","statusCode":304,"timestamp":"2026-09-02T13:32:24.611Z","url":"/api/categories"}
{"duration":"94ms","ip":"::1","level":"info","message":"HTTP Request","method":"GET","statusCode":304,"timestamp":"2026-09-02T13:32:24.629Z","url":"/api/dashboard"}
{"duration":"169ms","ip":"::1","level":"info","message":"HTTP Request","method":"GET","statusCode":304,"timestamp":"2026-09-02T13:32:24.708Z","url":"/api/users/me/settings"}
{"duration":"96ms","ip":"::1","level":"info","message":"HTTP Request","method":"GET","statusCode":304,"timestamp":"2026-09-02T13:37:29.879Z","url":"/api/auth/me"}
{"duration":"80ms","ip":"::1","level":"info","message":"HTTP Request","method":"GET","statusCode":304,"timestamp":"2026-09-02T13:37:30.188Z","url":"/api/users/me/settings"}
{"duration":"173ms","ip":"::1","level":"info","message":"HTTP Request","method":"GET","statusCode":304,"timestamp":"2026-09-02T13:37:30.280Z","url":"/api/categories"}
{"duration":"194ms","ip":"::1","level":"info","message":"HTTP Request","method":"GET","statusCode":304,"timestamp":"2026-09-02T13:37:30.299Z","url":"/api/dashboard"}
{"duration":"112ms","ip":"::1","level":"info","message":"HTTP Request","method":"GET","statusCode":304,"timestamp":"2026-09-02T13:39:16.059Z","url":"/api/auth/me"}
{"duration":"75ms","ip":"::1","level":"info","message":"HTTP Request","method":"GET","statusCode":304,"timestamp":"2026-09-02T13:39:16.477Z","url":"/api/users/me/settings"}
{"duration":"88ms","ip":"::1","level":"info","message":"HTTP Request","method":"GET","statusCode":304,"timestamp":"2026-09-02T13:39:16.486Z","url":"/api/dashboard"}
{"duration":"176ms","ip":"::1","level":"info","message":"HTTP Request","method":"GET","statusCode":304,"timestamp":"2026-09-02T13:39:16.577Z","url":"/api/categories"}
{"duration":"126ms","ip":"::1","level":"info","message":"HTTP Request","method":"GET","statusCode":304,"timestamp":"2026-09-02T14:02:01.723Z","url":"/api/auth/me"}
{"duration":"64ms","ip":"::1","level":"info","message":"HTTP Request","method":"GET","statusCode":304,"timestamp":"2026-09-02T14:02:01.857Z","url":"/api/categories"}
{"duration":"135ms","ip":"::1","level":"info","message":"HTTP Request","method":"GET","statusCode":304,"timestamp":"2026-09-02T14:02:01.941Z","url":"/api/users/me/settings"}
{"duration":"258ms","ip":"::1","level":"info","message":"HTTP Request","method":"GET","statusCode":304,"timestamp":"2026-09-02T14:02:02.070Z","url":"/api/dashboard"}
{"duration":"347ms","ip":"::1","level":"info","message":"HTTP Request","method":"GET","statusCode":304,"timestamp":"2026-09-02T14:05:33.062Z","url":"/api/auth/me"}
{"duration":"84ms","ip":"::1","level":"info","message":"HTTP Request","method":"GET","statusCode":304,"timestamp":"2026-09-02T14:05:33.259Z","url":"/api/categories"}
{"duration":"85ms","ip":"::1","level":"info","message":"HTTP Request","method":"GET","statusCode":304,"timestamp":"2026-09-02T14:05:33.266Z","url":"/api/users/me/settings"}
{"duration":"96ms","ip":"::1","level":"info","message":"HTTP Request","method":"GET","statusCode":304,"timestamp":"2026-09-02T14:05:33.268Z","url":"/api/dashboard"}
{"duration":"6ms","ip":"::1","level":"info","message":"HTTP Request","method":"GET","statusCode":304,"timestamp":"2026-09-02T14:06:47.344Z","url":"/api/auth/me"}
{"duration":"27ms","ip":"::1","level":"info","message":"HTTP Request","method":"GET","statusCode":200,"timestamp":"2026-09-02T14:06:47.441Z","url":"/api/dashboard"}
{"duration":"18ms","ip":"::1","level":"info","message":"HTTP Request","method":"GET","statusCode":304,"timestamp":"2026-09-02T14:06:47.460Z","url":"/api/users/me/settings"}
{"duration":"176ms","ip":"::1","level":"info","message":"HTTP Request","method":"GET","statusCode":304,"timestamp":"2026-09-02T14:06:47.598Z","url":"/api/categories"}
{"duration":"117ms","ip":"::1","level":"info","message":"HTTP Request","method":"GET","statusCode":304,"timestamp":"2026-09-02T14:09:15.777Z","url":"/api/dashboard"}
{"duration":"69ms","ip":"::1","level":"info","message":"HTTP Request","method":"GET","statusCode":304,"timestamp":"2026-09-02T14:12:23.984Z","url":"/api/categories"}
{"duration":"169ms","ip":"::1","level":"info","message":"HTTP Request","method":"GET","statusCode":304,"timestamp":"2026-09-02T14:12:24.081Z","url":"/api/transactions?page=1&limit=10"}
{"duration":"9ms","ip":"::1","level":"info","message":"HTTP Request","method":"GET","statusCode":304,"timestamp":"2026-09-02T14:12:24.928Z","url":"/api/users/me/settings"}
{"duration":"209ms","ip":"::1","level":"info","message":"HTTP Request","method":"GET","statusCode":304,"timestamp":"2026-09-02T14:13:17.085Z","url":"/api/dashboard"}
{"duration":"132ms","ip":"::1","level":"info","message":"HTTP Request","method":"GET","statusCode":304,"timestamp":"2026-09-02T14:34:31.704Z","url":"/api/users/me/settings"}
{"duration":"69ms","ip":"::1","level":"info","message":"HTTP Request","method":"GET","statusCode":304,"timestamp":"2026-09-02T14:34:33.570Z","url":"/api/categories"}
{"duration":"162ms","ip":"::1","level":"info","message":"HTTP Request","method":"GET","statusCode":304,"timestamp":"2026-09-02T14:34:33.661Z","url":"/api/dashboard"}
{"duration":"9ms","ip":"::1","level":"info","message":"HTTP Request","method":"GET","statusCode":304,"timestamp":"2026-09-02T14:37:51.578Z","url":"/api/auth/me"}
{"duration":"20ms","ip":"::1","level":"info","message":"HTTP Request","method":"GET","statusCode":200,"timestamp":"2026-09-02T14:37:51.782Z","url":"/api/dashboard"}
{"duration":"8ms","ip":"::1","level":"info","message":"HTTP Request","method":"GET","statusCode":304,"timestamp":"2026-09-02T14:37:51.787Z","url":"/api/categories"}
{"duration":"134ms","ip":"::1","level":"info","message":"HTTP Request","method":"GET","statusCode":304,"timestamp":"2026-09-02T14:37:51.914Z","url":"/api/users/me/settings"}
{"duration":"85ms","ip":"::1","level":"info","message":"HTTP Request","method":"GET","statusCode":304,"timestamp":"2026-09-02T14:45:37.159Z","url":"/api/categories"}
{"duration":"132ms","ip":"::1","level":"info","message":"HTTP Request","method":"GET","statusCode":304,"timestamp":"2026-09-02T14:45:37.168Z","url":"/api/transactions?page=1&limit=10"}
{"duration":"67ms","ip":"::1","level":"info","message":"HTTP Request","method":"POST","statusCode":201,"timestamp":"2026-09-02T14:46:18.476Z","url":"/api/transactions"}
{"duration":"10ms","ip":"::1","level":"info","message":"HTTP Request","method":"GET","statusCode":200,"timestamp":"2026-09-02T14:46:18.490Z","url":"/api/transactions?page=1&limit=10"}
{"duration":"49ms","ip":"::1","level":"info","message":"HTTP Request","method":"GET","statusCode":304,"timestamp":"2026-09-02T14:46:31.857Z","url":"/api/users/me/settings"}
{"duration":"301ms","ip":"::1","level":"info","message":"HTTP Request","method":"GET","statusCode":200,"timestamp":"2026-09-02T14:46:32.090Z","url":"/api/dashboard"}
{"duration":"243ms","ip":"::1","level":"info","message":"HTTP Request","method":"GET","statusCode":304,"timestamp":"2026-09-02T14:56:20.652Z","url":"/api/auth/me"}
{"duration":"63ms","ip":"::1","level":"info","message":"HTTP Request","method":"GET","statusCode":304,"timestamp":"2026-09-02T14:56:20.836Z","url":"/api/categories"}
{"duration":"162ms","ip":"::1","level":"info","message":"HTTP Request","method":"GET","statusCode":304,"timestamp":"2026-09-02T14:56:20.938Z","url":"/api/users/me/settings"}
{"duration":"211ms","ip":"::1","level":"info","message":"HTTP Request","method":"GET","statusCode":304,"timestamp":"2026-09-02T14:56:20.982Z","url":"/api/dashboard"}
{"duration":"156ms","ip":"::1","level":"info","message":"HTTP Request","method":"GET","statusCode":304,"timestamp":"2026-09-02T14:59:33.217Z","url":"/api/auth/me"}
{"duration":"55ms","ip":"::1","level":"info","message":"HTTP Request","method":"GET","statusCode":304,"timestamp":"2026-09-02T14:59:33.378Z","url":"/api/users/me/settings"}
{"duration":"60ms","ip":"::1","level":"info","message":"HTTP Request","method":"GET","statusCode":304,"timestamp":"2026-09-02T14:59:33.381Z","url":"/api/categories"}
{"duration":"173ms","ip":"::1","level":"info","message":"HTTP Request","method":"GET","statusCode":304,"timestamp":"2026-09-02T14:59:33.493Z","url":"/api/dashboard"}
{"duration":"170ms","ip":"::1","level":"info","message":"HTTP Request","method":"GET","statusCode":304,"timestamp":"2026-09-02T15:00:31.962Z","url":"/api/auth/me"}
{"duration":"59ms","ip":"::1","level":"info","message":"HTTP Request","method":"GET","statusCode":304,"timestamp":"2026-09-02T15:00:32.084Z","url":"/api/users/me/settings"}
{"duration":"64ms","ip":"::1","level":"info","message":"HTTP Request","method":"GET","statusCode":304,"timestamp":"2026-09-02T15:00:32.086Z","url":"/api/categories"}
{"duration":"83ms","ip":"::1","level":"info","message":"HTTP Request","method":"GET","statusCode":304,"timestamp":"2026-09-02T15:00:32.102Z","url":"/api/dashboard"}
{"duration":"24ms","ip":"::1","level":"info","message":"HTTP Request","method":"GET","statusCode":304,"timestamp":"2026-09-02T15:00:33.627Z","url":"/api/transactions?page=1&limit=10"}
{"duration":"160ms","ip":"::1","level":"info","message":"HTTP Request","method":"POST","statusCode":201,"timestamp":"2026-09-02T15:01:13.248Z","url":"/api/transactions"}
{"duration":"6ms","ip":"::1","level":"info","message":"HTTP Request","method":"GET","statusCode":200,"timestamp":"2026-09-02T15:01:13.259Z","url":"/api/transactions?page=1&limit=10"}
{"duration":"163ms","ip":"::1","level":"info","message":"HTTP Request","method":"GET","statusCode":200,"timestamp":"2026-09-02T15:01:16.925Z","url":"/api/dashboard"}
{"duration":"100ms","ip":"::1","level":"info","message":"HTTP Request","method":"GET","statusCode":304,"timestamp":"2026-09-02T15:04:17.607Z","url":"/api/transactions?page=1&limit=10"}
{"duration":"174ms","ip":"::1","level":"info","message":"HTTP Request","method":"POST","statusCode":201,"timestamp":"2026-09-02T15:04:39.145Z","url":"/api/transactions"}
{"duration":"4ms","ip":"::1","level":"info","message":"HTTP Request","method":"GET","statusCode":200,"timestamp":"2026-09-02T15:04:39.155Z","url":"/api/transactions?page=1&limit=10"}
{"duration":"159ms","ip":"::1","level":"info","message":"HTTP Request","method":"GET","statusCode":200,"timestamp":"2026-09-02T15:04:40.854Z","url":"/api/dashboard"}
{"duration":"63ms","ip":"::1","level":"info","message":"HTTP Request","method":"GET","statusCode":304,"timestamp":"2026-09-02T15:05:43.406Z","url":"/api/users/me/settings"}
{"duration":"61ms","ip":"::1","level":"info","message":"HTTP Request","method":"GET","statusCode":304,"timestamp":"2026-09-02T15:05:43.406Z","url":"/api/categories"}
{"duration":"175ms","ip":"::1","level":"info","message":"HTTP Request","method":"GET","statusCode":304,"timestamp":"2026-09-02T15:05:43.514Z","url":"/api/dashboard"}
{"duration":"67ms","ip":"::1","level":"info","message":"HTTP Request","method":"GET","statusCode":304,"timestamp":"2026-09-02T15:08:01.669Z","url":"/api/transactions?page=1&limit=10"}
{"duration":"67ms","ip":"::1","level":"info","message":"HTTP Request","method":"GET","statusCode":304,"timestamp":"2026-09-02T15:08:09.895Z","url":"/api/dashboard"}
{"duration":"235ms","ip":"::1","level":"info","message":"HTTP Request","method":"GET","statusCode":304,"timestamp":"2026-09-03T09:46:01.615Z","url":"/api/auth/me"}
{"duration":"12ms","ip":"::1","level":"info","message":"HTTP Request","method":"GET","statusCode":304,"timestamp":"2026-09-03T09:46:02.601Z","url":"/api/users/me/settings"}
{"duration":"164ms","ip":"::1","level":"info","message":"HTTP Request","method":"GET","statusCode":304,"timestamp":"2026-09-03T09:47:16.882Z","url":"/api/categories"}
{"duration":"233ms","ip":"::1","level":"info","message":"HTTP Request","method":"GET","statusCode":304,"timestamp":"2026-09-03T09:47:16.948Z","url":"/api/dashboard"}
{"duration":"21ms","ip":"::1","level":"info","message":"HTTP Request","method":"GET","statusCode":304,"timestamp":"2026-09-03T09:47:23.270Z","url":"/api/transactions?page=1&limit=10"}
{"duration":"156ms","ip":"::1","level":"info","message":"HTTP Request","method":"GET","statusCode":304,"timestamp":"2026-09-03T09:55:54.525Z","url":"/api/categories"}
{"duration":"178ms","ip":"::1","level":"info","message":"HTTP Request","method":"GET","statusCode":304,"timestamp":"2026-09-03T09:55:54.550Z","url":"/api/users/me/settings"}
{"duration":"328ms","ip":"::1","level":"info","message":"HTTP Request","method":"GET","statusCode":304,"timestamp":"2026-09-03T09:55:54.683Z","url":"/api/dashboard"}
{"duration":"51ms","ip":"::1","level":"info","message":"HTTP Request","method":"GET","statusCode":304,"timestamp":"2026-09-03T10:04:23.564Z","url":"/api/categories"}
{"duration":"72ms","ip":"::1","level":"info","message":"HTTP Request","method":"GET","statusCode":304,"timestamp":"2026-09-03T10:04:23.569Z","url":"/api/transactions?page=1&limit=10"}
{"duration":"23ms","ip":"::1","level":"info","message":"HTTP Request","method":"GET","statusCode":200,"timestamp":"2026-09-03T10:04:26.335Z","url":"/api/transactions?page=1&limit=10&type=INCOME"}
{"duration":"13ms","ip":"::1","level":"info","message":"HTTP Request","method":"GET","statusCode":200,"timestamp":"2026-09-03T10:04:31.930Z","url":"/api/transactions?page=1&limit=10&type=INCOME&startDate=2026-09-02T00:00:00.000Z"}
{"duration":"7ms","ip":"::1","level":"info","message":"HTTP Request","method":"GET","statusCode":200,"timestamp":"2026-09-03T10:04:35.288Z","url":"/api/transactions?page=1&limit=10&type=INCOME&startDate=2026-08-31T00:00:00.000Z"}
{"duration":"6ms","ip":"::1","level":"info","message":"HTTP Request","method":"GET","statusCode":200,"timestamp":"2026-09-03T10:04:39.381Z","url":"/api/transactions?page=1&limit=10&type=INCOME&startDate=2026-08-31T00:00:00.000Z&endDate=2026-09-02T23:59:59.999Z"}
{"duration":"4ms","ip":"::1","level":"info","message":"HTTP Request","method":"GET","statusCode":200,"timestamp":"2026-09-03T10:04:41.632Z","url":"/api/transactions?page=1&limit=10&type=INCOME&startDate=2026-08-31T00:00:00.000Z&endDate=2026-09-01T23:59:59.999Z"}
{"duration":"59ms","ip":"::1","level":"info","message":"HTTP Request","method":"GET","statusCode":400,"timestamp":"2026-09-03T10:05:52.904Z","url":"/api/transactions?page=1&limit=10&type=INCOME&startDate=2026-09-30T00:00:00.000Z&endDate=2026-09-01T23:59:59.999Z"}
{"duration":"3ms","ip":"::1","level":"info","message":"HTTP Request","method":"GET","statusCode":400,"timestamp":"2026-09-03T10:05:54.711Z","url":"/api/transactions?page=1&limit=10&type=INCOME&startDate=2026-09-10T00:00:00.000Z&endDate=2026-09-01T23:59:59.999Z"}
{"duration":"12ms","ip":"::1","level":"info","message":"HTTP Request","method":"GET","statusCode":200,"timestamp":"2026-09-03T10:06:01.514Z","url":"/api/transactions?page=1&limit=10&type=INCOME&startDate=2026-09-10T00:00:00.000Z&endDate=2026-09-18T23:59:59.999Z"}
{"duration":"11ms","ip":"::1","level":"info","message":"HTTP Request","method":"GET","statusCode":304,"timestamp":"2026-09-03T10:06:04.902Z","url":"/api/transactions?page=1&limit=10"}
{"duration":"193ms","ip":"::1","level":"info","message":"HTTP Request","method":"GET","statusCode":304,"timestamp":"2026-09-03T10:06:11.585Z","url":"/api/dashboard"}
{"duration":"193ms","ip":"::1","level":"info","message":"HTTP Request","method":"GET","statusCode":304,"timestamp":"2026-09-03T10:06:11.587Z","url":"/api/users/me/settings"}
{"duration":"87ms","ip":"::1","level":"info","message":"HTTP Request","method":"PATCH","statusCode":200,"timestamp":"2026-09-03T10:06:23.430Z","url":"/api/users/me/settings"}
{"duration":"94ms","ip":"::1","level":"info","message":"HTTP Request","method":"GET","statusCode":304,"timestamp":"2026-09-03T10:09:41.689Z","url":"/api/categories"}
{"duration":"203ms","ip":"::1","level":"info","message":"HTTP Request","method":"GET","statusCode":304,"timestamp":"2026-09-03T10:09:41.791Z","url":"/api/transactions?page=1&limit=10"}
{"duration":"80ms","ip":"::1","level":"info","message":"HTTP Request","method":"POST","statusCode":201,"timestamp":"2026-09-03T10:10:48.302Z","url":"/api/transactions"}
{"duration":"8ms","ip":"::1","level":"info","message":"HTTP Request","method":"GET","statusCode":200,"timestamp":"2026-09-03T10:10:48.320Z","url":"/api/transactions?page=1&limit=10"}
{"duration":"177ms","ip":"::1","level":"info","message":"HTTP Request","method":"GET","statusCode":200,"timestamp":"2026-09-03T10:11:01.878Z","url":"/api/dashboard"}
{"duration":"164ms","ip":"::1","level":"info","message":"HTTP Request","method":"POST","statusCode":201,"timestamp":"2026-09-03T10:12:02.090Z","url":"/api/transactions"}
{"duration":"9ms","ip":"::1","level":"info","message":"HTTP Request","method":"GET","statusCode":200,"timestamp":"2026-09-03T10:12:02.108Z","url":"/api/transactions?page=1&limit=10"}
{"duration":"92ms","ip":"::1","level":"info","message":"HTTP Request","method":"GET","statusCode":200,"timestamp":"2026-09-03T10:12:05.627Z","url":"/api/users/me/settings"}
{"duration":"128ms","ip":"::1","level":"info","message":"HTTP Request","method":"GET","statusCode":200,"timestamp":"2026-09-03T10:12:05.652Z","url":"/api/dashboard"}
{"duration":"75ms","ip":"::1","level":"info","message":"HTTP Request","method":"POST","statusCode":200,"timestamp":"2026-09-03T10:24:51.860Z","url":"/api/auth/logout"}
{"duration":"475ms","ip":"::1","level":"info","message":"HTTP Request","method":"POST","statusCode":201,"timestamp":"2026-09-03T10:25:31.717Z","url":"/api/auth/register"}
{"duration":"369ms","ip":"::1","level":"info","message":"HTTP Request","method":"POST","statusCode":200,"timestamp":"2026-09-03T10:25:41.925Z","url":"/api/auth/login"}
{"duration":"5ms","ip":"::1","level":"info","message":"HTTP Request","method":"GET","statusCode":200,"timestamp":"2026-09-03T10:25:41.938Z","url":"/api/auth/me"}
{"duration":"35ms","ip":"::1","level":"info","message":"HTTP Request","method":"GET","statusCode":200,"timestamp":"2026-09-03T10:25:42.042Z","url":"/api/users/me/settings"}
{"duration":"80ms","ip":"::1","level":"info","message":"HTTP Request","method":"GET","statusCode":200,"timestamp":"2026-09-03T10:25:42.093Z","url":"/api/categories"}
{"duration":"241ms","ip":"::1","level":"info","message":"HTTP Request","method":"GET","statusCode":200,"timestamp":"2026-09-03T10:25:42.251Z","url":"/api/dashboard"}
{"duration":"52ms","ip":"::1","level":"info","message":"HTTP Request","method":"POST","statusCode":200,"timestamp":"2026-09-03T10:25:52.603Z","url":"/api/auth/logout"}
{"duration":"503ms","ip":"::1","level":"info","message":"HTTP Request","method":"POST","statusCode":401,"timestamp":"2026-09-03T10:26:16.553Z","url":"/api/auth/login"}
{"duration":"353ms","ip":"::1","level":"info","message":"HTTP Request","method":"POST","statusCode":200,"timestamp":"2026-09-03T10:26:22.444Z","url":"/api/auth/login"}
{"duration":"4ms","ip":"::1","level":"info","message":"HTTP Request","method":"GET","statusCode":200,"timestamp":"2026-09-03T10:26:22.455Z","url":"/api/auth/me"}
{"duration":"22ms","ip":"::1","level":"info","message":"HTTP Request","method":"GET","statusCode":200,"timestamp":"2026-09-03T10:26:22.539Z","url":"/api/users/me/settings"}
{"duration":"92ms","ip":"::1","level":"info","message":"HTTP Request","method":"GET","statusCode":200,"timestamp":"2026-09-03T10:26:22.616Z","url":"/api/categories"}
{"duration":"246ms","ip":"::1","level":"info","message":"HTTP Request","method":"GET","statusCode":200,"timestamp":"2026-09-03T10:26:22.767Z","url":"/api/dashboard"}
{"duration":"27ms","ip":"::1","level":"info","message":"HTTP Request","method":"GET","statusCode":304,"timestamp":"2026-09-03T10:26:27.678Z","url":"/api/transactions?page=1&limit=10"}
{"duration":"77ms","ip":"::1","level":"info","message":"HTTP Request","method":"GET","statusCode":304,"timestamp":"2026-09-03T10:34:22.983Z","url":"/api/auth/me"}
{"duration":"22ms","ip":"::1","level":"info","message":"HTTP Request","method":"GET","statusCode":304,"timestamp":"2026-09-03T10:34:23.357Z","url":"/api/transactions?page=1&limit=10"}
{"duration":"75ms","ip":"::1","level":"info","message":"HTTP Request","method":"GET","statusCode":304,"timestamp":"2026-09-03T10:34:23.415Z","url":"/api/categories"}
{"duration":"178ms","ip":"::1","level":"info","message":"HTTP Request","method":"GET","statusCode":304,"timestamp":"2026-09-03T10:34:23.515Z","url":"/api/users/me/settings"}
{"duration":"494ms","ip":"::1","level":"info","message":"HTTP Request","method":"GET","statusCode":304,"timestamp":"2026-09-03T10:35:03.290Z","url":"/api/dashboard"}
{"duration":"110ms","ip":"::1","level":"info","message":"HTTP Request","method":"GET","statusCode":304,"timestamp":"2026-09-03T10:36:13.817Z","url":"/api/transactions?page=1&limit=10"}
{"duration":"280ms","ip":"::1","level":"info","message":"HTTP Request","method":"GET","statusCode":304,"timestamp":"2026-09-03T10:37:01.825Z","url":"/api/dashboard"}
{"duration":"231ms","ip":"::1","level":"info","message":"HTTP Request","method":"GET","statusCode":304,"timestamp":"2026-09-03T10:38:06.752Z","url":"/api/dashboard"}
{"duration":"28ms","ip":"::1","level":"info","message":"HTTP Request","method":"GET","statusCode":304,"timestamp":"2026-09-03T10:38:07.039Z","url":"/api/transactions?page=1&limit=10"}
{"duration":"119ms","ip":"::1","level":"info","message":"HTTP Request","method":"GET","statusCode":304,"timestamp":"2026-09-03T10:39:59.942Z","url":"/api/categories"}
{"duration":"132ms","ip":"::1","level":"info","message":"HTTP Request","method":"GET","statusCode":304,"timestamp":"2026-09-03T10:39:59.943Z","url":"/api/transactions?page=1&limit=10"}
{"duration":"19ms","ip":"::1","level":"info","message":"HTTP Request","method":"GET","statusCode":304,"timestamp":"2026-09-03T10:40:06.336Z","url":"/api/users/me/settings"}
{"duration":"121ms","ip":"::1","level":"info","message":"HTTP Request","method":"GET","statusCode":304,"timestamp":"2026-09-03T10:40:06.436Z","url":"/api/dashboard"}
{"duration":"232ms","ip":"::1","level":"info","message":"HTTP Request","method":"GET","statusCode":304,"timestamp":"2026-09-03T10:41:32.385Z","url":"/api/dashboard"}
{"duration":"268ms","ip":"::1","level":"info","message":"HTTP Request","method":"GET","statusCode":304,"timestamp":"2026-09-03T11:03:28.552Z","url":"/api/users/me/settings"}
{"duration":"187ms","ip":"::1","level":"info","message":"HTTP Request","method":"GET","statusCode":304,"timestamp":"2026-09-03T11:03:28.558Z","url":"/api/categories"}
{"duration":"344ms","ip":"::1","level":"info","message":"HTTP Request","method":"GET","statusCode":304,"timestamp":"2026-09-03T11:03:28.720Z","url":"/api/dashboard"}
{"duration":"413ms","ip":"::1","level":"info","message":"HTTP Request","method":"GET","statusCode":304,"timestamp":"2026-09-03T11:04:34.524Z","url":"/api/dashboard"}
{"duration":"261ms","ip":"::1","level":"info","message":"HTTP Request","method":"GET","statusCode":304,"timestamp":"2026-09-03T11:16:09.532Z","url":"/api/auth/me"}
{"duration":"95ms","ip":"::1","level":"info","message":"HTTP Request","method":"GET","statusCode":304,"timestamp":"2026-09-03T11:16:10.033Z","url":"/api/users/me/settings"}
{"duration":"102ms","ip":"::1","level":"info","message":"HTTP Request","method":"GET","statusCode":304,"timestamp":"2026-09-03T11:16:10.040Z","url":"/api/categories"}
{"duration":"236ms","ip":"::1","level":"info","message":"HTTP Request","method":"GET","statusCode":304,"timestamp":"2026-09-03T11:16:10.169Z","url":"/api/dashboard"}
{"duration":"61ms","ip":"::1","level":"info","message":"HTTP Request","method":"POST","statusCode":200,"timestamp":"2026-09-03T11:16:51.594Z","url":"/api/auth/logout"}
{"duration":"522ms","ip":"::1","level":"info","message":"HTTP Request","method":"POST","statusCode":200,"timestamp":"2026-09-03T11:24:04.413Z","url":"/api/auth/login"}
{"duration":"11ms","ip":"::1","level":"info","message":"HTTP Request","method":"GET","statusCode":304,"timestamp":"2026-09-03T11:24:04.433Z","url":"/api/auth/me"}
{"duration":"33ms","ip":"::1","level":"info","message":"HTTP Request","method":"GET","statusCode":304,"timestamp":"2026-09-03T11:24:04.554Z","url":"/api/users/me/settings"}
{"duration":"100ms","ip":"::1","level":"info","message":"HTTP Request","method":"GET","statusCode":304,"timestamp":"2026-09-03T11:24:04.637Z","url":"/api/categories"}
{"duration":"182ms","ip":"::1","level":"info","message":"HTTP Request","method":"GET","statusCode":304,"timestamp":"2026-09-03T11:24:04.712Z","url":"/api/dashboard"}
{"duration":"137ms","ip":"::1","level":"info","message":"HTTP Request","method":"GET","statusCode":304,"timestamp":"2026-09-03T11:28:53.421Z","url":"/api/transactions?page=1&limit=10"}
{"duration":"91ms","ip":"::1","level":"info","message":"HTTP Request","method":"GET","statusCode":304,"timestamp":"2026-09-03T11:29:01.808Z","url":"/api/dashboard"}
{"duration":"15ms","ip":"::1","level":"info","message":"HTTP Request","method":"GET","statusCode":304,"timestamp":"2026-09-03T11:29:06.865Z","url":"/api/users/me/settings"}
{"duration":"183ms","ip":"::1","level":"info","message":"HTTP Request","method":"GET","statusCode":304,"timestamp":"2026-09-03T11:33:58.015Z","url":"/api/categories"}
{"duration":"384ms","ip":"::1","level":"info","message":"HTTP Request","method":"GET","statusCode":304,"timestamp":"2026-09-03T11:33:58.208Z","url":"/api/dashboard"}
{"duration":"99ms","ip":"::1","level":"info","message":"HTTP Request","method":"POST","statusCode":200,"timestamp":"2026-09-03T11:46:30.289Z","url":"/api/auth/logout"}
{"duration":"744ms","ip":"::1","level":"info","message":"HTTP Request","method":"POST","statusCode":200,"timestamp":"2026-09-04T09:37:18.439Z","url":"/api/auth/login"}
{"duration":"13ms","ip":"::1","level":"info","message":"HTTP Request","method":"GET","statusCode":304,"timestamp":"2026-09-04T09:37:18.462Z","url":"/api/auth/me"}
{"duration":"40ms","ip":"::1","level":"info","message":"HTTP Request","method":"GET","statusCode":304,"timestamp":"2026-09-04T09:37:18.584Z","url":"/api/users/me/settings"}
{"duration":"235ms","ip":"::1","level":"info","message":"HTTP Request","method":"GET","statusCode":304,"timestamp":"2026-09-04T09:37:18.788Z","url":"/api/categories"}
{"duration":"311ms","ip":"::1","level":"info","message":"HTTP Request","method":"GET","statusCode":304,"timestamp":"2026-09-04T09:37:18.860Z","url":"/api/dashboard"}
{"duration":"148ms","ip":"::1","level":"info","message":"HTTP Request","method":"GET","statusCode":304,"timestamp":"2026-09-04T09:43:18.343Z","url":"/api/transactions?page=1&limit=10"}
{"duration":"221ms","ip":"::1","level":"info","message":"HTTP Request","method":"GET","statusCode":304,"timestamp":"2026-09-04T09:43:18.411Z","url":"/api/categories"}
{"duration":"18ms","ip":"::1","level":"info","message":"HTTP Request","method":"GET","statusCode":304,"timestamp":"2026-09-04T09:43:19.894Z","url":"/api/users/me/settings"}
{"duration":"182ms","ip":"::1","level":"info","message":"HTTP Request","method":"GET","statusCode":304,"timestamp":"2026-09-04T09:43:20.054Z","url":"/api/dashboard"}
{"duration":"162ms","ip":"::1","level":"info","message":"HTTP Request","method":"PATCH","statusCode":200,"timestamp":"2026-09-04T09:46:47.371Z","url":"/api/users/me/settings"}
{"duration":"172ms","ip":"::1","level":"info","message":"HTTP Request","method":"GET","statusCode":304,"timestamp":"2026-09-04T09:46:50.526Z","url":"/api/dashboard"}
{"duration":"60ms","ip":"::1","level":"info","message":"HTTP Request","method":"PATCH","statusCode":200,"timestamp":"2026-09-04T09:47:07.649Z","url":"/api/users/me/settings"}
{"duration":"241ms","ip":"::1","level":"info","message":"HTTP Request","method":"PATCH","statusCode":200,"timestamp":"2026-09-04T09:47:54.991Z","url":"/api/users/me/settings"}
{"duration":"192ms","ip":"::1","level":"info","message":"HTTP Request","method":"GET","statusCode":304,"timestamp":"2026-09-04T09:47:55.776Z","url":"/api/dashboard"}
{"duration":"167ms","ip":"::1","level":"info","message":"HTTP Request","method":"PATCH","statusCode":200,"timestamp":"2026-09-04T09:48:12.680Z","url":"/api/users/me/settings"}
{"duration":"64ms","ip":"::1","level":"info","message":"HTTP Request","method":"PATCH","statusCode":200,"timestamp":"2026-09-04T09:48:25.432Z","url":"/api/users/me/settings"}
{"duration":"18ms","ip":"::1","level":"info","message":"HTTP Request","method":"GET","statusCode":304,"timestamp":"2026-09-04T09:48:27.462Z","url":"/api/categories"}
{"duration":"63ms","ip":"::1","level":"info","message":"HTTP Request","method":"PATCH","statusCode":200,"timestamp":"2026-09-04T09:48:41.554Z","url":"/api/users/me/settings"}
{"duration":"154ms","ip":"::1","level":"info","message":"HTTP Request","method":"PATCH","statusCode":200,"timestamp":"2026-09-04T09:48:57.322Z","url":"/api/users/me/settings"}
{"duration":"108ms","ip":"::1","level":"info","message":"HTTP Request","method":"GET","statusCode":304,"timestamp":"2026-09-04T09:48:59.448Z","url":"/api/dashboard"}
{"duration":"169ms","ip":"::1","level":"info","message":"HTTP Request","method":"PATCH","statusCode":200,"timestamp":"2026-09-04T09:49:55.011Z","url":"/api/users/me/settings"}
{"duration":"9ms","ip":"::1","level":"info","message":"HTTP Request","method":"GET","statusCode":304,"timestamp":"2026-09-04T09:50:02.584Z","url":"/api/auth/me"}
{"duration":"152ms","ip":"::1","level":"info","message":"HTTP Request","method":"GET","statusCode":304,"timestamp":"2026-09-04T09:50:03.073Z","url":"/api/categories"}
{"duration":"148ms","ip":"::1","level":"info","message":"HTTP Request","method":"GET","statusCode":200,"timestamp":"2026-09-04T09:50:03.076Z","url":"/api/users/me/settings"}
{"duration":"159ms","ip":"::1","level":"info","message":"HTTP Request","method":"GET","statusCode":304,"timestamp":"2026-09-04T09:50:03.078Z","url":"/api/dashboard"}
{"duration":"32ms","ip":"::1","level":"info","message":"HTTP Request","method":"GET","statusCode":304,"timestamp":"2026-09-04T09:50:07.868Z","url":"/api/transactions?page=1&limit=10"}
{"duration":"269ms","ip":"::1","level":"info","message":"HTTP Request","method":"PATCH","statusCode":200,"timestamp":"2026-09-04T10:40:49.098Z","url":"/api/users/me/settings"}
{"duration":"110ms","ip":"::1","level":"info","message":"HTTP Request","method":"GET","statusCode":304,"timestamp":"2026-09-04T10:40:51.282Z","url":"/api/categories"}
{"duration":"122ms","ip":"::1","level":"info","message":"HTTP Request","method":"GET","statusCode":304,"timestamp":"2026-09-04T10:40:51.289Z","url":"/api/dashboard"}
{"duration":"34ms","ip":"::1","level":"info","message":"HTTP Request","method":"GET","statusCode":304,"timestamp":"2026-09-04T10:40:55.761Z","url":"/api/transactions?page=1&limit=10"}
{"duration":"173ms","ip":"::1","level":"info","message":"HTTP Request","method":"POST","statusCode":201,"timestamp":"2026-09-04T10:41:15.644Z","url":"/api/transactions"}
{"duration":"14ms","ip":"::1","level":"info","message":"HTTP Request","method":"GET","statusCode":200,"timestamp":"2026-09-04T10:41:15.669Z","url":"/api/transactions?page=1&limit=10"}
{"duration":"184ms","ip":"::1","level":"info","message":"HTTP Request","method":"GET","statusCode":200,"timestamp":"2026-09-04T10:41:17.898Z","url":"/api/dashboard"}
{"duration":"199ms","ip":"::1","level":"info","message":"HTTP Request","method":"GET","statusCode":304,"timestamp":"2026-09-04T10:51:43.414Z","url":"/api/auth/me"}
{"duration":"9ms","ip":"::1","level":"info","message":"HTTP Request","method":"GET","statusCode":200,"timestamp":"2026-09-04T10:51:43.751Z","url":"/api/users/me/settings"}
{"duration":"125ms","ip":"::1","level":"info","message":"HTTP Request","method":"GET","statusCode":304,"timestamp":"2026-09-04T11:01:08.304Z","url":"/api/auth/me"}
{"duration":"12ms","ip":"::1","level":"info","message":"HTTP Request","method":"GET","statusCode":304,"timestamp":"2026-09-04T11:01:08.387Z","url":"/api/users/me/settings"}
{"duration":"140ms","ip":"::1","level":"info","message":"HTTP Request","method":"GET","statusCode":304,"timestamp":"2026-09-04T11:01:21.718Z","url":"/api/categories"}
{"duration":"232ms","ip":"::1","level":"info","message":"HTTP Request","method":"GET","statusCode":304,"timestamp":"2026-09-04T11:01:21.799Z","url":"/api/dashboard"}
{"duration":"106ms","ip":"::1","level":"info","message":"HTTP Request","method":"GET","statusCode":304,"timestamp":"2026-09-04T11:03:20.051Z","url":"/api/auth/me"}
{"duration":"99ms","ip":"::1","level":"info","message":"HTTP Request","method":"GET","statusCode":304,"timestamp":"2026-09-04T11:03:20.256Z","url":"/api/dashboard"}
{"duration":"180ms","ip":"::1","level":"info","message":"HTTP Request","method":"GET","statusCode":304,"timestamp":"2026-09-04T11:03:20.342Z","url":"/api/categories"}
{"duration":"177ms","ip":"::1","level":"info","message":"HTTP Request","method":"GET","statusCode":304,"timestamp":"2026-09-04T11:03:20.344Z","url":"/api/users/me/settings"}
{"duration":"196ms","ip":"::1","level":"info","message":"HTTP Request","method":"GET","statusCode":304,"timestamp":"2026-09-04T11:07:15.232Z","url":"/api/auth/me"}
{"duration":"7ms","ip":"::1","level":"info","message":"HTTP Request","method":"GET","statusCode":304,"timestamp":"2026-09-04T11:07:20.894Z","url":"/api/auth/me"}
{"duration":"445ms","ip":"::ffff:127.0.0.1","level":"info","message":"HTTP Request","method":"POST","statusCode":201,"timestamp":"2026-09-04T11:09:32.369Z","url":"/api/auth/register"}
{"duration":"361ms","ip":"::ffff:127.0.0.1","level":"info","message":"HTTP Request","method":"POST","statusCode":200,"timestamp":"2026-09-04T11:09:32.753Z","url":"/api/auth/login"}
{"duration":"2ms","ip":"::ffff:127.0.0.1","level":"info","message":"HTTP Request","method":"GET","statusCode":401,"timestamp":"2026-09-04T11:09:32.770Z","url":"/api/dashboard"}
{"duration":"379ms","ip":"::ffff:127.0.0.1","level":"info","message":"HTTP Request","method":"POST","statusCode":201,"timestamp":"2026-09-04T11:09:33.161Z","url":"/api/auth/register"}
{"duration":"353ms","ip":"::ffff:127.0.0.1","level":"info","message":"HTTP Request","method":"POST","statusCode":200,"timestamp":"2026-09-04T11:09:33.522Z","url":"/api/auth/login"}
{"duration":"117ms","ip":"::ffff:127.0.0.1","level":"info","message":"HTTP Request","method":"GET","statusCode":200,"timestamp":"2026-09-04T11:09:33.646Z","url":"/api/dashboard"}
{"duration":"364ms","ip":"::ffff:127.0.0.1","level":"info","message":"HTTP Request","method":"POST","statusCode":201,"timestamp":"2026-09-04T11:09:34.032Z","url":"/api/auth/register"}
{"duration":"365ms","ip":"::ffff:127.0.0.1","level":"info","message":"HTTP Request","method":"POST","statusCode":200,"timestamp":"2026-09-04T11:09:34.403Z","url":"/api/auth/login"}
{"duration":"40ms","ip":"::ffff:127.0.0.1","level":"info","message":"HTTP Request","method":"POST","statusCode":201,"timestamp":"2026-09-04T11:09:34.449Z","url":"/api/categories"}
{"duration":"19ms","ip":"::ffff:127.0.0.1","level":"info","message":"HTTP Request","method":"POST","statusCode":201,"timestamp":"2026-09-04T11:09:34.476Z","url":"/api/transactions"}
{"duration":"8ms","ip":"::ffff:127.0.0.1","level":"info","message":"HTTP Request","method":"GET","statusCode":200,"timestamp":"2026-09-04T11:09:34.491Z","url":"/api/dashboard"}
{"duration":"1ms","ip":"::ffff:127.0.0.1","level":"info","message":"HTTP Request","method":"GET","statusCode":200,"timestamp":"2026-09-04T11:09:35.144Z","url":"/"}
{"duration":"5ms","ip":"::ffff:127.0.0.1","level":"info","message":"HTTP Request","method":"GET","statusCode":200,"timestamp":"2026-09-04T11:09:35.165Z","url":"/db-check"}
{"duration":"322ms","ip":"::ffff:127.0.0.1","level":"info","message":"HTTP Request","method":"POST","statusCode":201,"timestamp":"2026-09-04T11:09:36.114Z","url":"/api/auth/register"}
{"duration":"286ms","ip":"::ffff:127.0.0.1","level":"info","message":"HTTP Request","method":"POST","statusCode":201,"timestamp":"2026-09-04T11:09:36.412Z","url":"/api/auth/register"}
{"duration":"1ms","ip":"::ffff:127.0.0.1","level":"info","message":"HTTP Request","method":"POST","statusCode":409,"timestamp":"2026-09-04T11:09:36.418Z","url":"/api/auth/register"}
{"duration":"0ms","ip":"::ffff:127.0.0.1","level":"info","message":"HTTP Request","method":"POST","statusCode":400,"timestamp":"2026-09-04T11:09:36.426Z","url":"/api/auth/register"}
{"duration":"0ms","ip":"::ffff:127.0.0.1","level":"info","message":"HTTP Request","method":"POST","statusCode":400,"timestamp":"2026-09-04T11:09:36.451Z","url":"/api/auth/register"}
{"duration":"0ms","ip":"::ffff:127.0.0.1","level":"info","message":"HTTP Request","method":"POST","statusCode":400,"timestamp":"2026-09-04T11:09:36.457Z","url":"/api/auth/register"}
{"duration":"277ms","ip":"::ffff:127.0.0.1","level":"info","message":"HTTP Request","method":"POST","statusCode":201,"timestamp":"2026-09-04T11:09:36.739Z","url":"/api/auth/register"}
{"duration":"279ms","ip":"::ffff:127.0.0.1","level":"info","message":"HTTP Request","method":"POST","statusCode":200,"timestamp":"2026-09-04T11:09:37.024Z","url":"/api/auth/login"}
{"duration":"287ms","ip":"::ffff:127.0.0.1","level":"info","message":"HTTP Request","method":"POST","statusCode":201,"timestamp":"2026-09-04T11:09:37.330Z","url":"/api/auth/register"}
{"duration":"274ms","ip":"::ffff:127.0.0.1","level":"info","message":"HTTP Request","method":"POST","statusCode":401,"timestamp":"2026-09-04T11:09:37.609Z","url":"/api/auth/login"}
{"duration":"288ms","ip":"::ffff:127.0.0.1","level":"info","message":"HTTP Request","method":"POST","statusCode":201,"timestamp":"2026-09-04T11:09:37.905Z","url":"/api/auth/register"}
{"duration":"2ms","ip":"::ffff:127.0.0.1","level":"info","message":"HTTP Request","method":"POST","statusCode":401,"timestamp":"2026-09-04T11:09:37.911Z","url":"/api/auth/login"}
{"duration":"283ms","ip":"::ffff:127.0.0.1","level":"info","message":"HTTP Request","method":"POST","statusCode":201,"timestamp":"2026-09-04T11:09:38.201Z","url":"/api/auth/register"}
{"duration":"274ms","ip":"::ffff:127.0.0.1","level":"info","message":"HTTP Request","method":"POST","statusCode":200,"timestamp":"2026-09-04T11:09:38.479Z","url":"/api/auth/login"}
{"duration":"0ms","ip":"::ffff:127.0.0.1","level":"info","message":"HTTP Request","method":"GET","statusCode":401,"timestamp":"2026-09-04T11:09:38.484Z","url":"/api/auth/me"}
{"duration":"272ms","ip":"::ffff:127.0.0.1","level":"info","message":"HTTP Request","method":"POST","statusCode":201,"timestamp":"2026-09-04T11:09:38.774Z","url":"/api/auth/register"}
{"duration":"277ms","ip":"::ffff:127.0.0.1","level":"info","message":"HTTP Request","method":"POST","statusCode":200,"timestamp":"2026-09-04T11:09:39.055Z","url":"/api/auth/login"}
{"duration":"8ms","ip":"::ffff:127.0.0.1","level":"info","message":"HTTP Request","method":"GET","statusCode":200,"timestamp":"2026-09-04T11:09:39.066Z","url":"/api/auth/me"}
{"duration":"293ms","ip":"::ffff:127.0.0.1","level":"info","message":"HTTP Request","method":"POST","statusCode":201,"timestamp":"2026-09-04T11:09:39.397Z","url":"/api/auth/register"}
{"duration":"274ms","ip":"::ffff:127.0.0.1","level":"info","message":"HTTP Request","method":"POST","statusCode":200,"timestamp":"2026-09-04T11:09:39.677Z","url":"/api/auth/login"}
{"duration":"2ms","ip":"::ffff:127.0.0.1","level":"info","message":"HTTP Request","method":"GET","statusCode":401,"timestamp":"2026-09-04T11:09:39.685Z","url":"/api/auth/me"}
{"duration":"289ms","ip":"::ffff:127.0.0.1","level":"info","message":"HTTP Request","method":"POST","statusCode":201,"timestamp":"2026-09-04T11:09:39.987Z","url":"/api/auth/register"}
{"duration":"276ms","ip":"::ffff:127.0.0.1","level":"info","message":"HTTP Request","method":"POST","statusCode":200,"timestamp":"2026-09-04T11:09:40.267Z","url":"/api/auth/login"}
{"duration":"2ms","ip":"::ffff:127.0.0.1","level":"info","message":"HTTP Request","method":"GET","statusCode":401,"timestamp":"2026-09-04T11:09:40.273Z","url":"/api/auth/me"}
{"duration":"285ms","ip":"::ffff:127.0.0.1","level":"info","message":"HTTP Request","method":"POST","statusCode":201,"timestamp":"2026-09-04T11:09:41.085Z","url":"/api/auth/register"}
{"duration":"276ms","ip":"::ffff:127.0.0.1","level":"info","message":"HTTP Request","method":"POST","statusCode":200,"timestamp":"2026-09-04T11:09:41.365Z","url":"/api/auth/login"}
{"duration":"17ms","ip":"::ffff:127.0.0.1","level":"info","message":"HTTP Request","method":"POST","statusCode":201,"timestamp":"2026-09-04T11:09:41.386Z","url":"/api/categories"}
{"duration":"0ms","ip":"::ffff:127.0.0.1","level":"info","message":"HTTP Request","method":"GET","statusCode":401,"timestamp":"2026-09-04T11:09:41.390Z","url":"/api/transactions"}
{"duration":"283ms","ip":"::ffff:127.0.0.1","level":"info","message":"HTTP Request","method":"POST","statusCode":201,"timestamp":"2026-09-04T11:09:41.682Z","url":"/api/auth/register"}
{"duration":"278ms","ip":"::ffff:127.0.0.1","level":"info","message":"HTTP Request","method":"POST","statusCode":200,"timestamp":"2026-09-04T11:09:41.964Z","url":"/api/auth/login"}
{"duration":"5ms","ip":"::ffff:127.0.0.1","level":"info","message":"HTTP Request","method":"POST","statusCode":201,"timestamp":"2026-09-04T11:09:41.975Z","url":"/api/categories"}
{"duration":"10ms","ip":"::ffff:127.0.0.1","level":"info","message":"HTTP Request","method":"POST","statusCode":201,"timestamp":"2026-09-04T11:09:41.992Z","url":"/api/transactions"}
{"duration":"334ms","ip":"::ffff:127.0.0.1","level":"info","message":"HTTP Request","method":"POST","statusCode":201,"timestamp":"2026-09-04T11:09:42.337Z","url":"/api/auth/register"}
{"duration":"272ms","ip":"::ffff:127.0.0.1","level":"info","message":"HTTP Request","method":"POST","statusCode":200,"timestamp":"2026-09-04T11:09:42.615Z","url":"/api/auth/login"}
{"duration":"5ms","ip":"::ffff:127.0.0.1","level":"info","message":"HTTP Request","method":"POST","statusCode":201,"timestamp":"2026-09-04T11:09:42.624Z","url":"/api/categories"}
{"duration":"4ms","ip":"::ffff:127.0.0.1","level":"info","message":"HTTP Request","method":"POST","statusCode":400,"timestamp":"2026-09-04T11:09:42.631Z","url":"/api/transactions"}
{"duration":"279ms","ip":"::ffff:127.0.0.1","level":"info","message":"HTTP Request","method":"POST","statusCode":201,"timestamp":"2026-09-04T11:09:42.917Z","url":"/api/auth/register"}
{"duration":"271ms","ip":"::ffff:127.0.0.1","level":"info","message":"HTTP Request","method":"POST","statusCode":200,"timestamp":"2026-09-04T11:09:43.191Z","url":"/api/auth/login"}
{"duration":"15ms","ip":"::ffff:127.0.0.1","level":"info","message":"HTTP Request","method":"POST","statusCode":201,"timestamp":"2026-09-04T11:09:43.210Z","url":"/api/categories"}
{"duration":"3ms","ip":"::ffff:127.0.0.1","level":"info","message":"HTTP Request","method":"POST","statusCode":400,"timestamp":"2026-09-04T11:09:43.218Z","url":"/api/transactions"}
{"duration":"283ms","ip":"::ffff:127.0.0.1","level":"info","message":"HTTP Request","method":"POST","statusCode":201,"timestamp":"2026-09-04T11:09:43.508Z","url":"/api/auth/register"}
{"duration":"274ms","ip":"::ffff:127.0.0.1","level":"info","message":"HTTP Request","method":"POST","statusCode":200,"timestamp":"2026-09-04T11:09:43.787Z","url":"/api/auth/login"}
{"duration":"8ms","ip":"::ffff:127.0.0.1","level":"info","message":"HTTP Request","method":"POST","statusCode":201,"timestamp":"2026-09-04T11:09:43.799Z","url":"/api/categories"}
{"duration":"2ms","ip":"::ffff:127.0.0.1","level":"info","message":"HTTP Request","method":"POST","statusCode":400,"timestamp":"2026-09-04T11:09:43.805Z","url":"/api/transactions"}
{"duration":"274ms","ip":"::ffff:127.0.0.1","level":"info","message":"HTTP Request","method":"POST","statusCode":201,"timestamp":"2026-09-04T11:09:44.085Z","url":"/api/auth/register"}
{"duration":"271ms","ip":"::ffff:127.0.0.1","level":"info","message":"HTTP Request","method":"POST","statusCode":200,"timestamp":"2026-09-04T11:09:44.360Z","url":"/api/auth/login"}
{"duration":"5ms","ip":"::ffff:127.0.0.1","level":"info","message":"HTTP Request","method":"POST","statusCode":201,"timestamp":"2026-09-04T11:09:44.371Z","url":"/api/categories"}
{"duration":"6ms","ip":"::ffff:127.0.0.1","level":"info","message":"HTTP Request","method":"POST","statusCode":201,"timestamp":"2026-09-04T11:09:44.381Z","url":"/api/transactions"}
{"duration":"18ms","ip":"::ffff:127.0.0.1","level":"info","message":"HTTP Request","method":"GET","statusCode":200,"timestamp":"2026-09-04T11:09:44.403Z","url":"/api/transactions?page=1&limit=10"}
{"duration":"277ms","ip":"::ffff:127.0.0.1","level":"info","message":"HTTP Request","method":"POST","statusCode":201,"timestamp":"2026-09-04T11:09:44.688Z","url":"/api/auth/register"}
{"duration":"274ms","ip":"::ffff:127.0.0.1","level":"info","message":"HTTP Request","method":"POST","statusCode":200,"timestamp":"2026-09-04T11:09:44.966Z","url":"/api/auth/login"}
{"duration":"5ms","ip":"::ffff:127.0.0.1","level":"info","message":"HTTP Request","method":"POST","statusCode":201,"timestamp":"2026-09-04T11:09:44.974Z","url":"/api/categories"}
{"duration":"5ms","ip":"::ffff:127.0.0.1","level":"info","message":"HTTP Request","method":"POST","statusCode":201,"timestamp":"2026-09-04T11:09:44.983Z","url":"/api/transactions"}
{"duration":"6ms","ip":"::ffff:127.0.0.1","level":"info","message":"HTTP Request","method":"GET","statusCode":200,"timestamp":"2026-09-04T11:09:44.994Z","url":"/api/transactions/82302a92-5d15-475f-b7d2-cf67cbf867e8"}
{"duration":"277ms","ip":"::ffff:127.0.0.1","level":"info","message":"HTTP Request","method":"POST","statusCode":201,"timestamp":"2026-09-04T11:09:45.280Z","url":"/api/auth/register"}
{"duration":"275ms","ip":"::ffff:127.0.0.1","level":"info","message":"HTTP Request","method":"POST","statusCode":200,"timestamp":"2026-09-04T11:09:45.560Z","url":"/api/auth/login"}
{"duration":"22ms","ip":"::ffff:127.0.0.1","level":"info","message":"HTTP Request","method":"POST","statusCode":201,"timestamp":"2026-09-04T11:09:45.587Z","url":"/api/categories"}
{"duration":"4ms","ip":"::ffff:127.0.0.1","level":"info","message":"HTTP Request","method":"GET","statusCode":404,"timestamp":"2026-09-04T11:09:45.595Z","url":"/api/transactions/11111111-1111-4111-8111-111111111111"}
{"duration":"276ms","ip":"::ffff:127.0.0.1","level":"info","message":"HTTP Request","method":"POST","statusCode":201,"timestamp":"2026-09-04T11:09:45.878Z","url":"/api/auth/register"}
{"duration":"277ms","ip":"::ffff:127.0.0.1","level":"info","message":"HTTP Request","method":"POST","statusCode":200,"timestamp":"2026-09-04T11:09:46.160Z","url":"/api/auth/login"}
{"duration":"14ms","ip":"::ffff:127.0.0.1","level":"info","message":"HTTP Request","method":"POST","statusCode":201,"timestamp":"2026-09-04T11:09:46.179Z","url":"/api/categories"}
{"duration":"3ms","ip":"::ffff:127.0.0.1","level":"info","message":"HTTP Request","method":"GET","statusCode":400,"timestamp":"2026-09-04T11:09:46.188Z","url":"/api/transactions/not-a-uuid"}
{"duration":"278ms","ip":"::ffff:127.0.0.1","level":"info","message":"HTTP Request","method":"POST","statusCode":201,"timestamp":"2026-09-04T11:09:46.472Z","url":"/api/auth/register"}
{"duration":"276ms","ip":"::ffff:127.0.0.1","level":"info","message":"HTTP Request","method":"POST","statusCode":200,"timestamp":"2026-09-04T11:09:46.751Z","url":"/api/auth/login"}
{"duration":"4ms","ip":"::ffff:127.0.0.1","level":"info","message":"HTTP Request","method":"POST","statusCode":201,"timestamp":"2026-09-04T11:09:46.759Z","url":"/api/categories"}
{"duration":"10ms","ip":"::ffff:127.0.0.1","level":"info","message":"HTTP Request","method":"POST","statusCode":201,"timestamp":"2026-09-04T11:09:46.802Z","url":"/api/transactions"}
{"duration":"16ms","ip":"::ffff:127.0.0.1","level":"info","message":"HTTP Request","method":"PATCH","statusCode":200,"timestamp":"2026-09-04T11:09:46.823Z","url":"/api/transactions/aa650ec7-673a-4021-bfdc-af1ca2d7dd82"}
{"duration":"273ms","ip":"::ffff:127.0.0.1","level":"info","message":"HTTP Request","method":"POST","statusCode":201,"timestamp":"2026-09-04T11:09:47.120Z","url":"/api/auth/register"}
{"duration":"275ms","ip":"::ffff:127.0.0.1","level":"info","message":"HTTP Request","method":"POST","statusCode":200,"timestamp":"2026-09-04T11:09:47.398Z","url":"/api/auth/login"}
{"duration":"14ms","ip":"::ffff:127.0.0.1","level":"info","message":"HTTP Request","method":"POST","statusCode":201,"timestamp":"2026-09-04T11:09:47.418Z","url":"/api/categories"}
{"duration":"4ms","ip":"::ffff:127.0.0.1","level":"info","message":"HTTP Request","method":"POST","statusCode":201,"timestamp":"2026-09-04T11:09:47.426Z","url":"/api/transactions"}
{"duration":"8ms","ip":"::ffff:127.0.0.1","level":"info","message":"HTTP Request","method":"DELETE","statusCode":200,"timestamp":"2026-09-04T11:09:47.438Z","url":"/api/transactions/8ff468cf-354c-4dc5-945d-60feaed154f8"}
{"duration":"270ms","ip":"::ffff:127.0.0.1","level":"info","message":"HTTP Request","method":"POST","statusCode":201,"timestamp":"2026-09-04T11:09:47.714Z","url":"/api/auth/register"}
{"duration":"279ms","ip":"::ffff:127.0.0.1","level":"info","message":"HTTP Request","method":"POST","statusCode":200,"timestamp":"2026-09-04T11:09:47.997Z","url":"/api/auth/login"}
{"duration":"4ms","ip":"::ffff:127.0.0.1","level":"info","message":"HTTP Request","method":"POST","statusCode":201,"timestamp":"2026-09-04T11:09:48.006Z","url":"/api/categories"}
{"duration":"277ms","ip":"::ffff:127.0.0.1","level":"info","message":"HTTP Request","method":"POST","statusCode":201,"timestamp":"2026-09-04T11:09:48.286Z","url":"/api/auth/register"}
{"duration":"276ms","ip":"::ffff:127.0.0.1","level":"info","message":"HTTP Request","method":"POST","statusCode":200,"timestamp":"2026-09-04T11:09:48.566Z","url":"/api/auth/login"}
{"duration":"15ms","ip":"::ffff:127.0.0.1","level":"info","message":"HTTP Request","method":"POST","statusCode":201,"timestamp":"2026-09-04T11:09:48.585Z","url":"/api/categories"}
{"duration":"3ms","ip":"::ffff:127.0.0.1","level":"info","message":"HTTP Request","method":"POST","statusCode":403,"timestamp":"2026-09-04T11:09:48.592Z","url":"/api/transactions"}
{"duration":"276ms","ip":"::ffff:127.0.0.1","level":"info","message":"HTTP Request","method":"POST","statusCode":201,"timestamp":"2026-09-04T11:09:48.875Z","url":"/api/auth/register"}
{"duration":"274ms","ip":"::ffff:127.0.0.1","level":"info","message":"HTTP Request","method":"POST","statusCode":200,"timestamp":"2026-09-04T11:09:49.154Z","url":"/api/auth/login"}
{"duration":"5ms","ip":"::ffff:127.0.0.1","level":"info","message":"HTTP Request","method":"POST","statusCode":201,"timestamp":"2026-09-04T11:09:49.163Z","url":"/api/categories"}
{"duration":"5ms","ip":"::ffff:127.0.0.1","level":"info","message":"HTTP Request","method":"POST","statusCode":201,"timestamp":"2026-09-04T11:09:49.173Z","url":"/api/transactions"}
{"duration":"293ms","ip":"::ffff:127.0.0.1","level":"info","message":"HTTP Request","method":"POST","statusCode":201,"timestamp":"2026-09-04T11:09:49.470Z","url":"/api/auth/register"}
{"duration":"277ms","ip":"::ffff:127.0.0.1","level":"info","message":"HTTP Request","method":"POST","statusCode":200,"timestamp":"2026-09-04T11:09:49.750Z","url":"/api/auth/login"}
{"duration":"5ms","ip":"::ffff:127.0.0.1","level":"info","message":"HTTP Request","method":"POST","statusCode":201,"timestamp":"2026-09-04T11:09:49.759Z","url":"/api/categories"}
{"duration":"6ms","ip":"::ffff:127.0.0.1","level":"info","message":"HTTP Request","method":"PATCH","statusCode":403,"timestamp":"2026-09-04T11:09:49.769Z","url":"/api/transactions/709d39b0-8ef6-4573-bc8a-426f0aab0948"}
{"duration":"276ms","ip":"::ffff:127.0.0.1","level":"info","message":"HTTP Request","method":"POST","statusCode":201,"timestamp":"2026-09-04T11:09:50.052Z","url":"/api/auth/register"}
{"duration":"270ms","ip":"::ffff:127.0.0.1","level":"info","message":"HTTP Request","method":"POST","statusCode":200,"timestamp":"2026-09-04T11:09:50.325Z","url":"/api/auth/login"}
{"duration":"5ms","ip":"::ffff:127.0.0.1","level":"info","message":"HTTP Request","method":"POST","statusCode":201,"timestamp":"2026-09-04T11:09:50.335Z","url":"/api/categories"}
{"duration":"4ms","ip":"::ffff:127.0.0.1","level":"info","message":"HTTP Request","method":"POST","statusCode":201,"timestamp":"2026-09-04T11:09:50.343Z","url":"/api/transactions"}
{"duration":"299ms","ip":"::ffff:127.0.0.1","level":"info","message":"HTTP Request","method":"POST","statusCode":201,"timestamp":"2026-09-04T11:09:50.645Z","url":"/api/auth/register"}
{"duration":"275ms","ip":"::ffff:127.0.0.1","level":"info","message":"HTTP Request","method":"POST","statusCode":200,"timestamp":"2026-09-04T11:09:50.924Z","url":"/api/auth/login"}
{"duration":"6ms","ip":"::ffff:127.0.0.1","level":"info","message":"HTTP Request","method":"GET","statusCode":404,"timestamp":"2026-09-04T11:09:50.933Z","url":"/api/transactions/1a8d3c00-8a2e-4e18-b09b-053d0f9fd2bc"}
{"duration":"278ms","ip":"::ffff:127.0.0.1","level":"info","message":"HTTP Request","method":"POST","statusCode":201,"timestamp":"2026-09-04T11:09:51.710Z","url":"/api/auth/register"}
{"duration":"281ms","ip":"::ffff:127.0.0.1","level":"info","message":"HTTP Request","method":"POST","statusCode":200,"timestamp":"2026-09-04T11:09:51.996Z","url":"/api/auth/login"}
{"duration":"0ms","ip":"::ffff:127.0.0.1","level":"info","message":"HTTP Request","method":"GET","statusCode":401,"timestamp":"2026-09-04T11:09:52.002Z","url":"/api/account/status"}
{"duration":"292ms","ip":"::ffff:127.0.0.1","level":"info","message":"HTTP Request","method":"POST","statusCode":201,"timestamp":"2026-09-04T11:09:52.311Z","url":"/api/auth/register"}
{"duration":"279ms","ip":"::ffff:127.0.0.1","level":"info","message":"HTTP Request","method":"POST","statusCode":200,"timestamp":"2026-09-04T11:09:52.595Z","url":"/api/auth/login"}
{"duration":"6ms","ip":"::ffff:127.0.0.1","level":"info","message":"HTTP Request","method":"GET","statusCode":200,"timestamp":"2026-09-04T11:09:52.606Z","url":"/api/account/status"}
{"duration":"281ms","ip":"::ffff:127.0.0.1","level":"info","message":"HTTP Request","method":"POST","statusCode":201,"timestamp":"2026-09-04T11:09:52.893Z","url":"/api/auth/register"}
{"duration":"275ms","ip":"::ffff:127.0.0.1","level":"info","message":"HTTP Request","method":"POST","statusCode":200,"timestamp":"2026-09-04T11:09:53.174Z","url":"/api/auth/login"}
{"duration":"18ms","ip":"::ffff:127.0.0.1","level":"info","message":"HTTP Request","method":"DELETE","statusCode":200,"timestamp":"2026-09-04T11:09:53.196Z","url":"/api/account/delete"}
{"duration":"286ms","ip":"::ffff:127.0.0.1","level":"info","message":"HTTP Request","method":"POST","statusCode":201,"timestamp":"2026-09-04T11:09:53.489Z","url":"/api/auth/register"}
{"duration":"270ms","ip":"::ffff:127.0.0.1","level":"info","message":"HTTP Request","method":"POST","statusCode":200,"timestamp":"2026-09-04T11:09:53.762Z","url":"/api/auth/login"}
{"duration":"6ms","ip":"::ffff:127.0.0.1","level":"info","message":"HTTP Request","method":"DELETE","statusCode":200,"timestamp":"2026-09-04T11:09:53.772Z","url":"/api/account/delete"}
{"duration":"2ms","ip":"::ffff:127.0.0.1","level":"info","message":"HTTP Request","method":"DELETE","statusCode":403,"timestamp":"2026-09-04T11:09:53.777Z","url":"/api/account/delete"}
{"duration":"344ms","ip":"::ffff:127.0.0.1","level":"info","message":"HTTP Request","method":"POST","statusCode":201,"timestamp":"2026-09-04T11:09:54.720Z","url":"/api/auth/register"}
{"duration":"270ms","ip":"::ffff:127.0.0.1","level":"info","message":"HTTP Request","method":"POST","statusCode":200,"timestamp":"2026-09-04T11:09:54.994Z","url":"/api/auth/login"}
{"duration":"0ms","ip":"::ffff:127.0.0.1","level":"info","message":"HTTP Request","method":"GET","statusCode":401,"timestamp":"2026-09-04T11:09:55.000Z","url":"/api/users/me"}
{"duration":"270ms","ip":"::ffff:127.0.0.1","level":"info","message":"HTTP Request","method":"POST","statusCode":201,"timestamp":"2026-09-04T11:09:55.287Z","url":"/api/auth/register"}
{"duration":"275ms","ip":"::ffff:127.0.0.1","level":"info","message":"HTTP Request","method":"POST","statusCode":200,"timestamp":"2026-09-04T11:09:55.566Z","url":"/api/auth/login"}
{"duration":"5ms","ip":"::ffff:127.0.0.1","level":"info","message":"HTTP Request","method":"GET","statusCode":200,"timestamp":"2026-09-04T11:09:55.575Z","url":"/api/users/me"}
{"duration":"289ms","ip":"::ffff:127.0.0.1","level":"info","message":"HTTP Request","method":"POST","statusCode":201,"timestamp":"2026-09-04T11:09:55.880Z","url":"/api/auth/register"}
{"duration":"275ms","ip":"::ffff:127.0.0.1","level":"info","message":"HTTP Request","method":"POST","statusCode":200,"timestamp":"2026-09-04T11:09:56.159Z","url":"/api/auth/login"}
{"duration":"15ms","ip":"::ffff:127.0.0.1","level":"info","message":"HTTP Request","method":"PATCH","statusCode":200,"timestamp":"2026-09-04T11:09:56.179Z","url":"/api/users/me"}
{"duration":"288ms","ip":"::ffff:127.0.0.1","level":"info","message":"HTTP Request","method":"POST","statusCode":201,"timestamp":"2026-09-04T11:09:56.476Z","url":"/api/auth/register"}
{"duration":"272ms","ip":"::ffff:127.0.0.1","level":"info","message":"HTTP Request","method":"POST","statusCode":200,"timestamp":"2026-09-04T11:09:56.753Z","url":"/api/auth/login"}
{"duration":"4ms","ip":"::ffff:127.0.0.1","level":"info","message":"HTTP Request","method":"PATCH","statusCode":200,"timestamp":"2026-09-04T11:09:56.761Z","url":"/api/users/me"}
{"duration":"284ms","ip":"::ffff:127.0.0.1","level":"info","message":"HTTP Request","method":"POST","statusCode":201,"timestamp":"2026-09-04T11:09:57.052Z","url":"/api/auth/register"}
{"duration":"274ms","ip":"::ffff:127.0.0.1","level":"info","message":"HTTP Request","method":"POST","statusCode":200,"timestamp":"2026-09-04T11:09:57.330Z","url":"/api/auth/login"}
{"duration":"838ms","ip":"::ffff:127.0.0.1","level":"info","message":"HTTP Request","method":"PATCH","statusCode":200,"timestamp":"2026-09-04T11:09:58.173Z","url":"/api/users/me/password"}
{"duration":"287ms","ip":"::ffff:127.0.0.1","level":"info","message":"HTTP Request","method":"POST","statusCode":201,"timestamp":"2026-09-04T11:09:58.468Z","url":"/api/auth/register"}
{"duration":"275ms","ip":"::ffff:127.0.0.1","level":"info","message":"HTTP Request","method":"POST","statusCode":200,"timestamp":"2026-09-04T11:09:58.746Z","url":"/api/auth/login"}
{"duration":"282ms","ip":"::ffff:127.0.0.1","level":"info","message":"HTTP Request","method":"PATCH","statusCode":400,"timestamp":"2026-09-04T11:09:59.033Z","url":"/api/users/me/password"}
{"duration":"291ms","ip":"::ffff:127.0.0.1","level":"info","message":"HTTP Request","method":"POST","statusCode":201,"timestamp":"2026-09-04T11:09:59.341Z","url":"/api/auth/register"}
{"duration":"282ms","ip":"::ffff:127.0.0.1","level":"info","message":"HTTP Request","method":"POST","statusCode":200,"timestamp":"2026-09-04T11:09:59.627Z","url":"/api/auth/login"}
{"duration":"4ms","ip":"::ffff:127.0.0.1","level":"info","message":"HTTP Request","method":"PATCH","statusCode":400,"timestamp":"2026-09-04T11:09:59.638Z","url":"/api/users/me/password"}
{"duration":"296ms","ip":"::ffff:127.0.0.1","level":"info","message":"HTTP Request","method":"POST","statusCode":201,"timestamp":"2026-09-04T11:10:00.491Z","url":"/api/auth/register"}
{"duration":"275ms","ip":"::ffff:127.0.0.1","level":"info","message":"HTTP Request","method":"POST","statusCode":200,"timestamp":"2026-09-04T11:10:00.771Z","url":"/api/auth/login"}
{"duration":"1ms","ip":"::ffff:127.0.0.1","level":"info","message":"HTTP Request","method":"GET","statusCode":401,"timestamp":"2026-09-04T11:10:00.776Z","url":"/api/categories"}
{"duration":"293ms","ip":"::ffff:127.0.0.1","level":"info","message":"HTTP Request","method":"POST","statusCode":201,"timestamp":"2026-09-04T11:10:01.078Z","url":"/api/auth/register"}
{"duration":"274ms","ip":"::ffff:127.0.0.1","level":"info","message":"HTTP Request","method":"POST","statusCode":200,"timestamp":"2026-09-04T11:10:01.357Z","url":"/api/auth/login"}
{"duration":"21ms","ip":"::ffff:127.0.0.1","level":"info","message":"HTTP Request","method":"POST","statusCode":201,"timestamp":"2026-09-04T11:10:01.382Z","url":"/api/categories"}
{"duration":"278ms","ip":"::ffff:127.0.0.1","level":"info","message":"HTTP Request","method":"POST","statusCode":201,"timestamp":"2026-09-04T11:10:01.672Z","url":"/api/auth/register"}
{"duration":"279ms","ip":"::ffff:127.0.0.1","level":"info","message":"HTTP Request","method":"POST","statusCode":200,"timestamp":"2026-09-04T11:10:01.954Z","url":"/api/auth/login"}
{"duration":"2ms","ip":"::ffff:127.0.0.1","level":"info","message":"HTTP Request","method":"POST","statusCode":400,"timestamp":"2026-09-04T11:10:01.961Z","url":"/api/categories"}
{"duration":"275ms","ip":"::ffff:127.0.0.1","level":"info","message":"HTTP Request","method":"POST","statusCode":201,"timestamp":"2026-09-04T11:10:02.255Z","url":"/api/auth/register"}
{"duration":"278ms","ip":"::ffff:127.0.0.1","level":"info","message":"HTTP Request","method":"POST","statusCode":200,"timestamp":"2026-09-04T11:10:02.536Z","url":"/api/auth/login"}
{"duration":"6ms","ip":"::ffff:127.0.0.1","level":"info","message":"HTTP Request","method":"POST","statusCode":201,"timestamp":"2026-09-04T11:10:02.548Z","url":"/api/categories"}
{"duration":"4ms","ip":"::ffff:127.0.0.1","level":"info","message":"HTTP Request","method":"POST","statusCode":409,"timestamp":"2026-09-04T11:10:02.556Z","url":"/api/categories"}
{"duration":"275ms","ip":"::ffff:127.0.0.1","level":"info","message":"HTTP Request","method":"POST","statusCode":201,"timestamp":"2026-09-04T11:10:02.837Z","url":"/api/auth/register"}
{"duration":"272ms","ip":"::ffff:127.0.0.1","level":"info","message":"HTTP Request","method":"POST","statusCode":200,"timestamp":"2026-09-04T11:10:03.115Z","url":"/api/auth/login"}
{"duration":"5ms","ip":"::ffff:127.0.0.1","level":"info","message":"HTTP Request","method":"POST","statusCode":201,"timestamp":"2026-09-04T11:10:03.124Z","url":"/api/categories"}
{"duration":"9ms","ip":"::ffff:127.0.0.1","level":"info","message":"HTTP Request","method":"GET","statusCode":200,"timestamp":"2026-09-04T11:10:03.136Z","url":"/api/categories"}
{"duration":"273ms","ip":"::ffff:127.0.0.1","level":"info","message":"HTTP Request","method":"POST","statusCode":201,"timestamp":"2026-09-04T11:10:03.415Z","url":"/api/auth/register"}
{"duration":"272ms","ip":"::ffff:127.0.0.1","level":"info","message":"HTTP Request","method":"POST","statusCode":200,"timestamp":"2026-09-04T11:10:03.691Z","url":"/api/auth/login"}
{"duration":"5ms","ip":"::ffff:127.0.0.1","level":"info","message":"HTTP Request","method":"POST","statusCode":201,"timestamp":"2026-09-04T11:10:03.701Z","url":"/api/categories"}
{"duration":"7ms","ip":"::ffff:127.0.0.1","level":"info","message":"HTTP Request","method":"PATCH","statusCode":200,"timestamp":"2026-09-04T11:10:03.712Z","url":"/api/categories/ab62f9c7-ca08-4918-a484-8860825ced34"}
{"duration":"285ms","ip":"::ffff:127.0.0.1","level":"info","message":"HTTP Request","method":"POST","statusCode":201,"timestamp":"2026-09-04T11:10:04.004Z","url":"/api/auth/register"}
{"duration":"275ms","ip":"::ffff:127.0.0.1","level":"info","message":"HTTP Request","method":"POST","statusCode":200,"timestamp":"2026-09-04T11:10:04.283Z","url":"/api/auth/login"}
{"duration":"2ms","ip":"::ffff:127.0.0.1","level":"info","message":"HTTP Request","method":"PATCH","statusCode":400,"timestamp":"2026-09-04T11:10:04.289Z","url":"/api/categories/not-a-uuid"}
{"duration":"282ms","ip":"::ffff:127.0.0.1","level":"info","message":"HTTP Request","method":"POST","statusCode":201,"timestamp":"2026-09-04T11:10:04.586Z","url":"/api/auth/register"}
{"duration":"285ms","ip":"::ffff:127.0.0.1","level":"info","message":"HTTP Request","method":"POST","statusCode":200,"timestamp":"2026-09-04T11:10:04.875Z","url":"/api/auth/login"}
{"duration":"6ms","ip":"::ffff:127.0.0.1","level":"info","message":"HTTP Request","method":"PATCH","statusCode":404,"timestamp":"2026-09-04T11:10:04.887Z","url":"/api/categories/11111111-1111-4111-8111-111111111111"}
{"duration":"272ms","ip":"::ffff:127.0.0.1","level":"info","message":"HTTP Request","method":"POST","statusCode":201,"timestamp":"2026-09-04T11:10:05.166Z","url":"/api/auth/register"}
{"duration":"272ms","ip":"::ffff:127.0.0.1","level":"info","message":"HTTP Request","method":"POST","statusCode":200,"timestamp":"2026-09-04T11:10:05.444Z","url":"/api/auth/login"}
{"duration":"6ms","ip":"::ffff:127.0.0.1","level":"info","message":"HTTP Request","method":"POST","statusCode":201,"timestamp":"2026-09-04T11:10:05.455Z","url":"/api/categories"}
{"duration":"13ms","ip":"::ffff:127.0.0.1","level":"info","message":"HTTP Request","method":"DELETE","statusCode":200,"timestamp":"2026-09-04T11:10:05.471Z","url":"/api/categories/01506c0b-b676-4c70-8855-5789686134a4"}
{"duration":"280ms","ip":"::ffff:127.0.0.1","level":"info","message":"HTTP Request","method":"POST","statusCode":201,"timestamp":"2026-09-04T11:10:06.279Z","url":"/api/auth/register"}
{"duration":"275ms","ip":"::ffff:127.0.0.1","level":"info","message":"HTTP Request","method":"POST","statusCode":200,"timestamp":"2026-09-04T11:10:06.560Z","url":"/api/auth/login"}
{"duration":"1ms","ip":"::ffff:127.0.0.1","level":"info","message":"HTTP Request","method":"GET","statusCode":401,"timestamp":"2026-09-04T11:10:06.567Z","url":"/api/users/me/settings"}
{"duration":"300ms","ip":"::ffff:127.0.0.1","level":"info","message":"HTTP Request","method":"POST","statusCode":201,"timestamp":"2026-09-04T11:10:06.875Z","url":"/api/auth/register"}
{"duration":"279ms","ip":"::ffff:127.0.0.1","level":"info","message":"HTTP Request","method":"POST","statusCode":200,"timestamp":"2026-09-04T11:10:07.159Z","url":"/api/auth/login"}
{"duration":"9ms","ip":"::ffff:127.0.0.1","level":"info","message":"HTTP Request","method":"GET","statusCode":200,"timestamp":"2026-09-04T11:10:07.174Z","url":"/api/users/me/settings"}
{"duration":"330ms","ip":"::ffff:127.0.0.1","level":"info","message":"HTTP Request","method":"POST","statusCode":201,"timestamp":"2026-09-04T11:10:07.514Z","url":"/api/auth/register"}
{"duration":"274ms","ip":"::ffff:127.0.0.1","level":"info","message":"HTTP Request","method":"POST","statusCode":200,"timestamp":"2026-09-04T11:10:07.796Z","url":"/api/auth/login"}
{"duration":"6ms","ip":"::ffff:127.0.0.1","level":"info","message":"HTTP Request","method":"GET","statusCode":200,"timestamp":"2026-09-04T11:10:07.807Z","url":"/api/users/me/settings"}
{"duration":"6ms","ip":"::ffff:127.0.0.1","level":"info","message":"HTTP Request","method":"PATCH","statusCode":200,"timestamp":"2026-09-04T11:10:07.816Z","url":"/api/users/me/settings"}
{"duration":"269ms","ip":"::ffff:127.0.0.1","level":"info","message":"HTTP Request","method":"POST","statusCode":201,"timestamp":"2026-09-04T11:10:08.092Z","url":"/api/auth/register"}
{"duration":"269ms","ip":"::ffff:127.0.0.1","level":"info","message":"HTTP Request","method":"POST","statusCode":200,"timestamp":"2026-09-04T11:10:08.369Z","url":"/api/auth/login"}
{"duration":"2ms","ip":"::ffff:127.0.0.1","level":"info","message":"HTTP Request","method":"PATCH","statusCode":400,"timestamp":"2026-09-04T11:10:08.375Z","url":"/api/users/me/settings"}
{"duration":"277ms","ip":"::ffff:127.0.0.1","level":"info","message":"HTTP Request","method":"POST","statusCode":201,"timestamp":"2026-09-04T11:10:08.668Z","url":"/api/auth/register"}
{"duration":"275ms","ip":"::ffff:127.0.0.1","level":"info","message":"HTTP Request","method":"POST","statusCode":200,"timestamp":"2026-09-04T11:10:08.947Z","url":"/api/auth/login"}
{"duration":"6ms","ip":"::ffff:127.0.0.1","level":"info","message":"HTTP Request","method":"POST","statusCode":201,"timestamp":"2026-09-04T11:10:08.958Z","url":"/api/users/me/settings"}
{"duration":"129ms","ip":"::ffff:127.0.0.1","level":"info","message":"HTTP Request","method":"POST","statusCode":409,"timestamp":"2026-09-04T11:10:09.092Z","url":"/api/users/me/settings"}
{"duration":"295ms","ip":"::ffff:127.0.0.1","level":"info","message":"HTTP Request","method":"POST","statusCode":201,"timestamp":"2026-09-04T11:10:09.566Z","url":"/api/auth/register"}
{"duration":"276ms","ip":"::ffff:127.0.0.1","level":"info","message":"HTTP Request","method":"POST","statusCode":200,"timestamp":"2026-09-04T11:10:09.846Z","url":"/api/auth/login"}
{"duration":"5ms","ip":"::ffff:127.0.0.1","level":"info","message":"HTTP Request","method":"PATCH","statusCode":404,"timestamp":"2026-09-04T11:10:09.856Z","url":"/api/users/me/settings"}
{"duration":"409ms","ip":"::ffff:127.0.0.1","level":"info","message":"HTTP Request","method":"POST","statusCode":201,"timestamp":"2026-09-04T11:10:42.636Z","url":"/api/auth/register"}
{"duration":"371ms","ip":"::ffff:127.0.0.1","level":"info","message":"HTTP Request","method":"POST","statusCode":200,"timestamp":"2026-09-04T11:10:43.020Z","url":"/api/auth/login"}
{"duration":"2ms","ip":"::ffff:127.0.0.1","level":"info","message":"HTTP Request","method":"GET","statusCode":401,"timestamp":"2026-09-04T11:10:43.029Z","url":"/api/users/me/settings"}
{"duration":"370ms","ip":"::ffff:127.0.0.1","level":"info","message":"HTTP Request","method":"POST","statusCode":201,"timestamp":"2026-09-04T11:10:43.414Z","url":"/api/auth/register"}
{"duration":"365ms","ip":"::ffff:127.0.0.1","level":"info","message":"HTTP Request","method":"POST","statusCode":200,"timestamp":"2026-09-04T11:10:43.784Z","url":"/api/auth/login"}
{"duration":"27ms","ip":"::ffff:127.0.0.1","level":"info","message":"HTTP Request","method":"GET","statusCode":200,"timestamp":"2026-09-04T11:10:43.819Z","url":"/api/users/me/settings"}
{"duration":"368ms","ip":"::ffff:127.0.0.1","level":"info","message":"HTTP Request","method":"POST","statusCode":201,"timestamp":"2026-09-04T11:10:44.198Z","url":"/api/auth/register"}
{"duration":"356ms","ip":"::ffff:127.0.0.1","level":"info","message":"HTTP Request","method":"POST","statusCode":200,"timestamp":"2026-09-04T11:10:44.559Z","url":"/api/auth/login"}
{"duration":"13ms","ip":"::ffff:127.0.0.1","level":"info","message":"HTTP Request","method":"GET","statusCode":200,"timestamp":"2026-09-04T11:10:44.578Z","url":"/api/users/me/settings"}
{"duration":"14ms","ip":"::ffff:127.0.0.1","level":"info","message":"HTTP Request","method":"PATCH","statusCode":200,"timestamp":"2026-09-04T11:10:44.598Z","url":"/api/users/me/settings"}
{"duration":"355ms","ip":"::ffff:127.0.0.1","level":"info","message":"HTTP Request","method":"POST","statusCode":201,"timestamp":"2026-09-04T11:10:44.961Z","url":"/api/auth/register"}
{"duration":"357ms","ip":"::ffff:127.0.0.1","level":"info","message":"HTTP Request","method":"POST","statusCode":200,"timestamp":"2026-09-04T11:10:45.321Z","url":"/api/auth/login"}
{"duration":"5ms","ip":"::ffff:127.0.0.1","level":"info","message":"HTTP Request","method":"PATCH","statusCode":400,"timestamp":"2026-09-04T11:10:45.331Z","url":"/api/users/me/settings"}
{"duration":"365ms","ip":"::ffff:127.0.0.1","level":"info","message":"HTTP Request","method":"POST","statusCode":201,"timestamp":"2026-09-04T11:10:45.704Z","url":"/api/auth/register"}
{"duration":"429ms","ip":"::ffff:127.0.0.1","level":"info","message":"HTTP Request","method":"POST","statusCode":200,"timestamp":"2026-09-04T11:10:46.138Z","url":"/api/auth/login"}
{"duration":"5ms","ip":"::ffff:127.0.0.1","level":"info","message":"HTTP Request","method":"PATCH","statusCode":400,"timestamp":"2026-09-04T11:10:46.148Z","url":"/api/users/me/settings"}
{"duration":"7ms","ip":"::ffff:127.0.0.1","level":"info","message":"HTTP Request","method":"PATCH","statusCode":400,"timestamp":"2026-09-04T11:10:46.159Z","url":"/api/users/me/settings"}
{"duration":"358ms","ip":"::ffff:127.0.0.1","level":"info","message":"HTTP Request","method":"POST","statusCode":201,"timestamp":"2026-09-04T11:10:46.523Z","url":"/api/auth/register"}
{"duration":"337ms","ip":"::ffff:127.0.0.1","level":"info","message":"HTTP Request","method":"POST","statusCode":200,"timestamp":"2026-09-04T11:10:46.864Z","url":"/api/auth/login"}
{"duration":"10ms","ip":"::ffff:127.0.0.1","level":"info","message":"HTTP Request","method":"POST","statusCode":201,"timestamp":"2026-09-04T11:10:46.877Z","url":"/api/users/me/settings"}
{"duration":"98ms","ip":"::ffff:127.0.0.1","level":"info","message":"HTTP Request","method":"POST","statusCode":409,"timestamp":"2026-09-04T11:10:46.978Z","url":"/api/users/me/settings"}
{"duration":"278ms","ip":"::ffff:127.0.0.1","level":"info","message":"HTTP Request","method":"POST","statusCode":201,"timestamp":"2026-09-04T11:10:47.307Z","url":"/api/auth/register"}
{"duration":"270ms","ip":"::ffff:127.0.0.1","level":"info","message":"HTTP Request","method":"POST","statusCode":200,"timestamp":"2026-09-04T11:10:47.580Z","url":"/api/auth/login"}
{"duration":"8ms","ip":"::ffff:127.0.0.1","level":"info","message":"HTTP Request","method":"PATCH","statusCode":404,"timestamp":"2026-09-04T11:10:47.592Z","url":"/api/users/me/settings"}
{"duration":"401ms","ip":"::1","level":"info","message":"HTTP Request","method":"GET","statusCode":401,"timestamp":"2026-09-04T11:11:18.327Z","url":"/api/auth/me"}
{"duration":"58ms","ip":"::1","level":"info","message":"HTTP Request","method":"POST","statusCode":401,"timestamp":"2026-09-04T11:12:16.000Z","url":"/api/auth/login"}
{"duration":"663ms","ip":"::1","level":"info","message":"HTTP Request","method":"POST","statusCode":201,"timestamp":"2026-09-04T11:27:39.696Z","url":"/api/auth/register"}
{"duration":"379ms","ip":"::1","level":"info","message":"HTTP Request","method":"POST","statusCode":200,"timestamp":"2026-09-04T11:27:46.673Z","url":"/api/auth/login"}
{"duration":"10ms","ip":"::1","level":"info","message":"HTTP Request","method":"GET","statusCode":200,"timestamp":"2026-09-04T11:27:46.692Z","url":"/api/auth/me"}
{"duration":"38ms","ip":"::1","level":"info","message":"HTTP Request","method":"GET","statusCode":200,"timestamp":"2026-09-04T11:27:46.806Z","url":"/api/users/me/settings"}
{"duration":"186ms","ip":"::1","level":"info","message":"HTTP Request","method":"GET","statusCode":200,"timestamp":"2026-09-04T11:27:46.970Z","url":"/api/categories"}
{"duration":"272ms","ip":"::1","level":"info","message":"HTTP Request","method":"GET","statusCode":200,"timestamp":"2026-09-04T11:27:47.049Z","url":"/api/dashboard"}
{"duration":"33ms","ip":"::1","level":"info","message":"HTTP Request","method":"GET","statusCode":200,"timestamp":"2026-09-04T11:27:51.706Z","url":"/api/transactions?page=1&limit=10"}
{"duration":"74ms","ip":"::1","level":"info","message":"HTTP Request","method":"PATCH","statusCode":200,"timestamp":"2026-09-04T11:28:04.474Z","url":"/api/users/me/settings"}
{"duration":"145ms","ip":"::1","level":"info","message":"HTTP Request","method":"GET","statusCode":200,"timestamp":"2026-09-04T11:29:26.063Z","url":"/api/users/me"}
{"duration":"148ms","ip":"::1","level":"info","message":"HTTP Request","method":"PATCH","statusCode":200,"timestamp":"2026-09-04T11:44:51.275Z","url":"/api/users/me"}
{"duration":"235ms","ip":"::1","level":"info","message":"HTTP Request","method":"GET","statusCode":200,"timestamp":"2026-09-04T11:51:53.672Z","url":"/api/auth/me"}
{"duration":"10ms","ip":"::1","level":"info","message":"HTTP Request","method":"GET","statusCode":200,"timestamp":"2026-09-04T11:51:53.947Z","url":"/api/users/me"}
{"duration":"72ms","ip":"::1","level":"info","message":"HTTP Request","method":"GET","statusCode":200,"timestamp":"2026-09-04T11:51:54.011Z","url":"/api/users/me/settings"}
{"duration":"147ms","ip":"::1","level":"info","message":"HTTP Request","method":"GET","statusCode":304,"timestamp":"2026-09-04T12:05:51.288Z","url":"/api/users/me"}
{"duration":"249ms","ip":"::1","level":"info","message":"HTTP Request","method":"GET","statusCode":304,"timestamp":"2026-09-04T12:05:51.292Z","url":"/api/users/me/settings"}
{"duration":"7ms","ip":"::1","level":"info","message":"HTTP Request","method":"GET","statusCode":304,"timestamp":"2026-09-04T12:05:54.659Z","url":"/api/auth/me"}
{"duration":"12ms","ip":"::1","level":"info","message":"HTTP Request","method":"GET","statusCode":304,"timestamp":"2026-09-04T12:05:54.989Z","url":"/api/users/me"}
{"duration":"13ms","ip":"::1","level":"info","message":"HTTP Request","method":"GET","statusCode":304,"timestamp":"2026-09-04T12:05:54.994Z","url":"/api/users/me/settings"}
{"duration":"200ms","ip":"::1","level":"info","message":"HTTP Request","method":"GET","statusCode":304,"timestamp":"2026-09-04T12:17:31.760Z","url":"/api/auth/me"}
{"duration":"15ms","ip":"::1","level":"info","message":"HTTP Request","method":"GET","statusCode":304,"timestamp":"2026-09-04T12:17:31.922Z","url":"/api/users/me"}
{"duration":"78ms","ip":"::1","level":"info","message":"HTTP Request","method":"GET","statusCode":304,"timestamp":"2026-09-04T12:17:31.986Z","url":"/api/users/me/settings"}
{"duration":"395ms","ip":"::1","level":"info","message":"HTTP Request","method":"GET","statusCode":304,"timestamp":"2026-09-04T12:18:28.841Z","url":"/api/auth/me"}
{"duration":"13ms","ip":"::1","level":"info","message":"HTTP Request","method":"GET","statusCode":304,"timestamp":"2026-09-04T12:18:29.479Z","url":"/api/users/me"}
{"duration":"86ms","ip":"::1","level":"info","message":"HTTP Request","method":"GET","statusCode":304,"timestamp":"2026-09-04T12:18:29.557Z","url":"/api/users/me/settings"}
{"duration":"138ms","ip":"::1","level":"info","message":"HTTP Request","method":"GET","statusCode":304,"timestamp":"2026-09-04T12:19:07.212Z","url":"/api/auth/me"}
{"duration":"7ms","ip":"::1","level":"info","message":"HTTP Request","method":"GET","statusCode":304,"timestamp":"2026-09-04T12:19:07.544Z","url":"/api/users/me"}
{"duration":"65ms","ip":"::1","level":"info","message":"HTTP Request","method":"GET","statusCode":304,"timestamp":"2026-09-04T12:19:07.604Z","url":"/api/users/me/settings"}
{"duration":"126ms","ip":"::1","level":"info","message":"HTTP Request","method":"GET","statusCode":304,"timestamp":"2026-09-04T12:21:55.060Z","url":"/api/auth/me"}
{"duration":"11ms","ip":"::1","level":"info","message":"HTTP Request","method":"GET","statusCode":304,"timestamp":"2026-09-04T12:21:55.174Z","url":"/api/users/me"}
{"duration":"182ms","ip":"::1","level":"info","message":"HTTP Request","method":"GET","statusCode":304,"timestamp":"2026-09-04T12:21:55.348Z","url":"/api/users/me/settings"}
{"duration":"427ms","ip":"::ffff:127.0.0.1","level":"info","message":"HTTP Request","method":"POST","statusCode":201,"timestamp":"2026-09-04T12:24:46.302Z","url":"/api/auth/register"}
{"duration":"369ms","ip":"::ffff:127.0.0.1","level":"info","message":"HTTP Request","method":"POST","statusCode":200,"timestamp":"2026-09-04T12:24:46.695Z","url":"/api/auth/login"}
{"duration":"44ms","ip":"::ffff:127.0.0.1","level":"info","message":"HTTP Request","method":"POST","statusCode":201,"timestamp":"2026-09-04T12:24:46.745Z","url":"/api/categories"}
{"duration":"1ms","ip":"::ffff:127.0.0.1","level":"info","message":"HTTP Request","method":"GET","statusCode":401,"timestamp":"2026-09-04T12:24:46.752Z","url":"/api/transactions"}
{"duration":"360ms","ip":"::ffff:127.0.0.1","level":"info","message":"HTTP Request","method":"POST","statusCode":201,"timestamp":"2026-09-04T12:24:47.125Z","url":"/api/auth/register"}
{"duration":"363ms","ip":"::ffff:127.0.0.1","level":"info","message":"HTTP Request","method":"POST","statusCode":200,"timestamp":"2026-09-04T12:24:47.495Z","url":"/api/auth/login"}
{"duration":"12ms","ip":"::ffff:127.0.0.1","level":"info","message":"HTTP Request","method":"POST","statusCode":201,"timestamp":"2026-09-04T12:24:47.512Z","url":"/api/categories"}
{"duration":"40ms","ip":"::ffff:127.0.0.1","level":"info","message":"HTTP Request","method":"POST","statusCode":201,"timestamp":"2026-09-04T12:24:47.559Z","url":"/api/transactions"}
{"duration":"363ms","ip":"::ffff:127.0.0.1","level":"info","message":"HTTP Request","method":"POST","statusCode":201,"timestamp":"2026-09-04T12:24:47.933Z","url":"/api/auth/register"}
{"duration":"357ms","ip":"::ffff:127.0.0.1","level":"info","message":"HTTP Request","method":"POST","statusCode":200,"timestamp":"2026-09-04T12:24:48.296Z","url":"/api/auth/login"}
{"duration":"6ms","ip":"::ffff:127.0.0.1","level":"info","message":"HTTP Request","method":"POST","statusCode":201,"timestamp":"2026-09-04T12:24:48.307Z","url":"/api/categories"}
{"duration":"5ms","ip":"::ffff:127.0.0.1","level":"info","message":"HTTP Request","method":"POST","statusCode":400,"timestamp":"2026-09-04T12:24:48.319Z","url":"/api/transactions"}
{"duration":"356ms","ip":"::ffff:127.0.0.1","level":"info","message":"HTTP Request","method":"POST","statusCode":201,"timestamp":"2026-09-04T12:24:48.683Z","url":"/api/auth/register"}
{"duration":"357ms","ip":"::ffff:127.0.0.1","level":"info","message":"HTTP Request","method":"POST","statusCode":200,"timestamp":"2026-09-04T12:24:49.044Z","url":"/api/auth/login"}
{"duration":"6ms","ip":"::ffff:127.0.0.1","level":"info","message":"HTTP Request","method":"POST","statusCode":201,"timestamp":"2026-09-04T12:24:49.060Z","url":"/api/categories"}
{"duration":"3ms","ip":"::ffff:127.0.0.1","level":"info","message":"HTTP Request","method":"POST","statusCode":400,"timestamp":"2026-09-04T12:24:49.068Z","url":"/api/transactions"}
{"duration":"362ms","ip":"::ffff:127.0.0.1","level":"info","message":"HTTP Request","method":"POST","statusCode":201,"timestamp":"2026-09-04T12:24:49.438Z","url":"/api/auth/register"}
{"duration":"359ms","ip":"::ffff:127.0.0.1","level":"info","message":"HTTP Request","method":"POST","statusCode":200,"timestamp":"2026-09-04T12:24:49.801Z","url":"/api/auth/login"}
{"duration":"7ms","ip":"::ffff:127.0.0.1","level":"info","message":"HTTP Request","method":"POST","statusCode":201,"timestamp":"2026-09-04T12:24:49.812Z","url":"/api/categories"}
{"duration":"3ms","ip":"::ffff:127.0.0.1","level":"info","message":"HTTP Request","method":"POST","statusCode":400,"timestamp":"2026-09-04T12:24:49.820Z","url":"/api/transactions"}
{"duration":"362ms","ip":"::ffff:127.0.0.1","level":"info","message":"HTTP Request","method":"POST","statusCode":201,"timestamp":"2026-09-04T12:24:50.190Z","url":"/api/auth/register"}
{"duration":"355ms","ip":"::ffff:127.0.0.1","level":"info","message":"HTTP Request","method":"POST","statusCode":200,"timestamp":"2026-09-04T12:24:50.551Z","url":"/api/auth/login"}
{"duration":"8ms","ip":"::ffff:127.0.0.1","level":"info","message":"HTTP Request","method":"POST","statusCode":201,"timestamp":"2026-09-04T12:24:50.564Z","url":"/api/categories"}
{"duration":"8ms","ip":"::ffff:127.0.0.1","level":"info","message":"HTTP Request","method":"POST","statusCode":201,"timestamp":"2026-09-04T12:24:50.577Z","url":"/api/transactions"}
{"duration":"34ms","ip":"::ffff:127.0.0.1","level":"info","message":"HTTP Request","method":"GET","statusCode":200,"timestamp":"2026-09-04T12:24:50.617Z","url":"/api/transactions?page=1&limit=10"}
{"duration":"368ms","ip":"::ffff:127.0.0.1","level":"info","message":"HTTP Request","method":"POST","statusCode":201,"timestamp":"2026-09-04T12:24:50.997Z","url":"/api/auth/register"}
{"duration":"354ms","ip":"::ffff:127.0.0.1","level":"info","message":"HTTP Request","method":"POST","statusCode":200,"timestamp":"2026-09-04T12:24:51.355Z","url":"/api/auth/login"}
{"duration":"8ms","ip":"::ffff:127.0.0.1","level":"info","message":"HTTP Request","method":"POST","statusCode":201,"timestamp":"2026-09-04T12:24:51.371Z","url":"/api/categories"}
{"duration":"8ms","ip":"::ffff:127.0.0.1","level":"info","message":"HTTP Request","method":"POST","statusCode":201,"timestamp":"2026-09-04T12:24:51.383Z","url":"/api/transactions"}
{"duration":"7ms","ip":"::ffff:127.0.0.1","level":"info","message":"HTTP Request","method":"GET","statusCode":200,"timestamp":"2026-09-04T12:24:51.396Z","url":"/api/transactions/53e66c80-149f-4628-9350-3528402278b0"}
{"duration":"353ms","ip":"::ffff:127.0.0.1","level":"info","message":"HTTP Request","method":"POST","statusCode":201,"timestamp":"2026-09-04T12:24:51.759Z","url":"/api/auth/register"}
{"duration":"296ms","ip":"::ffff:127.0.0.1","level":"info","message":"HTTP Request","method":"POST","statusCode":200,"timestamp":"2026-09-04T12:24:52.060Z","url":"/api/auth/login"}
{"duration":"5ms","ip":"::ffff:127.0.0.1","level":"info","message":"HTTP Request","method":"POST","statusCode":201,"timestamp":"2026-09-04T12:24:52.069Z","url":"/api/categories"}
{"duration":"4ms","ip":"::ffff:127.0.0.1","level":"info","message":"HTTP Request","method":"GET","statusCode":404,"timestamp":"2026-09-04T12:24:52.076Z","url":"/api/transactions/11111111-1111-4111-8111-111111111111"}
{"duration":"279ms","ip":"::ffff:127.0.0.1","level":"info","message":"HTTP Request","method":"POST","statusCode":201,"timestamp":"2026-09-04T12:24:52.363Z","url":"/api/auth/register"}
{"duration":"275ms","ip":"::ffff:127.0.0.1","level":"info","message":"HTTP Request","method":"POST","statusCode":200,"timestamp":"2026-09-04T12:24:52.643Z","url":"/api/auth/login"}
{"duration":"5ms","ip":"::ffff:127.0.0.1","level":"info","message":"HTTP Request","method":"POST","statusCode":201,"timestamp":"2026-09-04T12:24:52.652Z","url":"/api/categories"}
{"duration":"2ms","ip":"::ffff:127.0.0.1","level":"info","message":"HTTP Request","method":"GET","statusCode":400,"timestamp":"2026-09-04T12:24:52.657Z","url":"/api/transactions/not-a-uuid"}
{"duration":"318ms","ip":"::ffff:127.0.0.1","level":"info","message":"HTTP Request","method":"POST","statusCode":201,"timestamp":"2026-09-04T12:24:52.984Z","url":"/api/auth/register"}
{"duration":"273ms","ip":"::ffff:127.0.0.1","level":"info","message":"HTTP Request","method":"POST","statusCode":200,"timestamp":"2026-09-04T12:24:53.263Z","url":"/api/auth/login"}
{"duration":"5ms","ip":"::ffff:127.0.0.1","level":"info","message":"HTTP Request","method":"POST","statusCode":201,"timestamp":"2026-09-04T12:24:53.272Z","url":"/api/categories"}
{"duration":"6ms","ip":"::ffff:127.0.0.1","level":"info","message":"HTTP Request","method":"POST","statusCode":201,"timestamp":"2026-09-04T12:24:53.282Z","url":"/api/transactions"}
{"duration":"10ms","ip":"::ffff:127.0.0.1","level":"info","message":"HTTP Request","method":"PATCH","statusCode":200,"timestamp":"2026-09-04T12:24:53.296Z","url":"/api/transactions/2faef1b2-43bc-454c-a41d-dc7d27bc3c6e"}
{"duration":"279ms","ip":"::ffff:127.0.0.1","level":"info","message":"HTTP Request","method":"POST","statusCode":201,"timestamp":"2026-09-04T12:24:53.582Z","url":"/api/auth/register"}
{"duration":"295ms","ip":"::ffff:127.0.0.1","level":"info","message":"HTTP Request","method":"POST","statusCode":200,"timestamp":"2026-09-04T12:24:53.880Z","url":"/api/auth/login"}
{"duration":"9ms","ip":"::ffff:127.0.0.1","level":"info","message":"HTTP Request","method":"POST","statusCode":201,"timestamp":"2026-09-04T12:24:53.894Z","url":"/api/categories"}
{"duration":"9ms","ip":"::ffff:127.0.0.1","level":"info","message":"HTTP Request","method":"POST","statusCode":201,"timestamp":"2026-09-04T12:24:53.919Z","url":"/api/transactions"}
{"duration":"10ms","ip":"::ffff:127.0.0.1","level":"info","message":"HTTP Request","method":"DELETE","statusCode":200,"timestamp":"2026-09-04T12:24:53.934Z","url":"/api/transactions/d5708a6e-1bc8-4ae7-bbba-53c4185dc626"}
{"duration":"270ms","ip":"::ffff:127.0.0.1","level":"info","message":"HTTP Request","method":"POST","statusCode":201,"timestamp":"2026-09-04T12:24:54.211Z","url":"/api/auth/register"}
{"duration":"271ms","ip":"::ffff:127.0.0.1","level":"info","message":"HTTP Request","method":"POST","statusCode":200,"timestamp":"2026-09-04T12:24:54.486Z","url":"/api/auth/login"}
{"duration":"10ms","ip":"::ffff:127.0.0.1","level":"info","message":"HTTP Request","method":"POST","statusCode":201,"timestamp":"2026-09-04T12:24:54.501Z","url":"/api/categories"}
{"duration":"281ms","ip":"::ffff:127.0.0.1","level":"info","message":"HTTP Request","method":"POST","statusCode":201,"timestamp":"2026-09-04T12:24:54.787Z","url":"/api/auth/register"}
{"duration":"278ms","ip":"::ffff:127.0.0.1","level":"info","message":"HTTP Request","method":"POST","statusCode":200,"timestamp":"2026-09-04T12:24:55.069Z","url":"/api/auth/login"}
{"duration":"8ms","ip":"::ffff:127.0.0.1","level":"info","message":"HTTP Request","method":"POST","statusCode":201,"timestamp":"2026-09-04T12:24:55.081Z","url":"/api/categories"}
{"duration":"4ms","ip":"::ffff:127.0.0.1","level":"info","message":"HTTP Request","method":"POST","statusCode":403,"timestamp":"2026-09-04T12:24:55.088Z","url":"/api/transactions"}
{"duration":"279ms","ip":"::ffff:127.0.0.1","level":"info","message":"HTTP Request","method":"POST","statusCode":201,"timestamp":"2026-09-04T12:24:55.374Z","url":"/api/auth/register"}
{"duration":"269ms","ip":"::ffff:127.0.0.1","level":"info","message":"HTTP Request","method":"POST","statusCode":200,"timestamp":"2026-09-04T12:24:55.649Z","url":"/api/auth/login"}
{"duration":"6ms","ip":"::ffff:127.0.0.1","level":"info","message":"HTTP Request","method":"POST","statusCode":201,"timestamp":"2026-09-04T12:24:55.658Z","url":"/api/categories"}
{"duration":"5ms","ip":"::ffff:127.0.0.1","level":"info","message":"HTTP Request","method":"POST","statusCode":201,"timestamp":"2026-09-04T12:24:55.670Z","url":"/api/transactions"}
{"duration":"275ms","ip":"::ffff:127.0.0.1","level":"info","message":"HTTP Request","method":"POST","statusCode":201,"timestamp":"2026-09-04T12:24:55.948Z","url":"/api/auth/register"}
{"duration":"273ms","ip":"::ffff:127.0.0.1","level":"info","message":"HTTP Request","method":"POST","statusCode":200,"timestamp":"2026-09-04T12:24:56.224Z","url":"/api/auth/login"}
{"duration":"7ms","ip":"::ffff:127.0.0.1","level":"info","message":"HTTP Request","method":"POST","statusCode":201,"timestamp":"2026-09-04T12:24:56.236Z","url":"/api/categories"}
{"duration":"6ms","ip":"::ffff:127.0.0.1","level":"info","message":"HTTP Request","method":"PATCH","statusCode":403,"timestamp":"2026-09-04T12:24:56.246Z","url":"/api/transactions/666d0517-e937-47f8-b440-8e299e9c3e4b"}
{"duration":"279ms","ip":"::ffff:127.0.0.1","level":"info","message":"HTTP Request","method":"POST","statusCode":201,"timestamp":"2026-09-04T12:24:56.534Z","url":"/api/auth/register"}
{"duration":"278ms","ip":"::ffff:127.0.0.1","level":"info","message":"HTTP Request","method":"POST","statusCode":200,"timestamp":"2026-09-04T12:24:56.816Z","url":"/api/auth/login"}
{"duration":"8ms","ip":"::ffff:127.0.0.1","level":"info","message":"HTTP Request","method":"POST","statusCode":201,"timestamp":"2026-09-04T12:24:56.827Z","url":"/api/categories"}
{"duration":"4ms","ip":"::ffff:127.0.0.1","level":"info","message":"HTTP Request","method":"POST","statusCode":201,"timestamp":"2026-09-04T12:24:56.836Z","url":"/api/transactions"}
{"duration":"279ms","ip":"::ffff:127.0.0.1","level":"info","message":"HTTP Request","method":"POST","statusCode":201,"timestamp":"2026-09-04T12:24:57.118Z","url":"/api/auth/register"}
{"duration":"277ms","ip":"::ffff:127.0.0.1","level":"info","message":"HTTP Request","method":"POST","statusCode":200,"timestamp":"2026-09-04T12:24:57.399Z","url":"/api/auth/login"}
{"duration":"9ms","ip":"::ffff:127.0.0.1","level":"info","message":"HTTP Request","method":"GET","statusCode":404,"timestamp":"2026-09-04T12:24:57.413Z","url":"/api/transactions/ce74c416-4d1d-4f95-9b8d-7041646a7d14"}
{"duration":"290ms","ip":"::ffff:127.0.0.1","level":"info","message":"HTTP Request","method":"POST","statusCode":201,"timestamp":"2026-09-04T12:24:58.344Z","url":"/api/auth/register"}
{"duration":"273ms","ip":"::ffff:127.0.0.1","level":"info","message":"HTTP Request","method":"POST","statusCode":200,"timestamp":"2026-09-04T12:24:58.625Z","url":"/api/auth/login"}
{"duration":"1ms","ip":"::ffff:127.0.0.1","level":"info","message":"HTTP Request","method":"GET","statusCode":401,"timestamp":"2026-09-04T12:24:58.631Z","url":"/api/dashboard"}
{"duration":"277ms","ip":"::ffff:127.0.0.1","level":"info","message":"HTTP Request","method":"POST","statusCode":201,"timestamp":"2026-09-04T12:24:58.916Z","url":"/api/auth/register"}
{"duration":"275ms","ip":"::ffff:127.0.0.1","level":"info","message":"HTTP Request","method":"POST","statusCode":200,"timestamp":"2026-09-04T12:24:59.196Z","url":"/api/auth/login"}
{"duration":"86ms","ip":"::ffff:127.0.0.1","level":"info","message":"HTTP Request","method":"GET","statusCode":200,"timestamp":"2026-09-04T12:24:59.287Z","url":"/api/dashboard"}
{"duration":"276ms","ip":"::ffff:127.0.0.1","level":"info","message":"HTTP Request","method":"POST","statusCode":201,"timestamp":"2026-09-04T12:24:59.577Z","url":"/api/auth/register"}
{"duration":"283ms","ip":"::ffff:127.0.0.1","level":"info","message":"HTTP Request","method":"POST","statusCode":200,"timestamp":"2026-09-04T12:24:59.864Z","url":"/api/auth/login"}
{"duration":"13ms","ip":"::ffff:127.0.0.1","level":"info","message":"HTTP Request","method":"POST","statusCode":201,"timestamp":"2026-09-04T12:24:59.883Z","url":"/api/categories"}
{"duration":"13ms","ip":"::ffff:127.0.0.1","level":"info","message":"HTTP Request","method":"POST","statusCode":201,"timestamp":"2026-09-04T12:24:59.906Z","url":"/api/transactions"}
{"duration":"8ms","ip":"::ffff:127.0.0.1","level":"info","message":"HTTP Request","method":"GET","statusCode":200,"timestamp":"2026-09-04T12:24:59.919Z","url":"/api/dashboard"}
{"duration":"284ms","ip":"::ffff:127.0.0.1","level":"info","message":"HTTP Request","method":"POST","statusCode":201,"timestamp":"2026-09-04T12:25:00.931Z","url":"/api/auth/register"}
{"duration":"276ms","ip":"::ffff:127.0.0.1","level":"info","message":"HTTP Request","method":"POST","statusCode":200,"timestamp":"2026-09-04T12:25:01.213Z","url":"/api/auth/login"}
{"duration":"1ms","ip":"::ffff:127.0.0.1","level":"info","message":"HTTP Request","method":"GET","statusCode":401,"timestamp":"2026-09-04T12:25:01.217Z","url":"/api/users/me/settings"}
{"duration":"280ms","ip":"::ffff:127.0.0.1","level":"info","message":"HTTP Request","method":"POST","statusCode":201,"timestamp":"2026-09-04T12:25:01.506Z","url":"/api/auth/register"}
{"duration":"280ms","ip":"::ffff:127.0.0.1","level":"info","message":"HTTP Request","method":"POST","statusCode":200,"timestamp":"2026-09-04T12:25:01.793Z","url":"/api/auth/login"}
{"duration":"9ms","ip":"::ffff:127.0.0.1","level":"info","message":"HTTP Request","method":"GET","statusCode":200,"timestamp":"2026-09-04T12:25:01.806Z","url":"/api/users/me/settings"}
{"duration":"279ms","ip":"::ffff:127.0.0.1","level":"info","message":"HTTP Request","method":"POST","statusCode":201,"timestamp":"2026-09-04T12:25:02.093Z","url":"/api/auth/register"}
{"duration":"281ms","ip":"::ffff:127.0.0.1","level":"info","message":"HTTP Request","method":"POST","statusCode":200,"timestamp":"2026-09-04T12:25:02.378Z","url":"/api/auth/login"}
{"duration":"7ms","ip":"::ffff:127.0.0.1","level":"info","message":"HTTP Request","method":"GET","statusCode":200,"timestamp":"2026-09-04T12:25:02.390Z","url":"/api/users/me/settings"}
{"duration":"7ms","ip":"::ffff:127.0.0.1","level":"info","message":"HTTP Request","method":"PATCH","statusCode":200,"timestamp":"2026-09-04T12:25:02.402Z","url":"/api/users/me/settings"}
{"duration":"281ms","ip":"::ffff:127.0.0.1","level":"info","message":"HTTP Request","method":"POST","statusCode":201,"timestamp":"2026-09-04T12:25:02.690Z","url":"/api/auth/register"}
{"duration":"277ms","ip":"::ffff:127.0.0.1","level":"info","message":"HTTP Request","method":"POST","statusCode":200,"timestamp":"2026-09-04T12:25:02.973Z","url":"/api/auth/login"}
{"duration":"3ms","ip":"::ffff:127.0.0.1","level":"info","message":"HTTP Request","method":"PATCH","statusCode":400,"timestamp":"2026-09-04T12:25:02.981Z","url":"/api/users/me/settings"}
{"duration":"273ms","ip":"::ffff:127.0.0.1","level":"info","message":"HTTP Request","method":"POST","statusCode":201,"timestamp":"2026-09-04T12:25:03.262Z","url":"/api/auth/register"}
{"duration":"274ms","ip":"::ffff:127.0.0.1","level":"info","message":"HTTP Request","method":"POST","statusCode":200,"timestamp":"2026-09-04T12:25:03.540Z","url":"/api/auth/login"}
{"duration":"3ms","ip":"::ffff:127.0.0.1","level":"info","message":"HTTP Request","method":"PATCH","statusCode":400,"timestamp":"2026-09-04T12:25:03.549Z","url":"/api/users/me/settings"}
{"duration":"2ms","ip":"::ffff:127.0.0.1","level":"info","message":"HTTP Request","method":"PATCH","statusCode":400,"timestamp":"2026-09-04T12:25:03.555Z","url":"/api/users/me/settings"}
{"duration":"285ms","ip":"::ffff:127.0.0.1","level":"info","message":"HTTP Request","method":"POST","statusCode":201,"timestamp":"2026-09-04T12:25:03.847Z","url":"/api/auth/register"}
{"duration":"271ms","ip":"::ffff:127.0.0.1","level":"info","message":"HTTP Request","method":"POST","statusCode":200,"timestamp":"2026-09-04T12:25:04.123Z","url":"/api/auth/login"}
{"duration":"6ms","ip":"::ffff:127.0.0.1","level":"info","message":"HTTP Request","method":"POST","statusCode":201,"timestamp":"2026-09-04T12:25:04.137Z","url":"/api/users/me/settings"}
{"duration":"155ms","ip":"::ffff:127.0.0.1","level":"info","message":"HTTP Request","method":"POST","statusCode":409,"timestamp":"2026-09-04T12:25:04.298Z","url":"/api/users/me/settings"}
{"duration":"273ms","ip":"::ffff:127.0.0.1","level":"info","message":"HTTP Request","method":"POST","statusCode":201,"timestamp":"2026-09-04T12:25:04.647Z","url":"/api/auth/register"}
{"duration":"277ms","ip":"::ffff:127.0.0.1","level":"info","message":"HTTP Request","method":"POST","statusCode":200,"timestamp":"2026-09-04T12:25:04.927Z","url":"/api/auth/login"}
{"duration":"6ms","ip":"::ffff:127.0.0.1","level":"info","message":"HTTP Request","method":"PATCH","statusCode":404,"timestamp":"2026-09-04T12:25:04.937Z","url":"/api/users/me/settings"}
{"duration":"316ms","ip":"::ffff:127.0.0.1","level":"info","message":"HTTP Request","method":"POST","statusCode":201,"timestamp":"2026-09-04T12:25:05.828Z","url":"/api/auth/register"}
{"duration":"271ms","ip":"::ffff:127.0.0.1","level":"info","message":"HTTP Request","method":"POST","statusCode":200,"timestamp":"2026-09-04T12:25:06.104Z","url":"/api/auth/login"}
{"duration":"1ms","ip":"::ffff:127.0.0.1","level":"info","message":"HTTP Request","method":"GET","statusCode":401,"timestamp":"2026-09-04T12:25:06.110Z","url":"/api/users/me"}
{"duration":"281ms","ip":"::ffff:127.0.0.1","level":"info","message":"HTTP Request","method":"POST","statusCode":201,"timestamp":"2026-09-04T12:25:06.400Z","url":"/api/auth/register"}
{"duration":"275ms","ip":"::ffff:127.0.0.1","level":"info","message":"HTTP Request","method":"POST","statusCode":200,"timestamp":"2026-09-04T12:25:06.679Z","url":"/api/auth/login"}
{"duration":"5ms","ip":"::ffff:127.0.0.1","level":"info","message":"HTTP Request","method":"GET","statusCode":200,"timestamp":"2026-09-04T12:25:06.688Z","url":"/api/users/me"}
{"duration":"279ms","ip":"::ffff:127.0.0.1","level":"info","message":"HTTP Request","method":"POST","statusCode":201,"timestamp":"2026-09-04T12:25:06.977Z","url":"/api/auth/register"}
{"duration":"272ms","ip":"::ffff:127.0.0.1","level":"info","message":"HTTP Request","method":"POST","statusCode":200,"timestamp":"2026-09-04T12:25:07.254Z","url":"/api/auth/login"}
{"duration":"7ms","ip":"::ffff:127.0.0.1","level":"info","message":"HTTP Request","method":"PATCH","statusCode":200,"timestamp":"2026-09-04T12:25:07.266Z","url":"/api/users/me"}
{"duration":"280ms","ip":"::ffff:127.0.0.1","level":"info","message":"HTTP Request","method":"POST","statusCode":201,"timestamp":"2026-09-04T12:25:07.551Z","url":"/api/auth/register"}
{"duration":"275ms","ip":"::ffff:127.0.0.1","level":"info","message":"HTTP Request","method":"POST","statusCode":200,"timestamp":"2026-09-04T12:25:07.830Z","url":"/api/auth/login"}
{"duration":"6ms","ip":"::ffff:127.0.0.1","level":"info","message":"HTTP Request","method":"PATCH","statusCode":200,"timestamp":"2026-09-04T12:25:07.840Z","url":"/api/users/me"}
{"duration":"280ms","ip":"::ffff:127.0.0.1","level":"info","message":"HTTP Request","method":"POST","statusCode":201,"timestamp":"2026-09-04T12:25:08.131Z","url":"/api/auth/register"}
{"duration":"276ms","ip":"::ffff:127.0.0.1","level":"info","message":"HTTP Request","method":"POST","statusCode":200,"timestamp":"2026-09-04T12:25:08.411Z","url":"/api/auth/login"}
{"duration":"834ms","ip":"::ffff:127.0.0.1","level":"info","message":"HTTP Request","method":"PATCH","statusCode":200,"timestamp":"2026-09-04T12:25:09.250Z","url":"/api/users/me/password"}
{"duration":"286ms","ip":"::ffff:127.0.0.1","level":"info","message":"HTTP Request","method":"POST","statusCode":201,"timestamp":"2026-09-04T12:25:09.542Z","url":"/api/auth/register"}
{"duration":"271ms","ip":"::ffff:127.0.0.1","level":"info","message":"HTTP Request","method":"POST","statusCode":200,"timestamp":"2026-09-04T12:25:09.818Z","url":"/api/auth/login"}
{"duration":"282ms","ip":"::ffff:127.0.0.1","level":"info","message":"HTTP Request","method":"PATCH","statusCode":400,"timestamp":"2026-09-04T12:25:10.104Z","url":"/api/users/me/password"}
{"duration":"282ms","ip":"::ffff:127.0.0.1","level":"info","message":"HTTP Request","method":"POST","statusCode":201,"timestamp":"2026-09-04T12:25:10.395Z","url":"/api/auth/register"}
{"duration":"274ms","ip":"::ffff:127.0.0.1","level":"info","message":"HTTP Request","method":"POST","statusCode":200,"timestamp":"2026-09-04T12:25:10.710Z","url":"/api/auth/login"}
{"duration":"3ms","ip":"::ffff:127.0.0.1","level":"info","message":"HTTP Request","method":"PATCH","statusCode":400,"timestamp":"2026-09-04T12:25:10.717Z","url":"/api/users/me/password"}
{"duration":"283ms","ip":"::ffff:127.0.0.1","level":"info","message":"HTTP Request","method":"POST","statusCode":201,"timestamp":"2026-09-04T12:25:11.611Z","url":"/api/auth/register"}
{"duration":"274ms","ip":"::ffff:127.0.0.1","level":"info","message":"HTTP Request","method":"POST","statusCode":200,"timestamp":"2026-09-04T12:25:11.889Z","url":"/api/auth/login"}
{"duration":"1ms","ip":"::ffff:127.0.0.1","level":"info","message":"HTTP Request","method":"GET","statusCode":401,"timestamp":"2026-09-04T12:25:11.896Z","url":"/api/categories"}
{"duration":"273ms","ip":"::ffff:127.0.0.1","level":"info","message":"HTTP Request","method":"POST","statusCode":201,"timestamp":"2026-09-04T12:25:12.178Z","url":"/api/auth/register"}
{"duration":"274ms","ip":"::ffff:127.0.0.1","level":"info","message":"HTTP Request","method":"POST","statusCode":200,"timestamp":"2026-09-04T12:25:12.456Z","url":"/api/auth/login"}
{"duration":"8ms","ip":"::ffff:127.0.0.1","level":"info","message":"HTTP Request","method":"POST","statusCode":201,"timestamp":"2026-09-04T12:25:12.470Z","url":"/api/categories"}
{"duration":"277ms","ip":"::ffff:127.0.0.1","level":"info","message":"HTTP Request","method":"POST","statusCode":201,"timestamp":"2026-09-04T12:25:12.754Z","url":"/api/auth/register"}
{"duration":"272ms","ip":"::ffff:127.0.0.1","level":"info","message":"HTTP Request","method":"POST","statusCode":200,"timestamp":"2026-09-04T12:25:13.031Z","url":"/api/auth/login"}
{"duration":"3ms","ip":"::ffff:127.0.0.1","level":"info","message":"HTTP Request","method":"POST","statusCode":400,"timestamp":"2026-09-04T12:25:13.038Z","url":"/api/categories"}
{"duration":"286ms","ip":"::ffff:127.0.0.1","level":"info","message":"HTTP Request","method":"POST","statusCode":201,"timestamp":"2026-09-04T12:25:13.331Z","url":"/api/auth/register"}
{"duration":"278ms","ip":"::ffff:127.0.0.1","level":"info","message":"HTTP Request","method":"POST","statusCode":200,"timestamp":"2026-09-04T12:25:13.613Z","url":"/api/auth/login"}
{"duration":"14ms","ip":"::ffff:127.0.0.1","level":"info","message":"HTTP Request","method":"POST","statusCode":201,"timestamp":"2026-09-04T12:25:13.631Z","url":"/api/categories"}
{"duration":"5ms","ip":"::ffff:127.0.0.1","level":"info","message":"HTTP Request","method":"POST","statusCode":409,"timestamp":"2026-09-04T12:25:13.665Z","url":"/api/categories"}
{"duration":"278ms","ip":"::ffff:127.0.0.1","level":"info","message":"HTTP Request","method":"POST","statusCode":201,"timestamp":"2026-09-04T12:25:13.949Z","url":"/api/auth/register"}
{"duration":"268ms","ip":"::ffff:127.0.0.1","level":"info","message":"HTTP Request","method":"POST","statusCode":200,"timestamp":"2026-09-04T12:25:14.221Z","url":"/api/auth/login"}
{"duration":"6ms","ip":"::ffff:127.0.0.1","level":"info","message":"HTTP Request","method":"POST","statusCode":201,"timestamp":"2026-09-04T12:25:14.232Z","url":"/api/categories"}
{"duration":"8ms","ip":"::ffff:127.0.0.1","level":"info","message":"HTTP Request","method":"GET","statusCode":200,"timestamp":"2026-09-04T12:25:14.243Z","url":"/api/categories"}
{"duration":"288ms","ip":"::ffff:127.0.0.1","level":"info","message":"HTTP Request","method":"POST","statusCode":201,"timestamp":"2026-09-04T12:25:14.538Z","url":"/api/auth/register"}
{"duration":"277ms","ip":"::ffff:127.0.0.1","level":"info","message":"HTTP Request","method":"POST","statusCode":200,"timestamp":"2026-09-04T12:25:14.820Z","url":"/api/auth/login"}
{"duration":"14ms","ip":"::ffff:127.0.0.1","level":"info","message":"HTTP Request","method":"POST","statusCode":201,"timestamp":"2026-09-04T12:25:14.838Z","url":"/api/categories"}
{"duration":"12ms","ip":"::ffff:127.0.0.1","level":"info","message":"HTTP Request","method":"PATCH","statusCode":200,"timestamp":"2026-09-04T12:25:14.856Z","url":"/api/categories/6cc7d0da-f305-4dae-9c34-791c97df7012"}
{"duration":"286ms","ip":"::ffff:127.0.0.1","level":"info","message":"HTTP Request","method":"POST","statusCode":201,"timestamp":"2026-09-04T12:25:15.152Z","url":"/api/auth/register"}
{"duration":"294ms","ip":"::ffff:127.0.0.1","level":"info","message":"HTTP Request","method":"POST","statusCode":200,"timestamp":"2026-09-04T12:25:15.450Z","url":"/api/auth/login"}
{"duration":"3ms","ip":"::ffff:127.0.0.1","level":"info","message":"HTTP Request","method":"PATCH","statusCode":400,"timestamp":"2026-09-04T12:25:15.457Z","url":"/api/categories/not-a-uuid"}
{"duration":"277ms","ip":"::ffff:127.0.0.1","level":"info","message":"HTTP Request","method":"POST","statusCode":201,"timestamp":"2026-09-04T12:25:15.751Z","url":"/api/auth/register"}
{"duration":"274ms","ip":"::ffff:127.0.0.1","level":"info","message":"HTTP Request","method":"POST","statusCode":200,"timestamp":"2026-09-04T12:25:16.028Z","url":"/api/auth/login"}
{"duration":"3ms","ip":"::ffff:127.0.0.1","level":"info","message":"HTTP Request","method":"PATCH","statusCode":404,"timestamp":"2026-09-04T12:25:16.035Z","url":"/api/categories/11111111-1111-4111-8111-111111111111"}
{"duration":"284ms","ip":"::ffff:127.0.0.1","level":"info","message":"HTTP Request","method":"POST","statusCode":201,"timestamp":"2026-09-04T12:25:16.334Z","url":"/api/auth/register"}
{"duration":"277ms","ip":"::ffff:127.0.0.1","level":"info","message":"HTTP Request","method":"POST","statusCode":200,"timestamp":"2026-09-04T12:25:16.615Z","url":"/api/auth/login"}
{"duration":"4ms","ip":"::ffff:127.0.0.1","level":"info","message":"HTTP Request","method":"POST","statusCode":201,"timestamp":"2026-09-04T12:25:16.623Z","url":"/api/categories"}
{"duration":"13ms","ip":"::ffff:127.0.0.1","level":"info","message":"HTTP Request","method":"DELETE","statusCode":200,"timestamp":"2026-09-04T12:25:16.640Z","url":"/api/categories/7055e767-3e8b-4245-8ea3-74f44e65f6b7"}
{"duration":"296ms","ip":"::ffff:127.0.0.1","level":"info","message":"HTTP Request","method":"POST","statusCode":201,"timestamp":"2026-09-04T12:25:17.477Z","url":"/api/auth/register"}
{"duration":"289ms","ip":"::ffff:127.0.0.1","level":"info","message":"HTTP Request","method":"POST","statusCode":201,"timestamp":"2026-09-04T12:25:17.774Z","url":"/api/auth/register"}
{"duration":"2ms","ip":"::ffff:127.0.0.1","level":"info","message":"HTTP Request","method":"POST","statusCode":409,"timestamp":"2026-09-04T12:25:17.780Z","url":"/api/auth/register"}
{"duration":"0ms","ip":"::ffff:127.0.0.1","level":"info","message":"HTTP Request","method":"POST","statusCode":400,"timestamp":"2026-09-04T12:25:17.786Z","url":"/api/auth/register"}
{"duration":"0ms","ip":"::ffff:127.0.0.1","level":"info","message":"HTTP Request","method":"POST","statusCode":400,"timestamp":"2026-09-04T12:25:17.792Z","url":"/api/auth/register"}
{"duration":"1ms","ip":"::ffff:127.0.0.1","level":"info","message":"HTTP Request","method":"POST","statusCode":400,"timestamp":"2026-09-04T12:25:17.799Z","url":"/api/auth/register"}
{"duration":"288ms","ip":"::ffff:127.0.0.1","level":"info","message":"HTTP Request","method":"POST","statusCode":201,"timestamp":"2026-09-04T12:25:18.091Z","url":"/api/auth/register"}
{"duration":"276ms","ip":"::ffff:127.0.0.1","level":"info","message":"HTTP Request","method":"POST","statusCode":200,"timestamp":"2026-09-04T12:25:18.372Z","url":"/api/auth/login"}
{"duration":"371ms","ip":"::ffff:127.0.0.1","level":"info","message":"HTTP Request","method":"POST","statusCode":201,"timestamp":"2026-09-04T12:25:18.759Z","url":"/api/auth/register"}
{"duration":"271ms","ip":"::ffff:127.0.0.1","level":"info","message":"HTTP Request","method":"POST","statusCode":401,"timestamp":"2026-09-04T12:25:19.035Z","url":"/api/auth/login"}
{"duration":"277ms","ip":"::ffff:127.0.0.1","level":"info","message":"HTTP Request","method":"POST","statusCode":201,"timestamp":"2026-09-04T12:25:19.332Z","url":"/api/auth/register"}
{"duration":"2ms","ip":"::ffff:127.0.0.1","level":"info","message":"HTTP Request","method":"POST","statusCode":401,"timestamp":"2026-09-04T12:25:19.337Z","url":"/api/auth/login"}
{"duration":"272ms","ip":"::ffff:127.0.0.1","level":"info","message":"HTTP Request","method":"POST","statusCode":201,"timestamp":"2026-09-04T12:25:19.617Z","url":"/api/auth/register"}
{"duration":"281ms","ip":"::ffff:127.0.0.1","level":"info","message":"HTTP Request","method":"POST","statusCode":200,"timestamp":"2026-09-04T12:25:19.902Z","url":"/api/auth/login"}
{"duration":"0ms","ip":"::ffff:127.0.0.1","level":"info","message":"HTTP Request","method":"GET","statusCode":401,"timestamp":"2026-09-04T12:25:19.906Z","url":"/api/auth/me"}
{"duration":"271ms","ip":"::ffff:127.0.0.1","level":"info","message":"HTTP Request","method":"POST","statusCode":201,"timestamp":"2026-09-04T12:25:20.185Z","url":"/api/auth/register"}
{"duration":"272ms","ip":"::ffff:127.0.0.1","level":"info","message":"HTTP Request","method":"POST","statusCode":200,"timestamp":"2026-09-04T12:25:20.461Z","url":"/api/auth/login"}
{"duration":"11ms","ip":"::ffff:127.0.0.1","level":"info","message":"HTTP Request","method":"GET","statusCode":200,"timestamp":"2026-09-04T12:25:20.481Z","url":"/api/auth/me"}
{"duration":"274ms","ip":"::ffff:127.0.0.1","level":"info","message":"HTTP Request","method":"POST","statusCode":201,"timestamp":"2026-09-04T12:25:20.762Z","url":"/api/auth/register"}
{"duration":"271ms","ip":"::ffff:127.0.0.1","level":"info","message":"HTTP Request","method":"POST","statusCode":200,"timestamp":"2026-09-04T12:25:21.039Z","url":"/api/auth/login"}
{"duration":"3ms","ip":"::ffff:127.0.0.1","level":"info","message":"HTTP Request","method":"GET","statusCode":401,"timestamp":"2026-09-04T12:25:21.048Z","url":"/api/auth/me"}
{"duration":"277ms","ip":"::ffff:127.0.0.1","level":"info","message":"HTTP Request","method":"POST","statusCode":201,"timestamp":"2026-09-04T12:25:21.332Z","url":"/api/auth/register"}
{"duration":"275ms","ip":"::ffff:127.0.0.1","level":"info","message":"HTTP Request","method":"POST","statusCode":200,"timestamp":"2026-09-04T12:25:21.610Z","url":"/api/auth/login"}
{"duration":"3ms","ip":"::ffff:127.0.0.1","level":"info","message":"HTTP Request","method":"GET","statusCode":401,"timestamp":"2026-09-04T12:25:21.616Z","url":"/api/auth/me"}
{"duration":"294ms","ip":"::ffff:127.0.0.1","level":"info","message":"HTTP Request","method":"POST","statusCode":201,"timestamp":"2026-09-04T12:25:22.496Z","url":"/api/auth/register"}
{"duration":"277ms","ip":"::ffff:127.0.0.1","level":"info","message":"HTTP Request","method":"POST","statusCode":200,"timestamp":"2026-09-04T12:25:22.777Z","url":"/api/auth/login"}
{"duration":"0ms","ip":"::ffff:127.0.0.1","level":"info","message":"HTTP Request","method":"GET","statusCode":401,"timestamp":"2026-09-04T12:25:22.781Z","url":"/api/account/status"}
{"duration":"279ms","ip":"::ffff:127.0.0.1","level":"info","message":"HTTP Request","method":"POST","statusCode":201,"timestamp":"2026-09-04T12:25:23.067Z","url":"/api/auth/register"}
{"duration":"269ms","ip":"::ffff:127.0.0.1","level":"info","message":"HTTP Request","method":"POST","statusCode":200,"timestamp":"2026-09-04T12:25:23.341Z","url":"/api/auth/login"}
{"duration":"6ms","ip":"::ffff:127.0.0.1","level":"info","message":"HTTP Request","method":"GET","statusCode":200,"timestamp":"2026-09-04T12:25:23.352Z","url":"/api/account/status"}
{"duration":"279ms","ip":"::ffff:127.0.0.1","level":"info","message":"HTTP Request","method":"POST","statusCode":201,"timestamp":"2026-09-04T12:25:23.647Z","url":"/api/auth/register"}
{"duration":"275ms","ip":"::ffff:127.0.0.1","level":"info","message":"HTTP Request","method":"POST","statusCode":200,"timestamp":"2026-09-04T12:25:23.925Z","url":"/api/auth/login"}
{"duration":"17ms","ip":"::ffff:127.0.0.1","level":"info","message":"HTTP Request","method":"DELETE","statusCode":200,"timestamp":"2026-09-04T12:25:23.946Z","url":"/api/account/delete"}
{"duration":"299ms","ip":"::ffff:127.0.0.1","level":"info","message":"HTTP Request","method":"POST","statusCode":201,"timestamp":"2026-09-04T12:25:24.252Z","url":"/api/auth/register"}
{"duration":"284ms","ip":"::ffff:127.0.0.1","level":"info","message":"HTTP Request","method":"POST","statusCode":200,"timestamp":"2026-09-04T12:25:24.578Z","url":"/api/auth/login"}
{"duration":"15ms","ip":"::ffff:127.0.0.1","level":"info","message":"HTTP Request","method":"DELETE","statusCode":200,"timestamp":"2026-09-04T12:25:24.597Z","url":"/api/account/delete"}
{"duration":"3ms","ip":"::ffff:127.0.0.1","level":"info","message":"HTTP Request","method":"DELETE","statusCode":403,"timestamp":"2026-09-04T12:25:24.603Z","url":"/api/account/delete"}
{"duration":"1ms","ip":"::ffff:127.0.0.1","level":"info","message":"HTTP Request","method":"GET","statusCode":200,"timestamp":"2026-09-04T12:25:25.150Z","url":"/"}
{"duration":"5ms","ip":"::ffff:127.0.0.1","level":"info","message":"HTTP Request","method":"GET","statusCode":200,"timestamp":"2026-09-04T12:25:25.163Z","url":"/db-check"}
{"duration":"412ms","ip":"::ffff:127.0.0.1","level":"info","message":"HTTP Request","method":"POST","statusCode":201,"timestamp":"2026-09-04T12:26:13.961Z","url":"/api/auth/register"}
{"duration":"375ms","ip":"::ffff:127.0.0.1","level":"info","message":"HTTP Request","method":"POST","statusCode":200,"timestamp":"2026-09-04T12:26:14.348Z","url":"/api/auth/login"}
{"duration":"1ms","ip":"::ffff:127.0.0.1","level":"info","message":"HTTP Request","method":"GET","statusCode":401,"timestamp":"2026-09-04T12:26:14.356Z","url":"/api/users/me"}
{"duration":"374ms","ip":"::ffff:127.0.0.1","level":"info","message":"HTTP Request","method":"POST","statusCode":201,"timestamp":"2026-09-04T12:26:14.753Z","url":"/api/auth/register"}
{"duration":"361ms","ip":"::ffff:127.0.0.1","level":"info","message":"HTTP Request","method":"POST","statusCode":200,"timestamp":"2026-09-04T12:26:15.120Z","url":"/api/auth/login"}
{"duration":"22ms","ip":"::ffff:127.0.0.1","level":"info","message":"HTTP Request","method":"GET","statusCode":200,"timestamp":"2026-09-04T12:26:15.150Z","url":"/api/users/me"}
{"duration":"361ms","ip":"::ffff:127.0.0.1","level":"info","message":"HTTP Request","method":"POST","statusCode":201,"timestamp":"2026-09-04T12:26:15.523Z","url":"/api/auth/register"}
{"duration":"360ms","ip":"::ffff:127.0.0.1","level":"info","message":"HTTP Request","method":"POST","statusCode":200,"timestamp":"2026-09-04T12:26:15.887Z","url":"/api/auth/login"}
{"duration":"8ms","ip":"::ffff:127.0.0.1","level":"info","message":"HTTP Request","method":"PATCH","statusCode":400,"timestamp":"2026-09-04T12:26:15.901Z","url":"/api/users/me"}
{"duration":"376ms","ip":"::ffff:127.0.0.1","level":"info","message":"HTTP Request","method":"POST","statusCode":201,"timestamp":"2026-09-04T12:26:16.299Z","url":"/api/auth/register"}
{"duration":"361ms","ip":"::ffff:127.0.0.1","level":"info","message":"HTTP Request","method":"POST","statusCode":200,"timestamp":"2026-09-04T12:26:16.665Z","url":"/api/auth/login"}
{"duration":"22ms","ip":"::ffff:127.0.0.1","level":"info","message":"HTTP Request","method":"PATCH","statusCode":200,"timestamp":"2026-09-04T12:26:16.693Z","url":"/api/users/me"}
{"duration":"362ms","ip":"::ffff:127.0.0.1","level":"info","message":"HTTP Request","method":"POST","statusCode":201,"timestamp":"2026-09-04T12:26:17.064Z","url":"/api/auth/register"}
{"duration":"363ms","ip":"::ffff:127.0.0.1","level":"info","message":"HTTP Request","method":"POST","statusCode":200,"timestamp":"2026-09-04T12:26:17.431Z","url":"/api/auth/login"}
{"duration":"1ms","ip":"::ffff:127.0.0.1","level":"info","message":"HTTP Request","method":"POST","statusCode":401,"timestamp":"2026-09-04T12:26:17.441Z","url":"/api/users/me/profile-picture"}
{"duration":"362ms","ip":"::ffff:127.0.0.1","level":"info","message":"HTTP Request","method":"POST","statusCode":201,"timestamp":"2026-09-04T12:26:17.822Z","url":"/api/auth/register"}
{"duration":"367ms","ip":"::ffff:127.0.0.1","level":"info","message":"HTTP Request","method":"POST","statusCode":200,"timestamp":"2026-09-04T12:26:18.193Z","url":"/api/auth/login"}
{"duration":"8ms","ip":"::ffff:127.0.0.1","level":"info","message":"HTTP Request","method":"POST","statusCode":400,"timestamp":"2026-09-04T12:26:18.205Z","url":"/api/users/me/profile-picture"}
{"duration":"376ms","ip":"::ffff:127.0.0.1","level":"info","message":"HTTP Request","method":"POST","statusCode":201,"timestamp":"2026-09-04T12:26:18.599Z","url":"/api/auth/register"}
{"duration":"355ms","ip":"::ffff:127.0.0.1","level":"info","message":"HTTP Request","method":"POST","statusCode":200,"timestamp":"2026-09-04T12:26:18.958Z","url":"/api/auth/login"}
{"duration":"13ms","ip":"::ffff:127.0.0.1","level":"info","message":"HTTP Request","method":"POST","statusCode":400,"timestamp":"2026-09-04T12:26:18.975Z","url":"/api/users/me/profile-picture"}
{"duration":"346ms","ip":"::ffff:127.0.0.1","level":"info","message":"HTTP Request","method":"POST","statusCode":201,"timestamp":"2026-09-04T12:26:19.339Z","url":"/api/auth/register"}
{"duration":"297ms","ip":"::ffff:127.0.0.1","level":"info","message":"HTTP Request","method":"POST","statusCode":200,"timestamp":"2026-09-04T12:26:19.641Z","url":"/api/auth/login"}
{"duration":"838ms","ip":"::ffff:127.0.0.1","level":"info","message":"HTTP Request","method":"PATCH","statusCode":200,"timestamp":"2026-09-04T12:26:20.483Z","url":"/api/users/me/password"}
{"duration":"280ms","ip":"::ffff:127.0.0.1","level":"info","message":"HTTP Request","method":"POST","statusCode":201,"timestamp":"2026-09-04T12:26:20.772Z","url":"/api/auth/register"}
{"duration":"273ms","ip":"::ffff:127.0.0.1","level":"info","message":"HTTP Request","method":"POST","statusCode":200,"timestamp":"2026-09-04T12:26:21.049Z","url":"/api/auth/login"}
{"duration":"280ms","ip":"::ffff:127.0.0.1","level":"info","message":"HTTP Request","method":"PATCH","statusCode":400,"timestamp":"2026-09-04T12:26:21.333Z","url":"/api/users/me/password"}
{"duration":"334ms","ip":"::ffff:127.0.0.1","level":"info","message":"HTTP Request","method":"POST","statusCode":201,"timestamp":"2026-09-04T12:26:21.684Z","url":"/api/auth/register"}
{"duration":"279ms","ip":"::ffff:127.0.0.1","level":"info","message":"HTTP Request","method":"POST","statusCode":200,"timestamp":"2026-09-04T12:26:21.969Z","url":"/api/auth/login"}
{"duration":"6ms","ip":"::ffff:127.0.0.1","level":"info","message":"HTTP Request","method":"PATCH","statusCode":400,"timestamp":"2026-09-04T12:26:21.980Z","url":"/api/users/me/password"}
{"duration":"440ms","ip":"::ffff:127.0.0.1","level":"info","message":"HTTP Request","method":"POST","statusCode":201,"timestamp":"2026-09-04T12:33:45.417Z","url":"/api/auth/register"}
{"duration":"361ms","ip":"::ffff:127.0.0.1","level":"info","message":"HTTP Request","method":"POST","statusCode":200,"timestamp":"2026-09-04T12:33:45.798Z","url":"/api/auth/login"}
{"duration":"37ms","ip":"::ffff:127.0.0.1","level":"info","message":"HTTP Request","method":"POST","statusCode":201,"timestamp":"2026-09-04T12:33:45.843Z","url":"/api/categories"}
{"duration":"1ms","ip":"::ffff:127.0.0.1","level":"info","message":"HTTP Request","method":"GET","statusCode":401,"timestamp":"2026-09-04T12:33:45.853Z","url":"/api/transactions"}
{"duration":"363ms","ip":"::ffff:127.0.0.1","level":"info","message":"HTTP Request","method":"POST","statusCode":201,"timestamp":"2026-09-04T12:33:46.232Z","url":"/api/auth/register"}
{"duration":"360ms","ip":"::ffff:127.0.0.1","level":"info","message":"HTTP Request","method":"POST","statusCode":200,"timestamp":"2026-09-04T12:33:46.601Z","url":"/api/auth/login"}
{"duration":"16ms","ip":"::ffff:127.0.0.1","level":"info","message":"HTTP Request","method":"POST","statusCode":201,"timestamp":"2026-09-04T12:33:46.623Z","url":"/api/categories"}
{"duration":"16ms","ip":"::ffff:127.0.0.1","level":"info","message":"HTTP Request","method":"POST","statusCode":201,"timestamp":"2026-09-04T12:33:46.644Z","url":"/api/transactions"}
{"duration":"357ms","ip":"::ffff:127.0.0.1","level":"info","message":"HTTP Request","method":"POST","statusCode":201,"timestamp":"2026-09-04T12:33:47.013Z","url":"/api/auth/register"}
{"duration":"356ms","ip":"::ffff:127.0.0.1","level":"info","message":"HTTP Request","method":"POST","statusCode":200,"timestamp":"2026-09-04T12:33:47.376Z","url":"/api/auth/login"}
{"duration":"19ms","ip":"::ffff:127.0.0.1","level":"info","message":"HTTP Request","method":"POST","statusCode":201,"timestamp":"2026-09-04T12:33:47.401Z","url":"/api/categories"}
{"duration":"6ms","ip":"::ffff:127.0.0.1","level":"info","message":"HTTP Request","method":"POST","statusCode":400,"timestamp":"2026-09-04T12:33:47.414Z","url":"/api/transactions"}
{"duration":"364ms","ip":"::ffff:127.0.0.1","level":"info","message":"HTTP Request","method":"POST","statusCode":201,"timestamp":"2026-09-04T12:33:47.788Z","url":"/api/auth/register"}
{"duration":"358ms","ip":"::ffff:127.0.0.1","level":"info","message":"HTTP Request","method":"POST","statusCode":200,"timestamp":"2026-09-04T12:33:48.151Z","url":"/api/auth/login"}
{"duration":"6ms","ip":"::ffff:127.0.0.1","level":"info","message":"HTTP Request","method":"POST","statusCode":201,"timestamp":"2026-09-04T12:33:48.162Z","url":"/api/categories"}
{"duration":"4ms","ip":"::ffff:127.0.0.1","level":"info","message":"HTTP Request","method":"POST","statusCode":400,"timestamp":"2026-09-04T12:33:48.172Z","url":"/api/transactions"}
{"duration":"364ms","ip":"::ffff:127.0.0.1","level":"info","message":"HTTP Request","method":"POST","statusCode":201,"timestamp":"2026-09-04T12:33:48.546Z","url":"/api/auth/register"}
{"duration":"367ms","ip":"::ffff:127.0.0.1","level":"info","message":"HTTP Request","method":"POST","statusCode":200,"timestamp":"2026-09-04T12:33:48.919Z","url":"/api/auth/login"}
{"duration":"5ms","ip":"::ffff:127.0.0.1","level":"info","message":"HTTP Request","method":"POST","statusCode":201,"timestamp":"2026-09-04T12:33:48.928Z","url":"/api/categories"}
{"duration":"4ms","ip":"::ffff:127.0.0.1","level":"info","message":"HTTP Request","method":"POST","statusCode":400,"timestamp":"2026-09-04T12:33:48.938Z","url":"/api/transactions"}
{"duration":"375ms","ip":"::ffff:127.0.0.1","level":"info","message":"HTTP Request","method":"POST","statusCode":201,"timestamp":"2026-09-04T12:33:49.321Z","url":"/api/auth/register"}
{"duration":"359ms","ip":"::ffff:127.0.0.1","level":"info","message":"HTTP Request","method":"POST","statusCode":200,"timestamp":"2026-09-04T12:33:49.684Z","url":"/api/auth/login"}
{"duration":"5ms","ip":"::ffff:127.0.0.1","level":"info","message":"HTTP Request","method":"POST","statusCode":201,"timestamp":"2026-09-04T12:33:49.694Z","url":"/api/categories"}
{"duration":"8ms","ip":"::ffff:127.0.0.1","level":"info","message":"HTTP Request","method":"POST","statusCode":201,"timestamp":"2026-09-04T12:33:49.708Z","url":"/api/transactions"}
{"duration":"40ms","ip":"::ffff:127.0.0.1","level":"info","message":"HTTP Request","method":"GET","statusCode":200,"timestamp":"2026-09-04T12:33:49.752Z","url":"/api/transactions?page=1&limit=10"}
{"duration":"371ms","ip":"::ffff:127.0.0.1","level":"info","message":"HTTP Request","method":"POST","statusCode":201,"timestamp":"2026-09-04T12:33:50.132Z","url":"/api/auth/register"}
{"duration":"356ms","ip":"::ffff:127.0.0.1","level":"info","message":"HTTP Request","method":"POST","statusCode":200,"timestamp":"2026-09-04T12:33:50.493Z","url":"/api/auth/login"}
{"duration":"17ms","ip":"::ffff:127.0.0.1","level":"info","message":"HTTP Request","method":"POST","statusCode":201,"timestamp":"2026-09-04T12:33:50.516Z","url":"/api/categories"}
{"duration":"6ms","ip":"::ffff:127.0.0.1","level":"info","message":"HTTP Request","method":"POST","statusCode":201,"timestamp":"2026-09-04T12:33:50.528Z","url":"/api/transactions"}
{"duration":"14ms","ip":"::ffff:127.0.0.1","level":"info","message":"HTTP Request","method":"GET","statusCode":200,"timestamp":"2026-09-04T12:33:50.547Z","url":"/api/transactions/a73fe78a-f4a9-440e-b53d-d9a37239b9e5"}
{"duration":"316ms","ip":"::ffff:127.0.0.1","level":"info","message":"HTTP Request","method":"POST","statusCode":201,"timestamp":"2026-09-04T12:33:50.874Z","url":"/api/auth/register"}
{"duration":"276ms","ip":"::ffff:127.0.0.1","level":"info","message":"HTTP Request","method":"POST","statusCode":200,"timestamp":"2026-09-04T12:33:51.153Z","url":"/api/auth/login"}
{"duration":"14ms","ip":"::ffff:127.0.0.1","level":"info","message":"HTTP Request","method":"POST","statusCode":201,"timestamp":"2026-09-04T12:33:51.170Z","url":"/api/categories"}
{"duration":"3ms","ip":"::ffff:127.0.0.1","level":"info","message":"HTTP Request","method":"GET","statusCode":404,"timestamp":"2026-09-04T12:33:51.177Z","url":"/api/transactions/11111111-1111-4111-8111-111111111111"}
{"duration":"289ms","ip":"::ffff:127.0.0.1","level":"info","message":"HTTP Request","method":"POST","statusCode":201,"timestamp":"2026-09-04T12:33:51.475Z","url":"/api/auth/register"}
{"duration":"268ms","ip":"::ffff:127.0.0.1","level":"info","message":"HTTP Request","method":"POST","statusCode":200,"timestamp":"2026-09-04T12:33:51.746Z","url":"/api/auth/login"}
{"duration":"14ms","ip":"::ffff:127.0.0.1","level":"info","message":"HTTP Request","method":"POST","statusCode":201,"timestamp":"2026-09-04T12:33:51.766Z","url":"/api/categories"}
{"duration":"4ms","ip":"::ffff:127.0.0.1","level":"info","message":"HTTP Request","method":"GET","statusCode":400,"timestamp":"2026-09-04T12:33:51.774Z","url":"/api/transactions/not-a-uuid"}
{"duration":"285ms","ip":"::ffff:127.0.0.1","level":"info","message":"HTTP Request","method":"POST","statusCode":201,"timestamp":"2026-09-04T12:33:52.065Z","url":"/api/auth/register"}
{"duration":"272ms","ip":"::ffff:127.0.0.1","level":"info","message":"HTTP Request","method":"POST","statusCode":200,"timestamp":"2026-09-04T12:33:52.342Z","url":"/api/auth/login"}
{"duration":"7ms","ip":"::ffff:127.0.0.1","level":"info","message":"HTTP Request","method":"POST","statusCode":201,"timestamp":"2026-09-04T12:33:52.353Z","url":"/api/categories"}
{"duration":"5ms","ip":"::ffff:127.0.0.1","level":"info","message":"HTTP Request","method":"POST","statusCode":201,"timestamp":"2026-09-04T12:33:52.362Z","url":"/api/transactions"}
{"duration":"9ms","ip":"::ffff:127.0.0.1","level":"info","message":"HTTP Request","method":"PATCH","statusCode":200,"timestamp":"2026-09-04T12:33:52.376Z","url":"/api/transactions/3d06998f-641e-4d85-ac21-71fc6e5ed817"}
{"duration":"283ms","ip":"::ffff:127.0.0.1","level":"info","message":"HTTP Request","method":"POST","statusCode":201,"timestamp":"2026-09-04T12:33:52.668Z","url":"/api/auth/register"}
{"duration":"277ms","ip":"::ffff:127.0.0.1","level":"info","message":"HTTP Request","method":"POST","statusCode":200,"timestamp":"2026-09-04T12:33:52.948Z","url":"/api/auth/login"}
{"duration":"15ms","ip":"::ffff:127.0.0.1","level":"info","message":"HTTP Request","method":"POST","statusCode":201,"timestamp":"2026-09-04T12:33:52.967Z","url":"/api/categories"}
{"duration":"4ms","ip":"::ffff:127.0.0.1","level":"info","message":"HTTP Request","method":"POST","statusCode":201,"timestamp":"2026-09-04T12:33:52.975Z","url":"/api/transactions"}
{"duration":"9ms","ip":"::ffff:127.0.0.1","level":"info","message":"HTTP Request","method":"DELETE","statusCode":200,"timestamp":"2026-09-04T12:33:52.987Z","url":"/api/transactions/3193264d-1d85-4500-ab1c-81a93ea1b828"}
{"duration":"277ms","ip":"::ffff:127.0.0.1","level":"info","message":"HTTP Request","method":"POST","statusCode":201,"timestamp":"2026-09-04T12:33:53.269Z","url":"/api/auth/register"}
{"duration":"274ms","ip":"::ffff:127.0.0.1","level":"info","message":"HTTP Request","method":"POST","statusCode":200,"timestamp":"2026-09-04T12:33:53.546Z","url":"/api/auth/login"}
{"duration":"21ms","ip":"::ffff:127.0.0.1","level":"info","message":"HTTP Request","method":"POST","statusCode":201,"timestamp":"2026-09-04T12:33:53.572Z","url":"/api/categories"}
{"duration":"277ms","ip":"::ffff:127.0.0.1","level":"info","message":"HTTP Request","method":"POST","statusCode":201,"timestamp":"2026-09-04T12:33:53.853Z","url":"/api/auth/register"}
{"duration":"271ms","ip":"::ffff:127.0.0.1","level":"info","message":"HTTP Request","method":"POST","statusCode":200,"timestamp":"2026-09-04T12:33:54.127Z","url":"/api/auth/login"}
{"duration":"10ms","ip":"::ffff:127.0.0.1","level":"info","message":"HTTP Request","method":"POST","statusCode":201,"timestamp":"2026-09-04T12:33:54.142Z","url":"/api/categories"}
{"duration":"4ms","ip":"::ffff:127.0.0.1","level":"info","message":"HTTP Request","method":"POST","statusCode":403,"timestamp":"2026-09-04T12:33:54.150Z","url":"/api/transactions"}
{"duration":"282ms","ip":"::ffff:127.0.0.1","level":"info","message":"HTTP Request","method":"POST","statusCode":201,"timestamp":"2026-09-04T12:33:54.439Z","url":"/api/auth/register"}
{"duration":"272ms","ip":"::ffff:127.0.0.1","level":"info","message":"HTTP Request","method":"POST","statusCode":200,"timestamp":"2026-09-04T12:33:54.715Z","url":"/api/auth/login"}
{"duration":"5ms","ip":"::ffff:127.0.0.1","level":"info","message":"HTTP Request","method":"POST","statusCode":201,"timestamp":"2026-09-04T12:33:54.724Z","url":"/api/categories"}
{"duration":"6ms","ip":"::ffff:127.0.0.1","level":"info","message":"HTTP Request","method":"POST","statusCode":201,"timestamp":"2026-09-04T12:33:54.733Z","url":"/api/transactions"}
{"duration":"297ms","ip":"::ffff:127.0.0.1","level":"info","message":"HTTP Request","method":"POST","statusCode":201,"timestamp":"2026-09-04T12:33:55.034Z","url":"/api/auth/register"}
{"duration":"270ms","ip":"::ffff:127.0.0.1","level":"info","message":"HTTP Request","method":"POST","statusCode":200,"timestamp":"2026-09-04T12:33:55.314Z","url":"/api/auth/login"}
{"duration":"5ms","ip":"::ffff:127.0.0.1","level":"info","message":"HTTP Request","method":"POST","statusCode":201,"timestamp":"2026-09-04T12:33:55.324Z","url":"/api/categories"}
{"duration":"18ms","ip":"::ffff:127.0.0.1","level":"info","message":"HTTP Request","method":"PATCH","statusCode":403,"timestamp":"2026-09-04T12:33:55.346Z","url":"/api/transactions/23446e1e-04e7-4692-b975-eabed7406d94"}
{"duration":"290ms","ip":"::ffff:127.0.0.1","level":"info","message":"HTTP Request","method":"POST","statusCode":201,"timestamp":"2026-09-04T12:33:55.648Z","url":"/api/auth/register"}
{"duration":"274ms","ip":"::ffff:127.0.0.1","level":"info","message":"HTTP Request","method":"POST","statusCode":200,"timestamp":"2026-09-04T12:33:55.927Z","url":"/api/auth/login"}
{"duration":"5ms","ip":"::ffff:127.0.0.1","level":"info","message":"HTTP Request","method":"POST","statusCode":201,"timestamp":"2026-09-04T12:33:55.936Z","url":"/api/categories"}
{"duration":"4ms","ip":"::ffff:127.0.0.1","level":"info","message":"HTTP Request","method":"POST","statusCode":201,"timestamp":"2026-09-04T12:33:55.944Z","url":"/api/transactions"}
{"duration":"284ms","ip":"::ffff:127.0.0.1","level":"info","message":"HTTP Request","method":"POST","statusCode":201,"timestamp":"2026-09-04T12:33:56.232Z","url":"/api/auth/register"}
{"duration":"274ms","ip":"::ffff:127.0.0.1","level":"info","message":"HTTP Request","method":"POST","statusCode":200,"timestamp":"2026-09-04T12:33:56.510Z","url":"/api/auth/login"}
{"duration":"4ms","ip":"::ffff:127.0.0.1","level":"info","message":"HTTP Request","method":"GET","statusCode":404,"timestamp":"2026-09-04T12:33:56.519Z","url":"/api/transactions/ca8c2d4f-a607-4585-a559-da8c8883c74e"}
{"duration":"311ms","ip":"::ffff:127.0.0.1","level":"info","message":"HTTP Request","method":"POST","statusCode":201,"timestamp":"2026-09-04T12:33:57.589Z","url":"/api/auth/register"}
{"duration":"236ms","ip":"::1","level":"info","message":"HTTP Request","method":"POST","statusCode":401,"timestamp":"2026-09-04T12:33:57.632Z","url":"/api/users/me/profile-picture"}
{"duration":"287ms","ip":"::ffff:127.0.0.1","level":"info","message":"HTTP Request","method":"POST","statusCode":200,"timestamp":"2026-09-04T12:33:57.882Z","url":"/api/auth/login"}
{"duration":"0ms","ip":"::ffff:127.0.0.1","level":"info","message":"HTTP Request","method":"GET","statusCode":401,"timestamp":"2026-09-04T12:33:57.890Z","url":"/api/users/me"}
{"duration":"277ms","ip":"::ffff:127.0.0.1","level":"info","message":"HTTP Request","method":"POST","statusCode":201,"timestamp":"2026-09-04T12:33:58.179Z","url":"/api/auth/register"}
{"duration":"275ms","ip":"::ffff:127.0.0.1","level":"info","message":"HTTP Request","method":"POST","statusCode":200,"timestamp":"2026-09-04T12:33:58.460Z","url":"/api/auth/login"}
{"duration":"8ms","ip":"::ffff:127.0.0.1","level":"info","message":"HTTP Request","method":"GET","statusCode":200,"timestamp":"2026-09-04T12:33:58.475Z","url":"/api/users/me"}
{"duration":"279ms","ip":"::ffff:127.0.0.1","level":"info","message":"HTTP Request","method":"POST","statusCode":201,"timestamp":"2026-09-04T12:33:58.770Z","url":"/api/auth/register"}
{"duration":"276ms","ip":"::ffff:127.0.0.1","level":"info","message":"HTTP Request","method":"POST","statusCode":200,"timestamp":"2026-09-04T12:33:59.050Z","url":"/api/auth/login"}
{"duration":"3ms","ip":"::ffff:127.0.0.1","level":"info","message":"HTTP Request","method":"PATCH","statusCode":400,"timestamp":"2026-09-04T12:33:59.057Z","url":"/api/users/me"}
{"duration":"273ms","ip":"::ffff:127.0.0.1","level":"info","message":"HTTP Request","method":"POST","statusCode":201,"timestamp":"2026-09-04T12:33:59.336Z","url":"/api/auth/register"}
{"duration":"273ms","ip":"::ffff:127.0.0.1","level":"info","message":"HTTP Request","method":"POST","statusCode":200,"timestamp":"2026-09-04T12:33:59.612Z","url":"/api/auth/login"}
{"duration":"15ms","ip":"::ffff:127.0.0.1","level":"info","message":"HTTP Request","method":"PATCH","statusCode":200,"timestamp":"2026-09-04T12:33:59.633Z","url":"/api/users/me"}
{"duration":"280ms","ip":"::ffff:127.0.0.1","level":"info","message":"HTTP Request","method":"POST","statusCode":201,"timestamp":"2026-09-04T12:33:59.920Z","url":"/api/auth/register"}
{"duration":"271ms","ip":"::ffff:127.0.0.1","level":"info","message":"HTTP Request","method":"POST","statusCode":200,"timestamp":"2026-09-04T12:34:00.195Z","url":"/api/auth/login"}
{"duration":"1ms","ip":"::ffff:127.0.0.1","level":"info","message":"HTTP Request","method":"POST","statusCode":401,"timestamp":"2026-09-04T12:34:00.207Z","url":"/api/users/me/profile-picture"}
{"duration":"271ms","ip":"::ffff:127.0.0.1","level":"info","message":"HTTP Request","method":"POST","statusCode":201,"timestamp":"2026-09-04T12:34:00.505Z","url":"/api/auth/register"}
{"duration":"274ms","ip":"::ffff:127.0.0.1","level":"info","message":"HTTP Request","method":"POST","statusCode":200,"timestamp":"2026-09-04T12:34:00.784Z","url":"/api/auth/login"}
{"duration":"4ms","ip":"::ffff:127.0.0.1","level":"info","message":"HTTP Request","method":"POST","statusCode":400,"timestamp":"2026-09-04T12:34:00.791Z","url":"/api/users/me/profile-picture"}
{"duration":"281ms","ip":"::ffff:127.0.0.1","level":"info","message":"HTTP Request","method":"POST","statusCode":201,"timestamp":"2026-09-04T12:34:01.080Z","url":"/api/auth/register"}
{"duration":"272ms","ip":"::ffff:127.0.0.1","level":"info","message":"HTTP Request","method":"POST","statusCode":200,"timestamp":"2026-09-04T12:34:01.358Z","url":"/api/auth/login"}
{"duration":"12ms","ip":"::ffff:127.0.0.1","level":"info","message":"HTTP Request","method":"POST","statusCode":400,"timestamp":"2026-09-04T12:34:01.376Z","url":"/api/users/me/profile-picture"}
{"duration":"287ms","ip":"::ffff:127.0.0.1","level":"info","message":"HTTP Request","method":"POST","statusCode":201,"timestamp":"2026-09-04T12:34:01.684Z","url":"/api/auth/register"}
{"duration":"269ms","ip":"::ffff:127.0.0.1","level":"info","message":"HTTP Request","method":"POST","statusCode":200,"timestamp":"2026-09-04T12:34:01.957Z","url":"/api/auth/login"}
{"duration":"816ms","ip":"::ffff:127.0.0.1","level":"info","message":"HTTP Request","method":"PATCH","statusCode":200,"timestamp":"2026-09-04T12:34:02.777Z","url":"/api/users/me/password"}
{"duration":"278ms","ip":"::ffff:127.0.0.1","level":"info","message":"HTTP Request","method":"POST","statusCode":201,"timestamp":"2026-09-04T12:34:03.063Z","url":"/api/auth/register"}
{"duration":"272ms","ip":"::ffff:127.0.0.1","level":"info","message":"HTTP Request","method":"POST","statusCode":200,"timestamp":"2026-09-04T12:34:03.340Z","url":"/api/auth/login"}
{"duration":"275ms","ip":"::ffff:127.0.0.1","level":"info","message":"HTTP Request","method":"PATCH","statusCode":400,"timestamp":"2026-09-04T12:34:03.619Z","url":"/api/users/me/password"}
{"duration":"281ms","ip":"::ffff:127.0.0.1","level":"info","message":"HTTP Request","method":"POST","statusCode":201,"timestamp":"2026-09-04T12:34:03.907Z","url":"/api/auth/register"}
{"duration":"272ms","ip":"::ffff:127.0.0.1","level":"info","message":"HTTP Request","method":"POST","statusCode":200,"timestamp":"2026-09-04T12:34:04.183Z","url":"/api/auth/login"}
{"duration":"2ms","ip":"::ffff:127.0.0.1","level":"info","message":"HTTP Request","method":"PATCH","statusCode":400,"timestamp":"2026-09-04T12:34:04.190Z","url":"/api/users/me/password"}
{"duration":"288ms","ip":"::ffff:127.0.0.1","level":"info","message":"HTTP Request","method":"POST","statusCode":201,"timestamp":"2026-09-04T12:34:05.033Z","url":"/api/auth/register"}
{"duration":"273ms","ip":"::ffff:127.0.0.1","level":"info","message":"HTTP Request","method":"POST","statusCode":200,"timestamp":"2026-09-04T12:34:05.311Z","url":"/api/auth/login"}
{"duration":"0ms","ip":"::ffff:127.0.0.1","level":"info","message":"HTTP Request","method":"GET","statusCode":401,"timestamp":"2026-09-04T12:34:05.316Z","url":"/api/categories"}
{"duration":"288ms","ip":"::ffff:127.0.0.1","level":"info","message":"HTTP Request","method":"POST","statusCode":201,"timestamp":"2026-09-04T12:34:05.623Z","url":"/api/auth/register"}
{"duration":"275ms","ip":"::ffff:127.0.0.1","level":"info","message":"HTTP Request","method":"POST","statusCode":200,"timestamp":"2026-09-04T12:34:05.901Z","url":"/api/auth/login"}
{"duration":"16ms","ip":"::ffff:127.0.0.1","level":"info","message":"HTTP Request","method":"POST","statusCode":201,"timestamp":"2026-09-04T12:34:05.921Z","url":"/api/categories"}
{"duration":"288ms","ip":"::ffff:127.0.0.1","level":"info","message":"HTTP Request","method":"POST","statusCode":201,"timestamp":"2026-09-04T12:34:06.216Z","url":"/api/auth/register"}
{"duration":"271ms","ip":"::ffff:127.0.0.1","level":"info","message":"HTTP Request","method":"POST","statusCode":200,"timestamp":"2026-09-04T12:34:06.491Z","url":"/api/auth/login"}
{"duration":"3ms","ip":"::ffff:127.0.0.1","level":"info","message":"HTTP Request","method":"POST","statusCode":400,"timestamp":"2026-09-04T12:34:06.498Z","url":"/api/categories"}
{"duration":"285ms","ip":"::ffff:127.0.0.1","level":"info","message":"HTTP Request","method":"POST","statusCode":201,"timestamp":"2026-09-04T12:34:06.790Z","url":"/api/auth/register"}
{"duration":"271ms","ip":"::ffff:127.0.0.1","level":"info","message":"HTTP Request","method":"POST","statusCode":200,"timestamp":"2026-09-04T12:34:07.066Z","url":"/api/auth/login"}
{"duration":"14ms","ip":"::ffff:127.0.0.1","level":"info","message":"HTTP Request","method":"POST","statusCode":201,"timestamp":"2026-09-04T12:34:07.083Z","url":"/api/categories"}
{"duration":"3ms","ip":"::ffff:127.0.0.1","level":"info","message":"HTTP Request","method":"POST","statusCode":409,"timestamp":"2026-09-04T12:34:07.090Z","url":"/api/categories"}
{"duration":"294ms","ip":"::ffff:127.0.0.1","level":"info","message":"HTTP Request","method":"POST","statusCode":201,"timestamp":"2026-09-04T12:34:07.391Z","url":"/api/auth/register"}
{"duration":"271ms","ip":"::ffff:127.0.0.1","level":"info","message":"HTTP Request","method":"POST","statusCode":200,"timestamp":"2026-09-04T12:34:07.670Z","url":"/api/auth/login"}
{"duration":"14ms","ip":"::ffff:127.0.0.1","level":"info","message":"HTTP Request","method":"POST","statusCode":201,"timestamp":"2026-09-04T12:34:07.689Z","url":"/api/categories"}
{"duration":"12ms","ip":"::ffff:127.0.0.1","level":"info","message":"HTTP Request","method":"GET","statusCode":200,"timestamp":"2026-09-04T12:34:07.704Z","url":"/api/categories"}
{"duration":"289ms","ip":"::ffff:127.0.0.1","level":"info","message":"HTTP Request","method":"POST","statusCode":201,"timestamp":"2026-09-04T12:34:08.003Z","url":"/api/auth/register"}
{"duration":"273ms","ip":"::ffff:127.0.0.1","level":"info","message":"HTTP Request","method":"POST","statusCode":200,"timestamp":"2026-09-04T12:34:08.280Z","url":"/api/auth/login"}
{"duration":"6ms","ip":"::ffff:127.0.0.1","level":"info","message":"HTTP Request","method":"POST","statusCode":201,"timestamp":"2026-09-04T12:34:08.291Z","url":"/api/categories"}
{"duration":"10ms","ip":"::ffff:127.0.0.1","level":"info","message":"HTTP Request","method":"PATCH","statusCode":200,"timestamp":"2026-09-04T12:34:08.305Z","url":"/api/categories/dc8e20a9-d272-47df-bd46-e197e545f870"}
{"duration":"283ms","ip":"::ffff:127.0.0.1","level":"info","message":"HTTP Request","method":"POST","statusCode":201,"timestamp":"2026-09-04T12:34:08.595Z","url":"/api/auth/register"}
{"duration":"269ms","ip":"::ffff:127.0.0.1","level":"info","message":"HTTP Request","method":"POST","statusCode":200,"timestamp":"2026-09-04T12:34:08.869Z","url":"/api/auth/login"}
{"duration":"3ms","ip":"::ffff:127.0.0.1","level":"info","message":"HTTP Request","method":"PATCH","statusCode":400,"timestamp":"2026-09-04T12:34:08.878Z","url":"/api/categories/not-a-uuid"}
{"duration":"284ms","ip":"::ffff:127.0.0.1","level":"info","message":"HTTP Request","method":"POST","statusCode":201,"timestamp":"2026-09-04T12:34:09.169Z","url":"/api/auth/register"}
{"duration":"276ms","ip":"::ffff:127.0.0.1","level":"info","message":"HTTP Request","method":"POST","statusCode":200,"timestamp":"2026-09-04T12:34:09.449Z","url":"/api/auth/login"}
{"duration":"5ms","ip":"::ffff:127.0.0.1","level":"info","message":"HTTP Request","method":"PATCH","statusCode":404,"timestamp":"2026-09-04T12:34:09.458Z","url":"/api/categories/11111111-1111-4111-8111-111111111111"}
{"duration":"277ms","ip":"::ffff:127.0.0.1","level":"info","message":"HTTP Request","method":"POST","statusCode":201,"timestamp":"2026-09-04T12:34:09.750Z","url":"/api/auth/register"}
{"duration":"279ms","ip":"::ffff:127.0.0.1","level":"info","message":"HTTP Request","method":"POST","statusCode":200,"timestamp":"2026-09-04T12:34:10.032Z","url":"/api/auth/login"}
{"duration":"19ms","ip":"::ffff:127.0.0.1","level":"info","message":"HTTP Request","method":"POST","statusCode":201,"timestamp":"2026-09-04T12:34:10.055Z","url":"/api/categories"}
{"duration":"39ms","ip":"::ffff:127.0.0.1","level":"info","message":"HTTP Request","method":"DELETE","statusCode":200,"timestamp":"2026-09-04T12:34:10.100Z","url":"/api/categories/0712f3f2-8d92-4a6b-9f51-2e8b34cc2400"}
{"duration":"280ms","ip":"::ffff:127.0.0.1","level":"info","message":"HTTP Request","method":"POST","statusCode":201,"timestamp":"2026-09-04T12:34:10.975Z","url":"/api/auth/register"}
{"duration":"274ms","ip":"::ffff:127.0.0.1","level":"info","message":"HTTP Request","method":"POST","statusCode":200,"timestamp":"2026-09-04T12:34:11.254Z","url":"/api/auth/login"}
{"duration":"1ms","ip":"::ffff:127.0.0.1","level":"info","message":"HTTP Request","method":"GET","statusCode":401,"timestamp":"2026-09-04T12:34:11.259Z","url":"/api/users/me/settings"}
{"duration":"284ms","ip":"::ffff:127.0.0.1","level":"info","message":"HTTP Request","method":"POST","statusCode":201,"timestamp":"2026-09-04T12:34:11.560Z","url":"/api/auth/register"}
{"duration":"273ms","ip":"::ffff:127.0.0.1","level":"info","message":"HTTP Request","method":"POST","statusCode":200,"timestamp":"2026-09-04T12:34:11.838Z","url":"/api/auth/login"}
{"duration":"36ms","ip":"::ffff:127.0.0.1","level":"info","message":"HTTP Request","method":"GET","statusCode":200,"timestamp":"2026-09-04T12:34:11.878Z","url":"/api/users/me/settings"}
{"duration":"282ms","ip":"::ffff:127.0.0.1","level":"info","message":"HTTP Request","method":"POST","statusCode":201,"timestamp":"2026-09-04T12:34:12.167Z","url":"/api/auth/register"}
{"duration":"270ms","ip":"::ffff:127.0.0.1","level":"info","message":"HTTP Request","method":"POST","statusCode":200,"timestamp":"2026-09-04T12:34:12.441Z","url":"/api/auth/login"}
{"duration":"17ms","ip":"::ffff:127.0.0.1","level":"info","message":"HTTP Request","method":"GET","statusCode":200,"timestamp":"2026-09-04T12:34:12.462Z","url":"/api/users/me/settings"}
{"duration":"5ms","ip":"::ffff:127.0.0.1","level":"info","message":"HTTP Request","method":"PATCH","statusCode":200,"timestamp":"2026-09-04T12:34:12.474Z","url":"/api/users/me/settings"}
{"duration":"291ms","ip":"::ffff:127.0.0.1","level":"info","message":"HTTP Request","method":"POST","statusCode":201,"timestamp":"2026-09-04T12:34:12.772Z","url":"/api/auth/register"}
{"duration":"269ms","ip":"::ffff:127.0.0.1","level":"info","message":"HTTP Request","method":"POST","statusCode":200,"timestamp":"2026-09-04T12:34:13.045Z","url":"/api/auth/login"}
{"duration":"3ms","ip":"::ffff:127.0.0.1","level":"info","message":"HTTP Request","method":"PATCH","statusCode":400,"timestamp":"2026-09-04T12:34:13.054Z","url":"/api/users/me/settings"}
{"duration":"277ms","ip":"::ffff:127.0.0.1","level":"info","message":"HTTP Request","method":"POST","statusCode":201,"timestamp":"2026-09-04T12:34:13.347Z","url":"/api/auth/register"}
{"duration":"272ms","ip":"::ffff:127.0.0.1","level":"info","message":"HTTP Request","method":"POST","statusCode":200,"timestamp":"2026-09-04T12:34:13.623Z","url":"/api/auth/login"}
{"duration":"5ms","ip":"::ffff:127.0.0.1","level":"info","message":"HTTP Request","method":"PATCH","statusCode":400,"timestamp":"2026-09-04T12:34:13.632Z","url":"/api/users/me/settings"}
{"duration":"3ms","ip":"::ffff:127.0.0.1","level":"info","message":"HTTP Request","method":"PATCH","statusCode":400,"timestamp":"2026-09-04T12:34:13.639Z","url":"/api/users/me/settings"}
{"duration":"355ms","ip":"::ffff:127.0.0.1","level":"info","message":"HTTP Request","method":"POST","statusCode":201,"timestamp":"2026-09-04T12:34:14.010Z","url":"/api/auth/register"}
{"duration":"272ms","ip":"::ffff:127.0.0.1","level":"info","message":"HTTP Request","method":"POST","statusCode":200,"timestamp":"2026-09-04T12:34:14.287Z","url":"/api/auth/login"}
{"duration":"30ms","ip":"::ffff:127.0.0.1","level":"info","message":"HTTP Request","method":"POST","statusCode":201,"timestamp":"2026-09-04T12:34:14.321Z","url":"/api/users/me/settings"}
{"duration":"137ms","ip":"::ffff:127.0.0.1","level":"info","message":"HTTP Request","method":"POST","statusCode":409,"timestamp":"2026-09-04T12:34:14.462Z","url":"/api/users/me/settings"}
{"duration":"271ms","ip":"::ffff:127.0.0.1","level":"info","message":"HTTP Request","method":"POST","statusCode":201,"timestamp":"2026-09-04T12:34:14.790Z","url":"/api/auth/register"}
{"duration":"269ms","ip":"::ffff:127.0.0.1","level":"info","message":"HTTP Request","method":"POST","statusCode":200,"timestamp":"2026-09-04T12:34:15.063Z","url":"/api/auth/login"}
{"duration":"6ms","ip":"::ffff:127.0.0.1","level":"info","message":"HTTP Request","method":"PATCH","statusCode":404,"timestamp":"2026-09-04T12:34:15.074Z","url":"/api/users/me/settings"}
{"duration":"290ms","ip":"::ffff:127.0.0.1","level":"info","message":"HTTP Request","method":"POST","statusCode":201,"timestamp":"2026-09-04T12:34:16.020Z","url":"/api/auth/register"}
{"duration":"284ms","ip":"::ffff:127.0.0.1","level":"info","message":"HTTP Request","method":"POST","statusCode":201,"timestamp":"2026-09-04T12:34:16.315Z","url":"/api/auth/register"}
{"duration":"1ms","ip":"::ffff:127.0.0.1","level":"info","message":"HTTP Request","method":"POST","statusCode":409,"timestamp":"2026-09-04T12:34:16.321Z","url":"/api/auth/register"}
{"duration":"0ms","ip":"::ffff:127.0.0.1","level":"info","message":"HTTP Request","method":"POST","statusCode":400,"timestamp":"2026-09-04T12:34:16.328Z","url":"/api/auth/register"}
{"duration":"0ms","ip":"::ffff:127.0.0.1","level":"info","message":"HTTP Request","method":"POST","statusCode":400,"timestamp":"2026-09-04T12:34:16.337Z","url":"/api/auth/register"}
{"duration":"0ms","ip":"::ffff:127.0.0.1","level":"info","message":"HTTP Request","method":"POST","statusCode":400,"timestamp":"2026-09-04T12:34:16.343Z","url":"/api/auth/register"}
{"duration":"287ms","ip":"::ffff:127.0.0.1","level":"info","message":"HTTP Request","method":"POST","statusCode":201,"timestamp":"2026-09-04T12:34:16.653Z","url":"/api/auth/register"}
{"duration":"271ms","ip":"::ffff:127.0.0.1","level":"info","message":"HTTP Request","method":"POST","statusCode":200,"timestamp":"2026-09-04T12:34:16.928Z","url":"/api/auth/login"}
{"duration":"287ms","ip":"::ffff:127.0.0.1","level":"info","message":"HTTP Request","method":"POST","statusCode":201,"timestamp":"2026-09-04T12:34:17.233Z","url":"/api/auth/register"}
{"duration":"275ms","ip":"::ffff:127.0.0.1","level":"info","message":"HTTP Request","method":"POST","statusCode":401,"timestamp":"2026-09-04T12:34:17.513Z","url":"/api/auth/login"}
{"duration":"273ms","ip":"::ffff:127.0.0.1","level":"info","message":"HTTP Request","method":"POST","statusCode":201,"timestamp":"2026-09-04T12:34:17.794Z","url":"/api/auth/register"}
{"duration":"2ms","ip":"::ffff:127.0.0.1","level":"info","message":"HTTP Request","method":"POST","statusCode":401,"timestamp":"2026-09-04T12:34:17.801Z","url":"/api/auth/login"}
{"duration":"287ms","ip":"::ffff:127.0.0.1","level":"info","message":"HTTP Request","method":"POST","statusCode":201,"timestamp":"2026-09-04T12:34:18.094Z","url":"/api/auth/register"}
{"duration":"272ms","ip":"::ffff:127.0.0.1","level":"info","message":"HTTP Request","method":"POST","statusCode":200,"timestamp":"2026-09-04T12:34:18.371Z","url":"/api/auth/login"}
{"duration":"0ms","ip":"::ffff:127.0.0.1","level":"info","message":"HTTP Request","method":"GET","statusCode":401,"timestamp":"2026-09-04T12:34:18.375Z","url":"/api/auth/me"}
{"duration":"272ms","ip":"::ffff:127.0.0.1","level":"info","message":"HTTP Request","method":"POST","statusCode":201,"timestamp":"2026-09-04T12:34:18.656Z","url":"/api/auth/register"}
{"duration":"269ms","ip":"::ffff:127.0.0.1","level":"info","message":"HTTP Request","method":"POST","statusCode":200,"timestamp":"2026-09-04T12:34:18.929Z","url":"/api/auth/login"}
{"duration":"6ms","ip":"::ffff:127.0.0.1","level":"info","message":"HTTP Request","method":"GET","statusCode":200,"timestamp":"2026-09-04T12:34:18.940Z","url":"/api/auth/me"}
{"duration":"285ms","ip":"::ffff:127.0.0.1","level":"info","message":"HTTP Request","method":"POST","statusCode":201,"timestamp":"2026-09-04T12:34:19.241Z","url":"/api/auth/register"}
{"duration":"270ms","ip":"::ffff:127.0.0.1","level":"info","message":"HTTP Request","method":"POST","statusCode":200,"timestamp":"2026-09-04T12:34:19.515Z","url":"/api/auth/login"}
{"duration":"2ms","ip":"::ffff:127.0.0.1","level":"info","message":"HTTP Request","method":"GET","statusCode":401,"timestamp":"2026-09-04T12:34:19.522Z","url":"/api/auth/me"}
{"duration":"271ms","ip":"::ffff:127.0.0.1","level":"info","message":"HTTP Request","method":"POST","statusCode":201,"timestamp":"2026-09-04T12:34:19.806Z","url":"/api/auth/register"}
{"duration":"268ms","ip":"::ffff:127.0.0.1","level":"info","message":"HTTP Request","method":"POST","statusCode":200,"timestamp":"2026-09-04T12:34:20.078Z","url":"/api/auth/login"}
{"duration":"3ms","ip":"::ffff:127.0.0.1","level":"info","message":"HTTP Request","method":"GET","statusCode":401,"timestamp":"2026-09-04T12:34:20.087Z","url":"/api/auth/me"}
{"duration":"289ms","ip":"::ffff:127.0.0.1","level":"info","message":"HTTP Request","method":"POST","statusCode":201,"timestamp":"2026-09-04T12:34:21.051Z","url":"/api/auth/register"}
{"duration":"271ms","ip":"::ffff:127.0.0.1","level":"info","message":"HTTP Request","method":"POST","statusCode":200,"timestamp":"2026-09-04T12:34:21.326Z","url":"/api/auth/login"}
{"duration":"1ms","ip":"::ffff:127.0.0.1","level":"info","message":"HTTP Request","method":"GET","statusCode":401,"timestamp":"2026-09-04T12:34:21.331Z","url":"/api/account/status"}
{"duration":"282ms","ip":"::ffff:127.0.0.1","level":"info","message":"HTTP Request","method":"POST","statusCode":201,"timestamp":"2026-09-04T12:34:21.622Z","url":"/api/auth/register"}
{"duration":"271ms","ip":"::ffff:127.0.0.1","level":"info","message":"HTTP Request","method":"POST","statusCode":200,"timestamp":"2026-09-04T12:34:21.897Z","url":"/api/auth/login"}
{"duration":"6ms","ip":"::ffff:127.0.0.1","level":"info","message":"HTTP Request","method":"GET","statusCode":200,"timestamp":"2026-09-04T12:34:21.908Z","url":"/api/account/status"}
{"duration":"295ms","ip":"::ffff:127.0.0.1","level":"info","message":"HTTP Request","method":"POST","statusCode":201,"timestamp":"2026-09-04T12:34:22.212Z","url":"/api/auth/register"}
{"duration":"269ms","ip":"::ffff:127.0.0.1","level":"info","message":"HTTP Request","method":"POST","statusCode":200,"timestamp":"2026-09-04T12:34:22.486Z","url":"/api/auth/login"}
{"duration":"8ms","ip":"::ffff:127.0.0.1","level":"info","message":"HTTP Request","method":"DELETE","statusCode":200,"timestamp":"2026-09-04T12:34:22.498Z","url":"/api/account/delete"}
{"duration":"279ms","ip":"::ffff:127.0.0.1","level":"info","message":"HTTP Request","method":"POST","statusCode":201,"timestamp":"2026-09-04T12:34:22.785Z","url":"/api/auth/register"}
{"duration":"281ms","ip":"::ffff:127.0.0.1","level":"info","message":"HTTP Request","method":"POST","statusCode":200,"timestamp":"2026-09-04T12:34:23.069Z","url":"/api/auth/login"}
{"duration":"17ms","ip":"::ffff:127.0.0.1","level":"info","message":"HTTP Request","method":"DELETE","statusCode":200,"timestamp":"2026-09-04T12:34:23.090Z","url":"/api/account/delete"}
{"duration":"41ms","ip":"::ffff:127.0.0.1","level":"info","message":"HTTP Request","method":"DELETE","statusCode":403,"timestamp":"2026-09-04T12:34:23.134Z","url":"/api/account/delete"}
{"duration":"296ms","ip":"::ffff:127.0.0.1","level":"info","message":"HTTP Request","method":"POST","statusCode":201,"timestamp":"2026-09-04T12:34:24.082Z","url":"/api/auth/register"}
{"duration":"280ms","ip":"::ffff:127.0.0.1","level":"info","message":"HTTP Request","method":"POST","statusCode":200,"timestamp":"2026-09-04T12:34:24.366Z","url":"/api/auth/login"}
{"duration":"1ms","ip":"::ffff:127.0.0.1","level":"info","message":"HTTP Request","method":"GET","statusCode":401,"timestamp":"2026-09-04T12:34:24.371Z","url":"/api/dashboard"}
{"duration":"278ms","ip":"::ffff:127.0.0.1","level":"info","message":"HTTP Request","method":"POST","statusCode":201,"timestamp":"2026-09-04T12:34:24.665Z","url":"/api/auth/register"}
{"duration":"271ms","ip":"::ffff:127.0.0.1","level":"info","message":"HTTP Request","method":"POST","statusCode":200,"timestamp":"2026-09-04T12:34:24.940Z","url":"/api/auth/login"}
{"duration":"79ms","ip":"::ffff:127.0.0.1","level":"info","message":"HTTP Request","method":"GET","statusCode":200,"timestamp":"2026-09-04T12:34:25.023Z","url":"/api/dashboard"}
{"duration":"281ms","ip":"::ffff:127.0.0.1","level":"info","message":"HTTP Request","method":"POST","statusCode":201,"timestamp":"2026-09-04T12:34:25.318Z","url":"/api/auth/register"}
{"duration":"273ms","ip":"::ffff:127.0.0.1","level":"info","message":"HTTP Request","method":"POST","statusCode":200,"timestamp":"2026-09-04T12:34:25.594Z","url":"/api/auth/login"}
{"duration":"17ms","ip":"::ffff:127.0.0.1","level":"info","message":"HTTP Request","method":"POST","statusCode":201,"timestamp":"2026-09-04T12:34:25.616Z","url":"/api/categories"}
{"duration":"7ms","ip":"::ffff:127.0.0.1","level":"info","message":"HTTP Request","method":"POST","statusCode":201,"timestamp":"2026-09-04T12:34:25.627Z","url":"/api/transactions"}
{"duration":"9ms","ip":"::ffff:127.0.0.1","level":"info","message":"HTTP Request","method":"GET","statusCode":200,"timestamp":"2026-09-04T12:34:25.640Z","url":"/api/dashboard"}
{"duration":"1ms","ip":"::ffff:127.0.0.1","level":"info","message":"HTTP Request","method":"GET","statusCode":200,"timestamp":"2026-09-04T12:34:26.191Z","url":"/"}
{"duration":"4ms","ip":"::ffff:127.0.0.1","level":"info","message":"HTTP Request","method":"GET","statusCode":200,"timestamp":"2026-09-04T12:34:26.202Z","url":"/db-check"}
{"duration":"329ms","ip":"::1","level":"info","message":"HTTP Request","method":"POST","statusCode":401,"timestamp":"2026-09-04T12:40:53.125Z","url":"/api/auth/login"}
{"duration":"466ms","ip":"::1","level":"info","message":"HTTP Request","method":"POST","statusCode":201,"timestamp":"2026-09-04T12:45:16.244Z","url":"/api/auth/register"}
{"duration":"211ms","ip":"::1","level":"info","message":"HTTP Request","method":"POST","statusCode":200,"timestamp":"2026-09-04T12:45:22.890Z","url":"/api/auth/login"}
{"duration":"6ms","ip":"::1","level":"info","message":"HTTP Request","method":"GET","statusCode":200,"timestamp":"2026-09-04T12:45:22.900Z","url":"/api/auth/me"}
{"duration":"21ms","ip":"::1","level":"info","message":"HTTP Request","method":"GET","statusCode":200,"timestamp":"2026-09-04T12:45:22.960Z","url":"/api/users/me/settings"}
{"duration":"51ms","ip":"::1","level":"info","message":"HTTP Request","method":"GET","statusCode":200,"timestamp":"2026-09-04T12:45:22.995Z","url":"/api/categories"}
{"duration":"187ms","ip":"::1","level":"info","message":"HTTP Request","method":"GET","statusCode":304,"timestamp":"2026-09-04T12:45:23.129Z","url":"/api/dashboard"}
{"duration":"7ms","ip":"::1","level":"info","message":"HTTP Request","method":"GET","statusCode":200,"timestamp":"2026-09-04T12:45:32.722Z","url":"/api/users/me"}
{"level":"error","message":"Unhandled application error Profile picture upload is not configured","method":"POST","stack":"AppError: Profile picture upload is not configured\n    at uploadProfilePicture (C:\\Users\\User\\Desktop\\Expense-Tracker-PERN-\\server\\src\\services\\cloudinary.service.js:6:11)\n    at uploadMyProfilePicture (C:\\Users\\User\\Desktop\\Expense-Tracker-PERN-\\server\\src\\controllers\\user.controller.js:100:33)\n    at process.processTicksAndRejections (node:internal/process/task_queues:104:5)","timestamp":"2026-09-04T12:45:40.946Z","url":"/api/users/me/profile-picture"}
{"duration":"11ms","ip":"::1","level":"info","message":"HTTP Request","method":"POST","statusCode":503,"timestamp":"2026-09-04T12:45:40.946Z","url":"/api/users/me/profile-picture"}
{"level":"error","message":"Unhandled application error Profile picture upload is not configured","method":"POST","stack":"AppError: Profile picture upload is not configured\n    at uploadProfilePicture (C:\\Users\\User\\Desktop\\Expense-Tracker-PERN-\\server\\src\\services\\cloudinary.service.js:6:11)\n    at uploadMyProfilePicture (C:\\Users\\User\\Desktop\\Expense-Tracker-PERN-\\server\\src\\controllers\\user.controller.js:100:33)\n    at process.processTicksAndRejections (node:internal/process/task_queues:104:5)","timestamp":"2026-09-04T12:45:50.704Z","url":"/api/users/me/profile-picture"}
{"duration":"11ms","ip":"::1","level":"info","message":"HTTP Request","method":"POST","statusCode":503,"timestamp":"2026-09-04T12:45:50.706Z","url":"/api/users/me/profile-picture"}
{"duration":"110ms","ip":"::1","level":"info","message":"HTTP Request","method":"GET","statusCode":304,"timestamp":"2026-09-04T13:07:32.435Z","url":"/api/users/me/settings"}
{"duration":"66ms","ip":"::1","level":"info","message":"HTTP Request","method":"GET","statusCode":304,"timestamp":"2026-09-04T13:07:34.022Z","url":"/api/categories"}
{"duration":"78ms","ip":"::1","level":"info","message":"HTTP Request","method":"GET","statusCode":304,"timestamp":"2026-09-04T13:07:34.031Z","url":"/api/dashboard"}
{"duration":"8ms","ip":"::1","level":"info","message":"HTTP Request","method":"GET","statusCode":304,"timestamp":"2026-09-04T13:07:39.285Z","url":"/api/users/me"}
{"level":"error","message":"Unhandled application error Profile picture upload is not configured","method":"POST","stack":"AppError: Profile picture upload is not configured\n    at uploadProfilePicture (C:\\Users\\User\\Desktop\\Expense-Tracker-PERN-\\server\\src\\services\\cloudinary.service.js:6:11)\n    at uploadMyProfilePicture (C:\\Users\\User\\Desktop\\Expense-Tracker-PERN-\\server\\src\\controllers\\user.controller.js:100:33)\n    at process.processTicksAndRejections (node:internal/process/task_queues:104:5)","timestamp":"2026-09-04T13:07:46.229Z","url":"/api/users/me/profile-picture"}
{"duration":"13ms","ip":"::1","level":"info","message":"HTTP Request","method":"POST","statusCode":503,"timestamp":"2026-09-04T13:07:46.230Z","url":"/api/users/me/profile-picture"}
{"duration":"8077ms","ip":"::1","level":"info","message":"HTTP Request","method":"POST","statusCode":200,"timestamp":"2026-09-04T13:09:29.694Z","url":"/api/users/me/profile-picture"}
{"duration":"8ms","ip":"::1","level":"info","message":"HTTP Request","method":"GET","statusCode":200,"timestamp":"2026-09-04T13:09:29.708Z","url":"/api/auth/me"}
{"duration":"164ms","ip":"::1","level":"info","message":"HTTP Request","method":"GET","statusCode":304,"timestamp":"2026-09-04T13:09:36.748Z","url":"/api/dashboard"}
{"duration":"45ms","ip":"::1","level":"info","message":"HTTP Request","method":"GET","statusCode":304,"timestamp":"2026-09-04T13:16:43.495Z","url":"/api/auth/me"}
{"duration":"74ms","ip":"::1","level":"info","message":"HTTP Request","method":"GET","statusCode":304,"timestamp":"2026-09-04T13:16:43.770Z","url":"/api/users/me/settings"}
{"duration":"79ms","ip":"::1","level":"info","message":"HTTP Request","method":"GET","statusCode":304,"timestamp":"2026-09-04T13:16:43.774Z","url":"/api/categories"}
{"duration":"202ms","ip":"::1","level":"info","message":"HTTP Request","method":"GET","statusCode":304,"timestamp":"2026-09-04T13:16:43.894Z","url":"/api/dashboard"}
{"duration":"153ms","ip":"::1","level":"info","message":"HTTP Request","method":"GET","statusCode":304,"timestamp":"2026-09-04T13:17:25.687Z","url":"/api/transactions?page=1&limit=10"}
{"duration":"149ms","ip":"::1","level":"info","message":"HTTP Request","method":"GET","statusCode":304,"timestamp":"2026-09-04T13:17:43.727Z","url":"/api/auth/me"}
{"duration":"7ms","ip":"::1","level":"info","message":"HTTP Request","method":"GET","statusCode":304,"timestamp":"2026-09-04T13:17:43.806Z","url":"/api/users/me/settings"}
{"duration":"140ms","ip":"::1","level":"info","message":"HTTP Request","method":"GET","statusCode":304,"timestamp":"2026-09-04T13:17:44.102Z","url":"/api/categories"}
{"duration":"148ms","ip":"::1","level":"info","message":"HTTP Request","method":"GET","statusCode":304,"timestamp":"2026-09-04T13:17:44.108Z","url":"/api/dashboard"}
{"duration":"34ms","ip":"::1","level":"info","message":"HTTP Request","method":"GET","statusCode":304,"timestamp":"2026-09-04T13:18:00.245Z","url":"/api/transactions?page=1&limit=10"}
{"duration":"45ms","ip":"::1","level":"info","message":"HTTP Request","method":"POST","statusCode":201,"timestamp":"2026-09-04T13:18:37.537Z","url":"/api/transactions"}
{"duration":"5ms","ip":"::1","level":"info","message":"HTTP Request","method":"GET","statusCode":200,"timestamp":"2026-09-04T13:18:37.547Z","url":"/api/transactions?page=1&limit=10"}
{"duration":"160ms","ip":"::1","level":"info","message":"HTTP Request","method":"GET","statusCode":200,"timestamp":"2026-09-04T13:18:39.668Z","url":"/api/dashboard"}
{"duration":"37ms","ip":"::1","level":"info","message":"HTTP Request","method":"POST","statusCode":201,"timestamp":"2026-09-04T13:19:28.802Z","url":"/api/transactions"}
{"duration":"11ms","ip":"::1","level":"info","message":"HTTP Request","method":"GET","statusCode":200,"timestamp":"2026-09-04T13:19:28.821Z","url":"/api/transactions?page=1&limit=10"}
{"duration":"160ms","ip":"::1","level":"info","message":"HTTP Request","method":"GET","statusCode":200,"timestamp":"2026-09-04T13:19:30.794Z","url":"/api/dashboard"}
{"duration":"33ms","ip":"::1","level":"info","message":"HTTP Request","method":"POST","statusCode":201,"timestamp":"2026-09-04T13:20:24.039Z","url":"/api/categories"}
{"duration":"3ms","ip":"::1","level":"info","message":"HTTP Request","method":"GET","statusCode":200,"timestamp":"2026-09-04T13:20:24.046Z","url":"/api/categories"}
{"duration":"172ms","ip":"::1","level":"info","message":"HTTP Request","method":"GET","statusCode":304,"timestamp":"2026-09-04T13:20:24.217Z","url":"/api/dashboard"}
{"duration":"7ms","ip":"::1","level":"info","message":"HTTP Request","method":"GET","statusCode":304,"timestamp":"2026-09-04T13:20:25.879Z","url":"/api/transactions?page=1&limit=10"}
{"duration":"37ms","ip":"::1","level":"info","message":"HTTP Request","method":"POST","statusCode":201,"timestamp":"2026-09-04T13:20:49.236Z","url":"/api/transactions"}
{"duration":"8ms","ip":"::1","level":"info","message":"HTTP Request","method":"GET","statusCode":200,"timestamp":"2026-09-04T13:20:49.250Z","url":"/api/transactions?page=1&limit=10"}
{"duration":"154ms","ip":"::1","level":"info","message":"HTTP Request","method":"GET","statusCode":200,"timestamp":"2026-09-04T13:20:50.642Z","url":"/api/dashboard"}
{"duration":"143ms","ip":"::1","level":"info","message":"HTTP Request","method":"GET","statusCode":304,"timestamp":"2026-09-04T13:24:00.750Z","url":"/api/transactions?page=1&limit=10"}
{"duration":"7ms","ip":"::1","level":"info","message":"HTTP Request","method":"GET","statusCode":304,"timestamp":"2026-09-04T13:24:00.765Z","url":"/api/users/me/settings"}
{"duration":"65ms","ip":"::1","level":"info","message":"HTTP Request","method":"GET","statusCode":304,"timestamp":"2026-09-04T13:36:37.337Z","url":"/api/categories"}
{"duration":"161ms","ip":"::1","level":"info","message":"HTTP Request","method":"GET","statusCode":304,"timestamp":"2026-09-04T13:36:37.435Z","url":"/api/users/me/settings"}
{"duration":"229ms","ip":"::1","level":"info","message":"HTTP Request","method":"GET","statusCode":304,"timestamp":"2026-09-04T13:36:37.482Z","url":"/api/dashboard"}
{"duration":"182ms","ip":"::1","level":"info","message":"HTTP Request","method":"GET","statusCode":304,"timestamp":"2026-09-04T13:38:13.746Z","url":"/api/auth/me"}
{"duration":"107ms","ip":"::1","level":"info","message":"HTTP Request","method":"GET","statusCode":304,"timestamp":"2026-09-04T13:38:13.925Z","url":"/api/categories"}
{"duration":"117ms","ip":"::1","level":"info","message":"HTTP Request","method":"GET","statusCode":304,"timestamp":"2026-09-04T13:38:13.930Z","url":"/api/dashboard"}
{"duration":"177ms","ip":"::1","level":"info","message":"HTTP Request","method":"GET","statusCode":304,"timestamp":"2026-09-04T13:38:14.006Z","url":"/api/users/me/settings"}
{"duration":"13ms","ip":"::1","level":"info","message":"HTTP Request","method":"GET","statusCode":401,"timestamp":"2026-09-07T07:51:37.718Z","url":"/api/auth/me"}
{"duration":"5ms","ip":"::ffff:127.0.0.1","level":"info","message":"HTTP Request","method":"GET","statusCode":200,"timestamp":"2026-09-07T09:03:31.012Z","url":"/"}
{"duration":"18ms","ip":"::ffff:127.0.0.1","level":"info","message":"HTTP Request","method":"GET","statusCode":200,"timestamp":"2026-09-07T09:03:31.044Z","url":"/db-check"}
{"duration":"4ms","ip":"::ffff:127.0.0.1","level":"info","message":"HTTP Request","method":"GET","statusCode":200,"timestamp":"2026-09-07T09:04:11.863Z","url":"/"}
{"duration":"1ms","ip":"::ffff:127.0.0.1","level":"info","message":"HTTP Request","method":"GET","statusCode":200,"timestamp":"2026-09-07T09:04:11.883Z","url":"/health"}
{"duration":"36ms","ip":"::ffff:127.0.0.1","level":"info","message":"HTTP Request","method":"GET","statusCode":200,"timestamp":"2026-09-07T09:04:11.931Z","url":"/db-check"}
{"duration":"449ms","ip":"::ffff:127.0.0.1","level":"info","message":"HTTP Request","method":"POST","statusCode":201,"timestamp":"2026-09-07T09:07:19.053Z","url":"/api/auth/register"}
{"duration":"383ms","ip":"::ffff:127.0.0.1","level":"info","message":"HTTP Request","method":"POST","statusCode":200,"timestamp":"2026-09-07T09:07:19.459Z","url":"/api/auth/login"}
{"duration":"53ms","ip":"::ffff:127.0.0.1","level":"info","message":"HTTP Request","method":"POST","statusCode":201,"timestamp":"2026-09-07T09:07:19.518Z","url":"/api/categories"}
{"duration":"1ms","ip":"::ffff:127.0.0.1","level":"info","message":"HTTP Request","method":"GET","statusCode":401,"timestamp":"2026-09-07T09:07:19.527Z","url":"/api/transactions"}
{"duration":"358ms","ip":"::ffff:127.0.0.1","level":"info","message":"HTTP Request","method":"POST","statusCode":201,"timestamp":"2026-09-07T09:07:19.902Z","url":"/api/auth/register"}
{"duration":"364ms","ip":"::ffff:127.0.0.1","level":"info","message":"HTTP Request","method":"POST","statusCode":200,"timestamp":"2026-09-07T09:07:20.273Z","url":"/api/auth/login"}
{"duration":"7ms","ip":"::ffff:127.0.0.1","level":"info","message":"HTTP Request","method":"POST","statusCode":201,"timestamp":"2026-09-07T09:07:20.286Z","url":"/api/categories"}
{"duration":"29ms","ip":"::ffff:127.0.0.1","level":"info","message":"HTTP Request","method":"POST","statusCode":201,"timestamp":"2026-09-07T09:07:20.322Z","url":"/api/transactions"}
{"duration":"367ms","ip":"::ffff:127.0.0.1","level":"info","message":"HTTP Request","method":"POST","statusCode":201,"timestamp":"2026-09-07T09:07:20.703Z","url":"/api/auth/register"}
{"duration":"362ms","ip":"::ffff:127.0.0.1","level":"info","message":"HTTP Request","method":"POST","statusCode":200,"timestamp":"2026-09-07T09:07:21.073Z","url":"/api/auth/login"}
{"duration":"6ms","ip":"::ffff:127.0.0.1","level":"info","message":"HTTP Request","method":"POST","statusCode":201,"timestamp":"2026-09-07T09:07:21.084Z","url":"/api/categories"}
{"duration":"4ms","ip":"::ffff:127.0.0.1","level":"info","message":"HTTP Request","method":"POST","statusCode":400,"timestamp":"2026-09-07T09:07:21.097Z","url":"/api/transactions"}
{"duration":"366ms","ip":"::ffff:127.0.0.1","level":"info","message":"HTTP Request","method":"POST","statusCode":201,"timestamp":"2026-09-07T09:07:21.473Z","url":"/api/auth/register"}
{"duration":"350ms","ip":"::ffff:127.0.0.1","level":"info","message":"HTTP Request","method":"POST","statusCode":200,"timestamp":"2026-09-07T09:07:21.828Z","url":"/api/auth/login"}
{"duration":"16ms","ip":"::ffff:127.0.0.1","level":"info","message":"HTTP Request","method":"POST","statusCode":201,"timestamp":"2026-09-07T09:07:21.857Z","url":"/api/categories"}
{"duration":"4ms","ip":"::ffff:127.0.0.1","level":"info","message":"HTTP Request","method":"POST","statusCode":400,"timestamp":"2026-09-07T09:07:21.874Z","url":"/api/transactions"}
{"duration":"304ms","ip":"::ffff:127.0.0.1","level":"info","message":"HTTP Request","method":"POST","statusCode":201,"timestamp":"2026-09-07T09:07:22.194Z","url":"/api/auth/register"}
{"duration":"272ms","ip":"::ffff:127.0.0.1","level":"info","message":"HTTP Request","method":"POST","statusCode":200,"timestamp":"2026-09-07T09:07:22.473Z","url":"/api/auth/login"}
{"duration":"3ms","ip":"::ffff:127.0.0.1","level":"info","message":"HTTP Request","method":"POST","statusCode":201,"timestamp":"2026-09-07T09:07:22.480Z","url":"/api/categories"}
{"duration":"2ms","ip":"::ffff:127.0.0.1","level":"info","message":"HTTP Request","method":"POST","statusCode":400,"timestamp":"2026-09-07T09:07:22.487Z","url":"/api/transactions"}
{"duration":"279ms","ip":"::ffff:127.0.0.1","level":"info","message":"HTTP Request","method":"POST","statusCode":201,"timestamp":"2026-09-07T09:07:22.774Z","url":"/api/auth/register"}
{"duration":"279ms","ip":"::ffff:127.0.0.1","level":"info","message":"HTTP Request","method":"POST","statusCode":200,"timestamp":"2026-09-07T09:07:23.057Z","url":"/api/auth/login"}
{"duration":"12ms","ip":"::ffff:127.0.0.1","level":"info","message":"HTTP Request","method":"POST","statusCode":201,"timestamp":"2026-09-07T09:07:23.076Z","url":"/api/categories"}
{"duration":"13ms","ip":"::ffff:127.0.0.1","level":"info","message":"HTTP Request","method":"POST","statusCode":201,"timestamp":"2026-09-07T09:07:23.098Z","url":"/api/transactions"}
{"duration":"22ms","ip":"::ffff:127.0.0.1","level":"info","message":"HTTP Request","method":"GET","statusCode":200,"timestamp":"2026-09-07T09:07:23.126Z","url":"/api/transactions?page=1&limit=10"}
{"duration":"272ms","ip":"::ffff:127.0.0.1","level":"info","message":"HTTP Request","method":"POST","statusCode":201,"timestamp":"2026-09-07T09:07:23.407Z","url":"/api/auth/register"}
{"duration":"271ms","ip":"::ffff:127.0.0.1","level":"info","message":"HTTP Request","method":"POST","statusCode":200,"timestamp":"2026-09-07T09:07:23.682Z","url":"/api/auth/login"}
{"duration":"3ms","ip":"::ffff:127.0.0.1","level":"info","message":"HTTP Request","method":"POST","statusCode":201,"timestamp":"2026-09-07T09:07:23.691Z","url":"/api/categories"}
{"duration":"4ms","ip":"::ffff:127.0.0.1","level":"info","message":"HTTP Request","method":"POST","statusCode":201,"timestamp":"2026-09-07T09:07:23.697Z","url":"/api/transactions"}
{"duration":"5ms","ip":"::ffff:127.0.0.1","level":"info","message":"HTTP Request","method":"GET","statusCode":200,"timestamp":"2026-09-07T09:07:23.705Z","url":"/api/transactions/81e41138-2a18-43aa-91fc-6faa6f502c67"}
{"duration":"271ms","ip":"::ffff:127.0.0.1","level":"info","message":"HTTP Request","method":"POST","statusCode":201,"timestamp":"2026-09-07T09:07:23.982Z","url":"/api/auth/register"}
{"duration":"273ms","ip":"::ffff:127.0.0.1","level":"info","message":"HTTP Request","method":"POST","statusCode":200,"timestamp":"2026-09-07T09:07:24.260Z","url":"/api/auth/login"}
{"duration":"7ms","ip":"::ffff:127.0.0.1","level":"info","message":"HTTP Request","method":"POST","statusCode":201,"timestamp":"2026-09-07T09:07:24.271Z","url":"/api/categories"}
{"duration":"3ms","ip":"::ffff:127.0.0.1","level":"info","message":"HTTP Request","method":"GET","statusCode":404,"timestamp":"2026-09-07T09:07:24.278Z","url":"/api/transactions/11111111-1111-4111-8111-111111111111"}
{"duration":"282ms","ip":"::ffff:127.0.0.1","level":"info","message":"HTTP Request","method":"POST","statusCode":201,"timestamp":"2026-09-07T09:07:24.567Z","url":"/api/auth/register"}
{"duration":"279ms","ip":"::ffff:127.0.0.1","level":"info","message":"HTTP Request","method":"POST","statusCode":200,"timestamp":"2026-09-07T09:07:24.851Z","url":"/api/auth/login"}
{"duration":"13ms","ip":"::ffff:127.0.0.1","level":"info","message":"HTTP Request","method":"POST","statusCode":201,"timestamp":"2026-09-07T09:07:24.870Z","url":"/api/categories"}
{"duration":"2ms","ip":"::ffff:127.0.0.1","level":"info","message":"HTTP Request","method":"GET","statusCode":400,"timestamp":"2026-09-07T09:07:24.875Z","url":"/api/transactions/not-a-uuid"}
{"duration":"284ms","ip":"::ffff:127.0.0.1","level":"info","message":"HTTP Request","method":"POST","statusCode":201,"timestamp":"2026-09-07T09:07:25.165Z","url":"/api/auth/register"}
{"duration":"276ms","ip":"::ffff:127.0.0.1","level":"info","message":"HTTP Request","method":"POST","statusCode":200,"timestamp":"2026-09-07T09:07:25.446Z","url":"/api/auth/login"}
{"duration":"5ms","ip":"::ffff:127.0.0.1","level":"info","message":"HTTP Request","method":"POST","statusCode":201,"timestamp":"2026-09-07T09:07:25.455Z","url":"/api/categories"}
{"duration":"3ms","ip":"::ffff:127.0.0.1","level":"info","message":"HTTP Request","method":"POST","statusCode":201,"timestamp":"2026-09-07T09:07:25.462Z","url":"/api/transactions"}
{"duration":"12ms","ip":"::ffff:127.0.0.1","level":"info","message":"HTTP Request","method":"PATCH","statusCode":200,"timestamp":"2026-09-07T09:07:25.488Z","url":"/api/transactions/af5978d1-c102-4394-bbd4-3fc0e8c00896"}
{"duration":"270ms","ip":"::ffff:127.0.0.1","level":"info","message":"HTTP Request","method":"POST","statusCode":201,"timestamp":"2026-09-07T09:07:25.764Z","url":"/api/auth/register"}
{"duration":"273ms","ip":"::ffff:127.0.0.1","level":"info","message":"HTTP Request","method":"POST","statusCode":200,"timestamp":"2026-09-07T09:07:26.042Z","url":"/api/auth/login"}
{"duration":"7ms","ip":"::ffff:127.0.0.1","level":"info","message":"HTTP Request","method":"POST","statusCode":201,"timestamp":"2026-09-07T09:07:26.054Z","url":"/api/categories"}
{"duration":"5ms","ip":"::ffff:127.0.0.1","level":"info","message":"HTTP Request","method":"POST","statusCode":201,"timestamp":"2026-09-07T09:07:26.064Z","url":"/api/transactions"}
{"duration":"11ms","ip":"::ffff:127.0.0.1","level":"info","message":"HTTP Request","method":"DELETE","statusCode":200,"timestamp":"2026-09-07T09:07:26.081Z","url":"/api/transactions/e9a9e119-4c94-4d58-b17b-e57c4e6d3a8c"}
{"duration":"274ms","ip":"::ffff:127.0.0.1","level":"info","message":"HTTP Request","method":"POST","statusCode":201,"timestamp":"2026-09-07T09:07:26.365Z","url":"/api/auth/register"}
{"duration":"285ms","ip":"::ffff:127.0.0.1","level":"info","message":"HTTP Request","method":"POST","statusCode":200,"timestamp":"2026-09-07T09:07:26.661Z","url":"/api/auth/login"}
{"duration":"14ms","ip":"::ffff:127.0.0.1","level":"info","message":"HTTP Request","method":"POST","statusCode":201,"timestamp":"2026-09-07T09:07:26.682Z","url":"/api/categories"}
{"duration":"274ms","ip":"::ffff:127.0.0.1","level":"info","message":"HTTP Request","method":"POST","statusCode":201,"timestamp":"2026-09-07T09:07:26.964Z","url":"/api/auth/register"}
{"duration":"273ms","ip":"::ffff:127.0.0.1","level":"info","message":"HTTP Request","method":"POST","statusCode":200,"timestamp":"2026-09-07T09:07:27.243Z","url":"/api/auth/login"}
{"duration":"8ms","ip":"::ffff:127.0.0.1","level":"info","message":"HTTP Request","method":"POST","statusCode":201,"timestamp":"2026-09-07T09:07:27.255Z","url":"/api/categories"}
{"duration":"3ms","ip":"::ffff:127.0.0.1","level":"info","message":"HTTP Request","method":"POST","statusCode":403,"timestamp":"2026-09-07T09:07:27.263Z","url":"/api/transactions"}
{"duration":"274ms","ip":"::ffff:127.0.0.1","level":"info","message":"HTTP Request","method":"POST","statusCode":201,"timestamp":"2026-09-07T09:07:27.548Z","url":"/api/auth/register"}
{"duration":"271ms","ip":"::ffff:127.0.0.1","level":"info","message":"HTTP Request","method":"POST","statusCode":200,"timestamp":"2026-09-07T09:07:27.826Z","url":"/api/auth/login"}
{"duration":"5ms","ip":"::ffff:127.0.0.1","level":"info","message":"HTTP Request","method":"POST","statusCode":201,"timestamp":"2026-09-07T09:07:27.836Z","url":"/api/categories"}
{"duration":"5ms","ip":"::ffff:127.0.0.1","level":"info","message":"HTTP Request","method":"POST","statusCode":201,"timestamp":"2026-09-07T09:07:27.845Z","url":"/api/transactions"}
{"duration":"279ms","ip":"::ffff:127.0.0.1","level":"info","message":"HTTP Request","method":"POST","statusCode":201,"timestamp":"2026-09-07T09:07:28.128Z","url":"/api/auth/register"}
{"duration":"271ms","ip":"::ffff:127.0.0.1","level":"info","message":"HTTP Request","method":"POST","statusCode":200,"timestamp":"2026-09-07T09:07:28.404Z","url":"/api/auth/login"}
{"duration":"16ms","ip":"::ffff:127.0.0.1","level":"info","message":"HTTP Request","method":"POST","statusCode":201,"timestamp":"2026-09-07T09:07:28.424Z","url":"/api/categories"}
{"duration":"3ms","ip":"::ffff:127.0.0.1","level":"info","message":"HTTP Request","method":"PATCH","statusCode":403,"timestamp":"2026-09-07T09:07:28.431Z","url":"/api/transactions/411442f3-7454-4248-94d3-ae0f63f64431"}
{"duration":"274ms","ip":"::ffff:127.0.0.1","level":"info","message":"HTTP Request","method":"POST","statusCode":201,"timestamp":"2026-09-07T09:07:28.713Z","url":"/api/auth/register"}
{"duration":"277ms","ip":"::ffff:127.0.0.1","level":"info","message":"HTTP Request","method":"POST","statusCode":200,"timestamp":"2026-09-07T09:07:28.994Z","url":"/api/auth/login"}
{"duration":"17ms","ip":"::ffff:127.0.0.1","level":"info","message":"HTTP Request","method":"POST","statusCode":201,"timestamp":"2026-09-07T09:07:29.015Z","url":"/api/categories"}
{"duration":"5ms","ip":"::ffff:127.0.0.1","level":"info","message":"HTTP Request","method":"POST","statusCode":201,"timestamp":"2026-09-07T09:07:29.028Z","url":"/api/transactions"}
{"duration":"276ms","ip":"::ffff:127.0.0.1","level":"info","message":"HTTP Request","method":"POST","statusCode":201,"timestamp":"2026-09-07T09:07:29.307Z","url":"/api/auth/register"}
{"duration":"269ms","ip":"::ffff:127.0.0.1","level":"info","message":"HTTP Request","method":"POST","statusCode":200,"timestamp":"2026-09-07T09:07:29.580Z","url":"/api/auth/login"}
{"duration":"4ms","ip":"::ffff:127.0.0.1","level":"info","message":"HTTP Request","method":"GET","statusCode":404,"timestamp":"2026-09-07T09:07:29.589Z","url":"/api/transactions/511eb263-10c8-4405-94db-23992e9cf4ca"}
{"duration":"291ms","ip":"::ffff:127.0.0.1","level":"info","message":"HTTP Request","method":"POST","statusCode":201,"timestamp":"2026-09-07T09:07:30.562Z","url":"/api/auth/register"}
{"duration":"281ms","ip":"::ffff:127.0.0.1","level":"info","message":"HTTP Request","method":"POST","statusCode":200,"timestamp":"2026-09-07T09:07:30.852Z","url":"/api/auth/login"}
{"duration":"0ms","ip":"::ffff:127.0.0.1","level":"info","message":"HTTP Request","method":"GET","statusCode":401,"timestamp":"2026-09-07T09:07:30.857Z","url":"/api/users/me"}
{"duration":"277ms","ip":"::ffff:127.0.0.1","level":"info","message":"HTTP Request","method":"POST","statusCode":201,"timestamp":"2026-09-07T09:07:31.142Z","url":"/api/auth/register"}
{"duration":"279ms","ip":"::ffff:127.0.0.1","level":"info","message":"HTTP Request","method":"POST","statusCode":200,"timestamp":"2026-09-07T09:07:31.427Z","url":"/api/auth/login"}
{"duration":"10ms","ip":"::ffff:127.0.0.1","level":"info","message":"HTTP Request","method":"GET","statusCode":200,"timestamp":"2026-09-07T09:07:31.444Z","url":"/api/users/me"}
{"duration":"279ms","ip":"::ffff:127.0.0.1","level":"info","message":"HTTP Request","method":"POST","statusCode":201,"timestamp":"2026-09-07T09:07:31.737Z","url":"/api/auth/register"}
{"duration":"276ms","ip":"::ffff:127.0.0.1","level":"info","message":"HTTP Request","method":"POST","statusCode":200,"timestamp":"2026-09-07T09:07:32.017Z","url":"/api/auth/login"}
{"duration":"2ms","ip":"::ffff:127.0.0.1","level":"info","message":"HTTP Request","method":"PATCH","statusCode":400,"timestamp":"2026-09-07T09:07:32.025Z","url":"/api/users/me"}
{"duration":"277ms","ip":"::ffff:127.0.0.1","level":"info","message":"HTTP Request","method":"POST","statusCode":201,"timestamp":"2026-09-07T09:07:32.309Z","url":"/api/auth/register"}
{"duration":"274ms","ip":"::ffff:127.0.0.1","level":"info","message":"HTTP Request","method":"POST","statusCode":200,"timestamp":"2026-09-07T09:07:32.586Z","url":"/api/auth/login"}
{"duration":"14ms","ip":"::ffff:127.0.0.1","level":"info","message":"HTTP Request","method":"PATCH","statusCode":200,"timestamp":"2026-09-07T09:07:32.604Z","url":"/api/users/me"}
{"duration":"274ms","ip":"::ffff:127.0.0.1","level":"info","message":"HTTP Request","method":"POST","statusCode":201,"timestamp":"2026-09-07T09:07:32.884Z","url":"/api/auth/register"}
{"duration":"276ms","ip":"::ffff:127.0.0.1","level":"info","message":"HTTP Request","method":"POST","statusCode":200,"timestamp":"2026-09-07T09:07:33.165Z","url":"/api/auth/login"}
{"duration":"0ms","ip":"::ffff:127.0.0.1","level":"info","message":"HTTP Request","method":"POST","statusCode":401,"timestamp":"2026-09-07T09:07:33.173Z","url":"/api/users/me/profile-picture"}
{"duration":"275ms","ip":"::ffff:127.0.0.1","level":"info","message":"HTTP Request","method":"POST","statusCode":201,"timestamp":"2026-09-07T09:07:33.465Z","url":"/api/auth/register"}
{"duration":"277ms","ip":"::ffff:127.0.0.1","level":"info","message":"HTTP Request","method":"POST","statusCode":200,"timestamp":"2026-09-07T09:07:33.747Z","url":"/api/auth/login"}
{"duration":"3ms","ip":"::ffff:127.0.0.1","level":"info","message":"HTTP Request","method":"POST","statusCode":400,"timestamp":"2026-09-07T09:07:33.755Z","url":"/api/users/me/profile-picture"}
{"duration":"273ms","ip":"::ffff:127.0.0.1","level":"info","message":"HTTP Request","method":"POST","statusCode":201,"timestamp":"2026-09-07T09:07:34.035Z","url":"/api/auth/register"}
{"duration":"274ms","ip":"::ffff:127.0.0.1","level":"info","message":"HTTP Request","method":"POST","statusCode":200,"timestamp":"2026-09-07T09:07:34.315Z","url":"/api/auth/login"}
{"duration":"8ms","ip":"::ffff:127.0.0.1","level":"info","message":"HTTP Request","method":"POST","statusCode":400,"timestamp":"2026-09-07T09:07:34.329Z","url":"/api/users/me/profile-picture"}
{"duration":"280ms","ip":"::ffff:127.0.0.1","level":"info","message":"HTTP Request","method":"POST","statusCode":201,"timestamp":"2026-09-07T09:07:34.623Z","url":"/api/auth/register"}
{"duration":"280ms","ip":"::ffff:127.0.0.1","level":"info","message":"HTTP Request","method":"POST","statusCode":200,"timestamp":"2026-09-07T09:07:34.907Z","url":"/api/auth/login"}
{"duration":"827ms","ip":"::ffff:127.0.0.1","level":"info","message":"HTTP Request","method":"PATCH","statusCode":200,"timestamp":"2026-09-07T09:07:35.738Z","url":"/api/users/me/password"}
{"duration":"272ms","ip":"::ffff:127.0.0.1","level":"info","message":"HTTP Request","method":"POST","statusCode":201,"timestamp":"2026-09-07T09:07:36.019Z","url":"/api/auth/register"}
{"duration":"272ms","ip":"::ffff:127.0.0.1","level":"info","message":"HTTP Request","method":"POST","statusCode":200,"timestamp":"2026-09-07T09:07:36.295Z","url":"/api/auth/login"}
{"duration":"277ms","ip":"::ffff:127.0.0.1","level":"info","message":"HTTP Request","method":"PATCH","statusCode":400,"timestamp":"2026-09-07T09:07:36.579Z","url":"/api/users/me/password"}
{"duration":"290ms","ip":"::ffff:127.0.0.1","level":"info","message":"HTTP Request","method":"POST","statusCode":201,"timestamp":"2026-09-07T09:07:36.878Z","url":"/api/auth/register"}
{"duration":"275ms","ip":"::ffff:127.0.0.1","level":"info","message":"HTTP Request","method":"POST","statusCode":200,"timestamp":"2026-09-07T09:07:37.157Z","url":"/api/auth/login"}
{"duration":"2ms","ip":"::ffff:127.0.0.1","level":"info","message":"HTTP Request","method":"PATCH","statusCode":400,"timestamp":"2026-09-07T09:07:37.163Z","url":"/api/users/me/password"}
{"duration":"280ms","ip":"::ffff:127.0.0.1","level":"info","message":"HTTP Request","method":"POST","statusCode":201,"timestamp":"2026-09-07T09:07:38.108Z","url":"/api/auth/register"}
{"duration":"284ms","ip":"::ffff:127.0.0.1","level":"info","message":"HTTP Request","method":"POST","statusCode":200,"timestamp":"2026-09-07T09:07:38.397Z","url":"/api/auth/login"}
{"duration":"0ms","ip":"::ffff:127.0.0.1","level":"info","message":"HTTP Request","method":"GET","statusCode":401,"timestamp":"2026-09-07T09:07:38.403Z","url":"/api/categories"}
{"duration":"283ms","ip":"::ffff:127.0.0.1","level":"info","message":"HTTP Request","method":"POST","statusCode":201,"timestamp":"2026-09-07T09:07:38.694Z","url":"/api/auth/register"}
{"duration":"279ms","ip":"::ffff:127.0.0.1","level":"info","message":"HTTP Request","method":"POST","statusCode":200,"timestamp":"2026-09-07T09:07:38.978Z","url":"/api/auth/login"}
{"duration":"10ms","ip":"::ffff:127.0.0.1","level":"info","message":"HTTP Request","method":"POST","statusCode":201,"timestamp":"2026-09-07T09:07:38.992Z","url":"/api/categories"}
{"duration":"278ms","ip":"::ffff:127.0.0.1","level":"info","message":"HTTP Request","method":"POST","statusCode":201,"timestamp":"2026-09-07T09:07:39.279Z","url":"/api/auth/register"}
{"duration":"279ms","ip":"::ffff:127.0.0.1","level":"info","message":"HTTP Request","method":"POST","statusCode":200,"timestamp":"2026-09-07T09:07:39.564Z","url":"/api/auth/login"}
{"duration":"2ms","ip":"::ffff:127.0.0.1","level":"info","message":"HTTP Request","method":"POST","statusCode":400,"timestamp":"2026-09-07T09:07:39.571Z","url":"/api/categories"}
{"duration":"274ms","ip":"::ffff:127.0.0.1","level":"info","message":"HTTP Request","method":"POST","statusCode":201,"timestamp":"2026-09-07T09:07:39.861Z","url":"/api/auth/register"}
{"duration":"280ms","ip":"::ffff:127.0.0.1","level":"info","message":"HTTP Request","method":"POST","statusCode":200,"timestamp":"2026-09-07T09:07:40.146Z","url":"/api/auth/login"}
{"duration":"9ms","ip":"::ffff:127.0.0.1","level":"info","message":"HTTP Request","method":"POST","statusCode":201,"timestamp":"2026-09-07T09:07:40.165Z","url":"/api/categories"}
{"duration":"8ms","ip":"::ffff:127.0.0.1","level":"info","message":"HTTP Request","method":"POST","statusCode":409,"timestamp":"2026-09-07T09:07:40.184Z","url":"/api/categories"}
{"duration":"277ms","ip":"::ffff:127.0.0.1","level":"info","message":"HTTP Request","method":"POST","statusCode":201,"timestamp":"2026-09-07T09:07:40.475Z","url":"/api/auth/register"}
{"duration":"274ms","ip":"::ffff:127.0.0.1","level":"info","message":"HTTP Request","method":"POST","statusCode":200,"timestamp":"2026-09-07T09:07:40.753Z","url":"/api/auth/login"}
{"duration":"4ms","ip":"::ffff:127.0.0.1","level":"info","message":"HTTP Request","method":"POST","statusCode":201,"timestamp":"2026-09-07T09:07:40.762Z","url":"/api/categories"}
{"duration":"10ms","ip":"::ffff:127.0.0.1","level":"info","message":"HTTP Request","method":"GET","statusCode":200,"timestamp":"2026-09-07T09:07:40.777Z","url":"/api/categories"}
{"duration":"274ms","ip":"::ffff:127.0.0.1","level":"info","message":"HTTP Request","method":"POST","statusCode":201,"timestamp":"2026-09-07T09:07:41.064Z","url":"/api/auth/register"}
{"duration":"274ms","ip":"::ffff:127.0.0.1","level":"info","message":"HTTP Request","method":"POST","statusCode":200,"timestamp":"2026-09-07T09:07:41.343Z","url":"/api/auth/login"}
{"duration":"4ms","ip":"::ffff:127.0.0.1","level":"info","message":"HTTP Request","method":"POST","statusCode":201,"timestamp":"2026-09-07T09:07:41.350Z","url":"/api/categories"}
{"duration":"7ms","ip":"::ffff:127.0.0.1","level":"info","message":"HTTP Request","method":"PATCH","statusCode":200,"timestamp":"2026-09-07T09:07:41.361Z","url":"/api/categories/0f8dadbe-0ea0-4cf8-953f-ed74461b77e6"}
{"duration":"270ms","ip":"::ffff:127.0.0.1","level":"info","message":"HTTP Request","method":"POST","statusCode":201,"timestamp":"2026-09-07T09:07:41.641Z","url":"/api/auth/register"}
{"duration":"270ms","ip":"::ffff:127.0.0.1","level":"info","message":"HTTP Request","method":"POST","statusCode":200,"timestamp":"2026-09-07T09:07:41.914Z","url":"/api/auth/login"}
{"duration":"2ms","ip":"::ffff:127.0.0.1","level":"info","message":"HTTP Request","method":"PATCH","statusCode":400,"timestamp":"2026-09-07T09:07:41.922Z","url":"/api/categories/not-a-uuid"}
{"duration":"283ms","ip":"::ffff:127.0.0.1","level":"info","message":"HTTP Request","method":"POST","statusCode":201,"timestamp":"2026-09-07T09:07:42.222Z","url":"/api/auth/register"}
{"duration":"272ms","ip":"::ffff:127.0.0.1","level":"info","message":"HTTP Request","method":"POST","statusCode":200,"timestamp":"2026-09-07T09:07:42.500Z","url":"/api/auth/login"}
{"duration":"3ms","ip":"::ffff:127.0.0.1","level":"info","message":"HTTP Request","method":"PATCH","statusCode":404,"timestamp":"2026-09-07T09:07:42.508Z","url":"/api/categories/11111111-1111-4111-8111-111111111111"}
{"duration":"287ms","ip":"::ffff:127.0.0.1","level":"info","message":"HTTP Request","method":"POST","statusCode":201,"timestamp":"2026-09-07T09:07:42.806Z","url":"/api/auth/register"}
{"duration":"272ms","ip":"::ffff:127.0.0.1","level":"info","message":"HTTP Request","method":"POST","statusCode":200,"timestamp":"2026-09-07T09:07:43.081Z","url":"/api/auth/login"}
{"duration":"4ms","ip":"::ffff:127.0.0.1","level":"info","message":"HTTP Request","method":"POST","statusCode":201,"timestamp":"2026-09-07T09:07:43.092Z","url":"/api/categories"}
{"duration":"16ms","ip":"::ffff:127.0.0.1","level":"info","message":"HTTP Request","method":"DELETE","statusCode":200,"timestamp":"2026-09-07T09:07:43.111Z","url":"/api/categories/756fab70-1fa2-4bd4-888a-56387fbfc577"}
{"duration":"292ms","ip":"::ffff:127.0.0.1","level":"info","message":"HTTP Request","method":"POST","statusCode":201,"timestamp":"2026-09-07T09:07:44.329Z","url":"/api/auth/register"}
{"duration":"284ms","ip":"::ffff:127.0.0.1","level":"info","message":"HTTP Request","method":"POST","statusCode":201,"timestamp":"2026-09-07T09:07:44.625Z","url":"/api/auth/register"}
{"duration":"2ms","ip":"::ffff:127.0.0.1","level":"info","message":"HTTP Request","method":"POST","statusCode":409,"timestamp":"2026-09-07T09:07:44.630Z","url":"/api/auth/register"}
{"duration":"0ms","ip":"::ffff:127.0.0.1","level":"info","message":"HTTP Request","method":"POST","statusCode":400,"timestamp":"2026-09-07T09:07:44.638Z","url":"/api/auth/register"}
{"duration":"0ms","ip":"::ffff:127.0.0.1","level":"info","message":"HTTP Request","method":"POST","statusCode":400,"timestamp":"2026-09-07T09:07:44.644Z","url":"/api/auth/register"}
{"duration":"1ms","ip":"::ffff:127.0.0.1","level":"info","message":"HTTP Request","method":"POST","statusCode":400,"timestamp":"2026-09-07T09:07:44.651Z","url":"/api/auth/register"}
{"duration":"287ms","ip":"::ffff:127.0.0.1","level":"info","message":"HTTP Request","method":"POST","statusCode":201,"timestamp":"2026-09-07T09:07:44.947Z","url":"/api/auth/register"}
{"duration":"271ms","ip":"::ffff:127.0.0.1","level":"info","message":"HTTP Request","method":"POST","statusCode":200,"timestamp":"2026-09-07T09:07:45.224Z","url":"/api/auth/login"}
{"duration":"328ms","ip":"::ffff:127.0.0.1","level":"info","message":"HTTP Request","method":"POST","statusCode":201,"timestamp":"2026-09-07T09:07:45.559Z","url":"/api/auth/register"}
{"duration":"271ms","ip":"::ffff:127.0.0.1","level":"info","message":"HTTP Request","method":"POST","statusCode":401,"timestamp":"2026-09-07T09:07:45.835Z","url":"/api/auth/login"}
{"duration":"275ms","ip":"::ffff:127.0.0.1","level":"info","message":"HTTP Request","method":"POST","statusCode":201,"timestamp":"2026-09-07T09:07:46.118Z","url":"/api/auth/register"}
{"duration":"2ms","ip":"::ffff:127.0.0.1","level":"info","message":"HTTP Request","method":"POST","statusCode":401,"timestamp":"2026-09-07T09:07:46.124Z","url":"/api/auth/login"}
{"duration":"294ms","ip":"::ffff:127.0.0.1","level":"info","message":"HTTP Request","method":"POST","statusCode":201,"timestamp":"2026-09-07T09:07:46.424Z","url":"/api/auth/register"}
{"duration":"289ms","ip":"::ffff:127.0.0.1","level":"info","message":"HTTP Request","method":"POST","statusCode":200,"timestamp":"2026-09-07T09:07:46.718Z","url":"/api/auth/login"}
{"duration":"1ms","ip":"::ffff:127.0.0.1","level":"info","message":"HTTP Request","method":"GET","statusCode":401,"timestamp":"2026-09-07T09:07:46.724Z","url":"/api/auth/me"}
{"duration":"287ms","ip":"::ffff:127.0.0.1","level":"info","message":"HTTP Request","method":"POST","statusCode":201,"timestamp":"2026-09-07T09:07:47.028Z","url":"/api/auth/register"}
{"duration":"276ms","ip":"::ffff:127.0.0.1","level":"info","message":"HTTP Request","method":"POST","statusCode":200,"timestamp":"2026-09-07T09:07:47.308Z","url":"/api/auth/login"}
{"duration":"24ms","ip":"::ffff:127.0.0.1","level":"info","message":"HTTP Request","method":"GET","statusCode":200,"timestamp":"2026-09-07T09:07:47.336Z","url":"/api/auth/me"}
{"duration":"287ms","ip":"::ffff:127.0.0.1","level":"info","message":"HTTP Request","method":"POST","statusCode":201,"timestamp":"2026-09-07T09:07:47.631Z","url":"/api/auth/register"}
{"duration":"275ms","ip":"::ffff:127.0.0.1","level":"info","message":"HTTP Request","method":"POST","statusCode":200,"timestamp":"2026-09-07T09:07:47.912Z","url":"/api/auth/login"}
{"duration":"0ms","ip":"::ffff:127.0.0.1","level":"info","message":"HTTP Request","method":"GET","statusCode":401,"timestamp":"2026-09-07T09:07:47.917Z","url":"/api/auth/me"}
{"duration":"289ms","ip":"::ffff:127.0.0.1","level":"info","message":"HTTP Request","method":"POST","statusCode":201,"timestamp":"2026-09-07T09:07:48.213Z","url":"/api/auth/register"}
{"duration":"274ms","ip":"::ffff:127.0.0.1","level":"info","message":"HTTP Request","method":"POST","statusCode":200,"timestamp":"2026-09-07T09:07:48.494Z","url":"/api/auth/login"}
{"duration":"23ms","ip":"::ffff:127.0.0.1","level":"info","message":"HTTP Request","method":"GET","statusCode":401,"timestamp":"2026-09-07T09:07:48.523Z","url":"/api/auth/me"}
{"duration":"290ms","ip":"::ffff:127.0.0.1","level":"info","message":"HTTP Request","method":"POST","statusCode":201,"timestamp":"2026-09-07T09:07:49.416Z","url":"/api/auth/register"}
{"duration":"272ms","ip":"::ffff:127.0.0.1","level":"info","message":"HTTP Request","method":"POST","statusCode":200,"timestamp":"2026-09-07T09:07:49.694Z","url":"/api/auth/login"}
{"duration":"2ms","ip":"::ffff:127.0.0.1","level":"info","message":"HTTP Request","method":"GET","statusCode":401,"timestamp":"2026-09-07T09:07:49.699Z","url":"/api/users/me/settings"}
{"duration":"282ms","ip":"::ffff:127.0.0.1","level":"info","message":"HTTP Request","method":"POST","statusCode":201,"timestamp":"2026-09-07T09:07:50.002Z","url":"/api/auth/register"}
{"duration":"274ms","ip":"::ffff:127.0.0.1","level":"info","message":"HTTP Request","method":"POST","statusCode":200,"timestamp":"2026-09-07T09:07:50.283Z","url":"/api/auth/login"}
{"duration":"30ms","ip":"::ffff:127.0.0.1","level":"info","message":"HTTP Request","method":"GET","statusCode":200,"timestamp":"2026-09-07T09:07:50.320Z","url":"/api/users/me/settings"}
{"duration":"279ms","ip":"::ffff:127.0.0.1","level":"info","message":"HTTP Request","method":"POST","statusCode":201,"timestamp":"2026-09-07T09:07:50.606Z","url":"/api/auth/register"}
{"duration":"273ms","ip":"::ffff:127.0.0.1","level":"info","message":"HTTP Request","method":"POST","statusCode":200,"timestamp":"2026-09-07T09:07:50.884Z","url":"/api/auth/login"}
{"duration":"14ms","ip":"::ffff:127.0.0.1","level":"info","message":"HTTP Request","method":"GET","statusCode":200,"timestamp":"2026-09-07T09:07:50.902Z","url":"/api/users/me/settings"}
{"duration":"5ms","ip":"::ffff:127.0.0.1","level":"info","message":"HTTP Request","method":"PATCH","statusCode":200,"timestamp":"2026-09-07T09:07:50.911Z","url":"/api/users/me/settings"}
{"duration":"277ms","ip":"::ffff:127.0.0.1","level":"info","message":"HTTP Request","method":"POST","statusCode":201,"timestamp":"2026-09-07T09:07:51.195Z","url":"/api/auth/register"}
{"duration":"275ms","ip":"::ffff:127.0.0.1","level":"info","message":"HTTP Request","method":"POST","statusCode":200,"timestamp":"2026-09-07T09:07:51.475Z","url":"/api/auth/login"}
{"duration":"2ms","ip":"::ffff:127.0.0.1","level":"info","message":"HTTP Request","method":"PATCH","statusCode":400,"timestamp":"2026-09-07T09:07:51.481Z","url":"/api/users/me/settings"}
{"duration":"281ms","ip":"::ffff:127.0.0.1","level":"info","message":"HTTP Request","method":"POST","statusCode":201,"timestamp":"2026-09-07T09:07:51.775Z","url":"/api/auth/register"}
{"duration":"277ms","ip":"::ffff:127.0.0.1","level":"info","message":"HTTP Request","method":"POST","statusCode":200,"timestamp":"2026-09-07T09:07:52.056Z","url":"/api/auth/login"}
{"duration":"2ms","ip":"::ffff:127.0.0.1","level":"info","message":"HTTP Request","method":"PATCH","statusCode":400,"timestamp":"2026-09-07T09:07:52.063Z","url":"/api/users/me/settings"}
{"duration":"3ms","ip":"::ffff:127.0.0.1","level":"info","message":"HTTP Request","method":"PATCH","statusCode":400,"timestamp":"2026-09-07T09:07:52.072Z","url":"/api/users/me/settings"}
{"duration":"277ms","ip":"::ffff:127.0.0.1","level":"info","message":"HTTP Request","method":"POST","statusCode":201,"timestamp":"2026-09-07T09:07:52.450Z","url":"/api/auth/register"}
{"duration":"281ms","ip":"::ffff:127.0.0.1","level":"info","message":"HTTP Request","method":"POST","statusCode":200,"timestamp":"2026-09-07T09:07:52.736Z","url":"/api/auth/login"}
{"duration":"7ms","ip":"::ffff:127.0.0.1","level":"info","message":"HTTP Request","method":"POST","statusCode":201,"timestamp":"2026-09-07T09:07:52.749Z","url":"/api/users/me/settings"}
{"duration":"132ms","ip":"::ffff:127.0.0.1","level":"info","message":"HTTP Request","method":"POST","statusCode":409,"timestamp":"2026-09-07T09:07:52.888Z","url":"/api/users/me/settings"}
{"duration":"273ms","ip":"::ffff:127.0.0.1","level":"info","message":"HTTP Request","method":"POST","statusCode":201,"timestamp":"2026-09-07T09:07:53.275Z","url":"/api/auth/register"}
{"duration":"275ms","ip":"::ffff:127.0.0.1","level":"info","message":"HTTP Request","method":"POST","statusCode":200,"timestamp":"2026-09-07T09:07:53.554Z","url":"/api/auth/login"}
{"duration":"5ms","ip":"::ffff:127.0.0.1","level":"info","message":"HTTP Request","method":"PATCH","statusCode":404,"timestamp":"2026-09-07T09:07:53.563Z","url":"/api/users/me/settings"}
{"duration":"0ms","ip":"::ffff:127.0.0.1","level":"info","message":"HTTP Request","method":"GET","statusCode":200,"timestamp":"2026-09-07T09:07:54.231Z","url":"/"}
{"duration":"0ms","ip":"::ffff:127.0.0.1","level":"info","message":"HTTP Request","method":"GET","statusCode":200,"timestamp":"2026-09-07T09:07:54.267Z","url":"/health"}
{"duration":"9ms","ip":"::ffff:127.0.0.1","level":"info","message":"HTTP Request","method":"GET","statusCode":200,"timestamp":"2026-09-07T09:07:54.284Z","url":"/db-check"}
{"duration":"281ms","ip":"::ffff:127.0.0.1","level":"info","message":"HTTP Request","method":"POST","statusCode":201,"timestamp":"2026-09-07T09:07:55.141Z","url":"/api/auth/register"}
{"duration":"286ms","ip":"::ffff:127.0.0.1","level":"info","message":"HTTP Request","method":"POST","statusCode":200,"timestamp":"2026-09-07T09:07:55.432Z","url":"/api/auth/login"}
{"duration":"1ms","ip":"::ffff:127.0.0.1","level":"info","message":"HTTP Request","method":"GET","statusCode":401,"timestamp":"2026-09-07T09:07:55.438Z","url":"/api/account/status"}
{"duration":"276ms","ip":"::ffff:127.0.0.1","level":"info","message":"HTTP Request","method":"POST","statusCode":201,"timestamp":"2026-09-07T09:07:55.721Z","url":"/api/auth/register"}
{"duration":"289ms","ip":"::ffff:127.0.0.1","level":"info","message":"HTTP Request","method":"POST","statusCode":200,"timestamp":"2026-09-07T09:07:56.042Z","url":"/api/auth/login"}
{"duration":"8ms","ip":"::ffff:127.0.0.1","level":"info","message":"HTTP Request","method":"GET","statusCode":200,"timestamp":"2026-09-07T09:07:56.054Z","url":"/api/account/status"}
{"duration":"271ms","ip":"::ffff:127.0.0.1","level":"info","message":"HTTP Request","method":"POST","statusCode":201,"timestamp":"2026-09-07T09:07:56.333Z","url":"/api/auth/register"}
{"duration":"269ms","ip":"::ffff:127.0.0.1","level":"info","message":"HTTP Request","method":"POST","statusCode":200,"timestamp":"2026-09-07T09:07:56.607Z","url":"/api/auth/login"}
{"duration":"6ms","ip":"::ffff:127.0.0.1","level":"info","message":"HTTP Request","method":"DELETE","statusCode":200,"timestamp":"2026-09-07T09:07:56.617Z","url":"/api/account/delete"}
{"duration":"277ms","ip":"::ffff:127.0.0.1","level":"info","message":"HTTP Request","method":"POST","statusCode":201,"timestamp":"2026-09-07T09:07:56.902Z","url":"/api/auth/register"}
{"duration":"270ms","ip":"::ffff:127.0.0.1","level":"info","message":"HTTP Request","method":"POST","statusCode":200,"timestamp":"2026-09-07T09:07:57.176Z","url":"/api/auth/login"}
{"duration":"7ms","ip":"::ffff:127.0.0.1","level":"info","message":"HTTP Request","method":"DELETE","statusCode":200,"timestamp":"2026-09-07T09:07:57.187Z","url":"/api/account/delete"}
{"duration":"2ms","ip":"::ffff:127.0.0.1","level":"info","message":"HTTP Request","method":"DELETE","statusCode":403,"timestamp":"2026-09-07T09:07:57.192Z","url":"/api/account/delete"}
{"duration":"290ms","ip":"::ffff:127.0.0.1","level":"info","message":"HTTP Request","method":"POST","statusCode":201,"timestamp":"2026-09-07T09:07:58.013Z","url":"/api/auth/register"}
{"duration":"280ms","ip":"::ffff:127.0.0.1","level":"info","message":"HTTP Request","method":"POST","statusCode":200,"timestamp":"2026-09-07T09:07:58.300Z","url":"/api/auth/login"}
{"duration":"1ms","ip":"::ffff:127.0.0.1","level":"info","message":"HTTP Request","method":"GET","statusCode":401,"timestamp":"2026-09-07T09:07:58.306Z","url":"/api/dashboard"}
{"duration":"284ms","ip":"::ffff:127.0.0.1","level":"info","message":"HTTP Request","method":"POST","statusCode":201,"timestamp":"2026-09-07T09:07:58.597Z","url":"/api/auth/register"}
{"duration":"273ms","ip":"::ffff:127.0.0.1","level":"info","message":"HTTP Request","method":"POST","statusCode":200,"timestamp":"2026-09-07T09:07:58.875Z","url":"/api/auth/login"}
{"duration":"76ms","ip":"::ffff:127.0.0.1","level":"info","message":"HTTP Request","method":"GET","statusCode":200,"timestamp":"2026-09-07T09:07:58.955Z","url":"/api/dashboard"}
{"duration":"277ms","ip":"::ffff:127.0.0.1","level":"info","message":"HTTP Request","method":"POST","statusCode":201,"timestamp":"2026-09-07T09:07:59.246Z","url":"/api/auth/register"}
{"duration":"269ms","ip":"::ffff:127.0.0.1","level":"info","message":"HTTP Request","method":"POST","statusCode":200,"timestamp":"2026-09-07T09:07:59.544Z","url":"/api/auth/login"}
{"duration":"10ms","ip":"::ffff:127.0.0.1","level":"info","message":"HTTP Request","method":"POST","statusCode":201,"timestamp":"2026-09-07T09:07:59.559Z","url":"/api/categories"}
{"duration":"9ms","ip":"::ffff:127.0.0.1","level":"info","message":"HTTP Request","method":"POST","statusCode":201,"timestamp":"2026-09-07T09:07:59.572Z","url":"/api/transactions"}
{"duration":"5ms","ip":"::ffff:127.0.0.1","level":"info","message":"HTTP Request","method":"GET","statusCode":200,"timestamp":"2026-09-07T09:07:59.581Z","url":"/api/dashboard"}
{"duration":"562ms","ip":"::1","level":"info","message":"HTTP Request","method":"POST","statusCode":201,"timestamp":"2026-09-07T10:30:45.947Z","url":"/api/auth/register"}
{"duration":"246ms","ip":"::1","level":"info","message":"HTTP Request","method":"POST","statusCode":401,"timestamp":"2026-09-07T10:30:58.116Z","url":"/api/auth/login"}
{"duration":"349ms","ip":"::1","level":"info","message":"HTTP Request","method":"POST","statusCode":200,"timestamp":"2026-09-07T10:31:10.912Z","url":"/api/auth/login"}
{"duration":"6ms","ip":"::1","level":"info","message":"HTTP Request","method":"GET","statusCode":200,"timestamp":"2026-09-07T10:31:10.923Z","url":"/api/auth/me"}
{"duration":"23ms","ip":"::1","level":"info","message":"HTTP Request","method":"GET","statusCode":200,"timestamp":"2026-09-07T10:31:10.995Z","url":"/api/users/me/settings"}
{"duration":"60ms","ip":"::1","level":"info","message":"HTTP Request","method":"GET","statusCode":200,"timestamp":"2026-09-07T10:31:11.036Z","url":"/api/categories"}
{"duration":"189ms","ip":"::1","level":"info","message":"HTTP Request","method":"GET","statusCode":200,"timestamp":"2026-09-07T10:31:11.164Z","url":"/api/dashboard"}
{"duration":"70ms","ip":"::1","level":"info","message":"HTTP Request","method":"GET","statusCode":200,"timestamp":"2026-09-07T10:31:45.586Z","url":"/api/transactions?page=1&limit=10"}
{"duration":"134ms","ip":"::1","level":"info","message":"HTTP Request","method":"POST","statusCode":401,"timestamp":"2026-09-08T07:08:54.845Z","url":"/api/auth/login"}
{"duration":"2ms","ip":"::1","level":"info","message":"HTTP Request","method":"POST","statusCode":401,"timestamp":"2026-09-08T07:08:58.248Z","url":"/api/auth/login"}
{"duration":"145ms","ip":"::1","level":"info","message":"HTTP Request","method":"POST","statusCode":401,"timestamp":"2026-09-08T07:09:09.108Z","url":"/api/auth/login"}
{"duration":"289ms","ip":"::1","level":"info","message":"HTTP Request","method":"POST","statusCode":201,"timestamp":"2026-09-08T07:09:31.803Z","url":"/api/auth/register"}
{"duration":"211ms","ip":"::1","level":"info","message":"HTTP Request","method":"POST","statusCode":200,"timestamp":"2026-09-08T07:09:37.449Z","url":"/api/auth/login"}
{"duration":"7ms","ip":"::1","level":"info","message":"HTTP Request","method":"GET","statusCode":200,"timestamp":"2026-09-08T07:09:37.461Z","url":"/api/auth/me"}
{"duration":"31ms","ip":"::1","level":"info","message":"HTTP Request","method":"GET","statusCode":200,"timestamp":"2026-09-08T07:09:37.529Z","url":"/api/users/me/settings"}
{"duration":"149ms","ip":"::1","level":"info","message":"HTTP Request","method":"GET","statusCode":304,"timestamp":"2026-09-08T07:09:37.651Z","url":"/api/categories"}
{"duration":"195ms","ip":"::1","level":"info","message":"HTTP Request","method":"GET","statusCode":304,"timestamp":"2026-09-08T07:09:37.695Z","url":"/api/dashboard"}
{"duration":"179ms","ip":"::1","level":"info","message":"HTTP Request","method":"GET","statusCode":304,"timestamp":"2026-09-08T07:11:15.250Z","url":"/api/dashboard"}
{"duration":"97ms","ip":"::1","level":"info","message":"HTTP Request","method":"GET","statusCode":304,"timestamp":"2026-09-08T07:18:13.383Z","url":"/api/categories"}
{"duration":"158ms","ip":"::1","level":"info","message":"HTTP Request","method":"GET","statusCode":304,"timestamp":"2026-09-08T07:18:13.448Z","url":"/api/transactions?page=1&limit=10"}
{"duration":"188ms","ip":"::1","level":"info","message":"HTTP Request","method":"GET","statusCode":304,"timestamp":"2026-09-08T07:24:14.703Z","url":"/api/auth/me"}
{"duration":"26ms","ip":"::1","level":"info","message":"HTTP Request","method":"GET","statusCode":304,"timestamp":"2026-09-08T07:24:14.777Z","url":"/api/transactions?page=1&limit=10"}
{"duration":"53ms","ip":"::1","level":"info","message":"HTTP Request","method":"GET","statusCode":304,"timestamp":"2026-09-08T07:24:14.807Z","url":"/api/users/me/settings"}
{"duration":"61ms","ip":"::1","level":"info","message":"HTTP Request","method":"GET","statusCode":200,"timestamp":"2026-09-08T07:24:14.818Z","url":"/api/categories"}
{"duration":"73ms","ip":"::1","level":"info","message":"HTTP Request","method":"GET","statusCode":304,"timestamp":"2026-09-08T07:24:21.594Z","url":"/api/dashboard"}
{"duration":"182ms","ip":"::1","level":"info","message":"HTTP Request","method":"POST","statusCode":201,"timestamp":"2026-09-08T07:25:20.834Z","url":"/api/transactions"}
{"duration":"5ms","ip":"::1","level":"info","message":"HTTP Request","method":"GET","statusCode":200,"timestamp":"2026-09-08T07:25:20.846Z","url":"/api/transactions?page=1&limit=10"}
{"duration":"150ms","ip":"::1","level":"info","message":"HTTP Request","method":"GET","statusCode":200,"timestamp":"2026-09-08T07:25:22.970Z","url":"/api/dashboard"}
{"duration":"150ms","ip":"::1","level":"info","message":"HTTP Request","method":"POST","statusCode":201,"timestamp":"2026-09-08T07:26:01.941Z","url":"/api/transactions"}
{"duration":"8ms","ip":"::1","level":"info","message":"HTTP Request","method":"GET","statusCode":200,"timestamp":"2026-09-08T07:26:01.954Z","url":"/api/transactions?page=1&limit=10"}
{"duration":"143ms","ip":"::1","level":"info","message":"HTTP Request","method":"GET","statusCode":200,"timestamp":"2026-09-08T07:26:03.303Z","url":"/api/dashboard"}
{"duration":"43ms","ip":"::1","level":"info","message":"HTTP Request","method":"POST","statusCode":201,"timestamp":"2026-09-08T07:26:35.676Z","url":"/api/transactions"}
{"duration":"7ms","ip":"::1","level":"info","message":"HTTP Request","method":"GET","statusCode":200,"timestamp":"2026-09-08T07:26:35.688Z","url":"/api/transactions?page=1&limit=10"}
{"duration":"145ms","ip":"::1","level":"info","message":"HTTP Request","method":"GET","statusCode":200,"timestamp":"2026-09-08T07:26:37.672Z","url":"/api/dashboard"}
{"duration":"168ms","ip":"::1","level":"info","message":"HTTP Request","method":"POST","statusCode":201,"timestamp":"2026-09-08T07:27:40.300Z","url":"/api/transactions"}
{"duration":"5ms","ip":"::1","level":"info","message":"HTTP Request","method":"GET","statusCode":200,"timestamp":"2026-09-08T07:27:40.314Z","url":"/api/transactions?page=1&limit=10"}
{"duration":"157ms","ip":"::1","level":"info","message":"HTTP Request","method":"GET","statusCode":200,"timestamp":"2026-09-08T07:27:42.057Z","url":"/api/dashboard"}
{"duration":"34ms","ip":"::1","level":"info","message":"HTTP Request","method":"GET","statusCode":200,"timestamp":"2026-09-08T07:27:54.348Z","url":"/api/users/me"}
{"duration":"3236ms","ip":"::1","level":"info","message":"HTTP Request","method":"POST","statusCode":200,"timestamp":"2026-09-08T07:28:09.221Z","url":"/api/users/me/profile-picture"}
{"duration":"3ms","ip":"::1","level":"info","message":"HTTP Request","method":"GET","statusCode":200,"timestamp":"2026-09-08T07:28:09.231Z","url":"/api/auth/me"}
{"duration":"39ms","ip":"::1","level":"info","message":"HTTP Request","method":"POST","statusCode":201,"timestamp":"2026-09-08T07:28:44.569Z","url":"/api/categories"}
{"duration":"4ms","ip":"::1","level":"info","message":"HTTP Request","method":"GET","statusCode":200,"timestamp":"2026-09-08T07:28:44.576Z","url":"/api/categories"}
{"duration":"284ms","ip":"::1","level":"info","message":"HTTP Request","method":"GET","statusCode":304,"timestamp":"2026-09-08T07:28:44.857Z","url":"/api/dashboard"}
{"duration":"9ms","ip":"::1","level":"info","message":"HTTP Request","method":"GET","statusCode":304,"timestamp":"2026-09-08T07:28:49.452Z","url":"/api/transactions?page=1&limit=10"}
{"duration":"33ms","ip":"::1","level":"info","message":"HTTP Request","method":"POST","statusCode":201,"timestamp":"2026-09-08T07:29:10.830Z","url":"/api/transactions"}
{"duration":"4ms","ip":"::1","level":"info","message":"HTTP Request","method":"GET","statusCode":200,"timestamp":"2026-09-08T07:29:10.838Z","url":"/api/transactions?page=1&limit=10"}
{"duration":"134ms","ip":"::1","level":"info","message":"HTTP Request","method":"POST","statusCode":201,"timestamp":"2026-09-08T07:29:35.121Z","url":"/api/transactions"}
{"duration":"7ms","ip":"::1","level":"info","message":"HTTP Request","method":"GET","statusCode":200,"timestamp":"2026-09-08T07:29:35.133Z","url":"/api/transactions?page=1&limit=10"}
{"duration":"8ms","ip":"::1","level":"info","message":"HTTP Request","method":"GET","statusCode":304,"timestamp":"2026-09-08T07:29:35.164Z","url":"/api/users/me/settings"}
{"duration":"37ms","ip":"::1","level":"info","message":"HTTP Request","method":"POST","statusCode":201,"timestamp":"2026-09-08T07:30:22.721Z","url":"/api/transactions"}
{"duration":"5ms","ip":"::1","level":"info","message":"HTTP Request","method":"GET","statusCode":200,"timestamp":"2026-09-08T07:30:22.730Z","url":"/api/transactions?page=1&limit=10"}
{"duration":"55ms","ip":"::1","level":"info","message":"HTTP Request","method":"GET","statusCode":200,"timestamp":"2026-09-08T07:30:24.373Z","url":"/api/dashboard"}
{"duration":"44ms","ip":"::1","level":"info","message":"HTTP Request","method":"DELETE","statusCode":200,"timestamp":"2026-09-08T07:30:38.510Z","url":"/api/categories/b10c8ad7-6baf-4ade-9d0a-78292d1d4013"}
{"duration":"3ms","ip":"::1","level":"info","message":"HTTP Request","method":"GET","statusCode":200,"timestamp":"2026-09-08T07:30:38.518Z","url":"/api/categories"}
{"duration":"162ms","ip":"::1","level":"info","message":"HTTP Request","method":"GET","statusCode":200,"timestamp":"2026-09-08T07:30:38.678Z","url":"/api/dashboard"}
{"duration":"140ms","ip":"::1","level":"info","message":"HTTP Request","method":"GET","statusCode":200,"timestamp":"2026-09-08T07:30:59.703Z","url":"/api/transactions?page=1&limit=10"}
{"duration":"30ms","ip":"::1","level":"info","message":"HTTP Request","method":"POST","statusCode":201,"timestamp":"2026-09-08T07:31:31.232Z","url":"/api/categories"}
{"duration":"2ms","ip":"::1","level":"info","message":"HTTP Request","method":"GET","statusCode":200,"timestamp":"2026-09-08T07:31:31.238Z","url":"/api/categories"}
{"duration":"159ms","ip":"::1","level":"info","message":"HTTP Request","method":"GET","statusCode":304,"timestamp":"2026-09-08T07:31:31.396Z","url":"/api/dashboard"}
{"duration":"8ms","ip":"::1","level":"info","message":"HTTP Request","method":"GET","statusCode":304,"timestamp":"2026-09-08T07:31:34.120Z","url":"/api/transactions?page=1&limit=10"}
{"duration":"33ms","ip":"::1","level":"info","message":"HTTP Request","method":"POST","statusCode":201,"timestamp":"2026-09-08T07:31:53.863Z","url":"/api/transactions"}
{"duration":"4ms","ip":"::1","level":"info","message":"HTTP Request","method":"GET","statusCode":200,"timestamp":"2026-09-08T07:31:53.871Z","url":"/api/transactions?page=1&limit=10"}
{"duration":"32ms","ip":"::1","level":"info","message":"HTTP Request","method":"POST","statusCode":201,"timestamp":"2026-09-08T07:32:11.285Z","url":"/api/transactions"}
{"duration":"7ms","ip":"::1","level":"info","message":"HTTP Request","method":"GET","statusCode":200,"timestamp":"2026-09-08T07:32:11.296Z","url":"/api/transactions?page=1&limit=10"}
{"duration":"30ms","ip":"::1","level":"info","message":"HTTP Request","method":"POST","statusCode":201,"timestamp":"2026-09-08T07:32:29.019Z","url":"/api/transactions"}
{"duration":"5ms","ip":"::1","level":"info","message":"HTTP Request","method":"GET","statusCode":200,"timestamp":"2026-09-08T07:32:29.027Z","url":"/api/transactions?page=1&limit=10"}
{"duration":"146ms","ip":"::1","level":"info","message":"HTTP Request","method":"GET","statusCode":200,"timestamp":"2026-09-08T07:32:32.921Z","url":"/api/dashboard"}
{"duration":"11ms","ip":"::1","level":"info","message":"HTTP Request","method":"PATCH","statusCode":200,"timestamp":"2026-09-08T07:32:39.736Z","url":"/api/categories/6114c145-f3ce-4b2e-9788-12b03064271a"}
{"duration":"3ms","ip":"::1","level":"info","message":"HTTP Request","method":"GET","statusCode":200,"timestamp":"2026-09-08T07:32:39.746Z","url":"/api/categories"}
{"duration":"6ms","ip":"::1","level":"info","message":"HTTP Request","method":"GET","statusCode":304,"timestamp":"2026-09-08T07:32:39.750Z","url":"/api/dashboard"}
{"duration":"56ms","ip":"::1","level":"info","message":"HTTP Request","method":"GET","statusCode":304,"timestamp":"2026-09-08T07:33:21.932Z","url":"/api/transactions?page=1&limit=10"}
{"duration":"142ms","ip":"::1","level":"info","message":"HTTP Request","method":"GET","statusCode":304,"timestamp":"2026-09-08T07:34:49.241Z","url":"/api/transactions?page=1&limit=10"}
{"duration":"5ms","ip":"::1","level":"info","message":"HTTP Request","method":"GET","statusCode":304,"timestamp":"2026-09-08T07:34:49.257Z","url":"/api/users/me/settings"}
{"duration":"98ms","ip":"::1","level":"info","message":"HTTP Request","method":"GET","statusCode":304,"timestamp":"2026-09-08T07:39:49.657Z","url":"/api/users/me/settings"}
{"duration":"107ms","ip":"::1","level":"info","message":"HTTP Request","method":"GET","statusCode":304,"timestamp":"2026-09-08T07:39:49.658Z","url":"/api/categories"}
{"duration":"276ms","ip":"::1","level":"info","message":"HTTP Request","method":"GET","statusCode":304,"timestamp":"2026-09-08T07:39:49.831Z","url":"/api/dashboard"}
{"duration":"35ms","ip":"::1","level":"info","message":"HTTP Request","method":"GET","statusCode":304,"timestamp":"2026-09-08T07:40:11.330Z","url":"/api/transactions?page=1&limit=10"}
{"duration":"58ms","ip":"::1","level":"info","message":"HTTP Request","method":"GET","statusCode":304,"timestamp":"2026-09-08T07:44:32.347Z","url":"/api/transactions?page=1&limit=10"}
{"duration":"144ms","ip":"::1","level":"info","message":"HTTP Request","method":"GET","statusCode":304,"timestamp":"2026-09-08T07:44:33.386Z","url":"/api/dashboard"}
{"duration":"105ms","ip":"::1","level":"info","message":"HTTP Request","method":"GET","statusCode":304,"timestamp":"2026-09-08T07:48:51.320Z","url":"/api/users/me/settings"}
{"duration":"111ms","ip":"::1","level":"info","message":"HTTP Request","method":"GET","statusCode":304,"timestamp":"2026-09-08T07:48:51.324Z","url":"/api/categories"}
{"duration":"256ms","ip":"::1","level":"info","message":"HTTP Request","method":"GET","statusCode":304,"timestamp":"2026-09-08T07:48:51.461Z","url":"/api/dashboard"}
{"duration":"51ms","ip":"::1","level":"info","message":"HTTP Request","method":"PATCH","statusCode":200,"timestamp":"2026-09-08T07:49:04.639Z","url":"/api/users/me/settings"}
{"duration":"4ms","ip":"::1","level":"info","message":"HTTP Request","method":"PATCH","statusCode":200,"timestamp":"2026-09-08T07:49:07.759Z","url":"/api/users/me/settings"}
{"duration":"141ms","ip":"::1","level":"info","message":"HTTP Request","method":"PATCH","statusCode":200,"timestamp":"2026-09-08T07:49:22.611Z","url":"/api/users/me/settings"}
{"duration":"40ms","ip":"::1","level":"info","message":"HTTP Request","method":"GET","statusCode":304,"timestamp":"2026-09-08T07:49:35.431Z","url":"/api/transactions?page=1&limit=10"}
{"duration":"142ms","ip":"::1","level":"info","message":"HTTP Request","method":"GET","statusCode":304,"timestamp":"2026-09-08T07:51:55.349Z","url":"/api/transactions?page=1&limit=10"}
{"duration":"41ms","ip":"::1","level":"info","message":"HTTP Request","method":"POST","statusCode":201,"timestamp":"2026-09-08T07:52:21.831Z","url":"/api/transactions"}
{"duration":"5ms","ip":"::1","level":"info","message":"HTTP Request","method":"GET","statusCode":200,"timestamp":"2026-09-08T07:52:21.842Z","url":"/api/transactions?page=1&limit=10"}
{"duration":"38ms","ip":"::1","level":"info","message":"HTTP Request","method":"POST","statusCode":201,"timestamp":"2026-09-08T07:52:44.811Z","url":"/api/transactions"}
{"duration":"5ms","ip":"::1","level":"info","message":"HTTP Request","method":"GET","statusCode":200,"timestamp":"2026-09-08T07:52:44.821Z","url":"/api/transactions?page=1&limit=10"}
{"duration":"162ms","ip":"::1","level":"info","message":"HTTP Request","method":"GET","statusCode":200,"timestamp":"2026-09-08T07:52:47.090Z","url":"/api/dashboard"}
{"duration":"41ms","ip":"::1","level":"info","message":"HTTP Request","method":"GET","statusCode":304,"timestamp":"2026-09-08T07:55:34.881Z","url":"/api/auth/me"}
{"duration":"56ms","ip":"::1","level":"info","message":"HTTP Request","method":"GET","statusCode":200,"timestamp":"2026-09-08T07:55:35.193Z","url":"/api/users/me/settings"}
{"duration":"59ms","ip":"::1","level":"info","message":"HTTP Request","method":"GET","statusCode":304,"timestamp":"2026-09-08T07:55:35.194Z","url":"/api/categories"}
{"duration":"175ms","ip":"::1","level":"info","message":"HTTP Request","method":"GET","statusCode":304,"timestamp":"2026-09-08T07:55:35.308Z","url":"/api/dashboard"}
{"duration":"144ms","ip":"::1","level":"info","message":"HTTP Request","method":"GET","statusCode":304,"timestamp":"2026-09-08T07:56:12.958Z","url":"/api/auth/me"}
{"duration":"173ms","ip":"::1","level":"info","message":"HTTP Request","method":"GET","statusCode":304,"timestamp":"2026-09-08T08:00:11.998Z","url":"/api/auth/me"}
{"duration":"94ms","ip":"::1","level":"info","message":"HTTP Request","method":"GET","statusCode":304,"timestamp":"2026-09-08T08:00:12.222Z","url":"/api/categories"}
{"duration":"185ms","ip":"::1","level":"info","message":"HTTP Request","method":"GET","statusCode":304,"timestamp":"2026-09-08T08:00:12.314Z","url":"/api/users/me/settings"}
{"duration":"221ms","ip":"::1","level":"info","message":"HTTP Request","method":"GET","statusCode":200,"timestamp":"2026-09-08T08:00:12.346Z","url":"/api/dashboard"}
{"duration":"247ms","ip":"::ffff:127.0.0.1","level":"info","message":"HTTP Request","method":"POST","statusCode":201,"timestamp":"2026-09-08T08:00:17.017Z","url":"/api/auth/register"}
{"duration":"218ms","ip":"::ffff:127.0.0.1","level":"info","message":"HTTP Request","method":"POST","statusCode":200,"timestamp":"2026-09-08T08:00:17.242Z","url":"/api/auth/login"}
{"duration":"1ms","ip":"::ffff:127.0.0.1","level":"info","message":"HTTP Request","method":"GET","statusCode":401,"timestamp":"2026-09-08T08:00:17.248Z","url":"/api/dashboard"}
{"duration":"244ms","ip":"::ffff:127.0.0.1","level":"info","message":"HTTP Request","method":"POST","statusCode":201,"timestamp":"2026-09-08T08:00:17.500Z","url":"/api/auth/register"}
{"duration":"217ms","ip":"::ffff:127.0.0.1","level":"info","message":"HTTP Request","method":"POST","statusCode":200,"timestamp":"2026-09-08T08:00:17.720Z","url":"/api/auth/login"}
{"duration":"160ms","ip":"::ffff:127.0.0.1","level":"info","message":"HTTP Request","method":"GET","statusCode":200,"timestamp":"2026-09-08T08:00:17.883Z","url":"/api/dashboard"}
{"duration":"220ms","ip":"::ffff:127.0.0.1","level":"info","message":"HTTP Request","method":"POST","statusCode":201,"timestamp":"2026-09-08T08:00:18.113Z","url":"/api/auth/register"}
{"duration":"216ms","ip":"::ffff:127.0.0.1","level":"info","message":"HTTP Request","method":"POST","statusCode":200,"timestamp":"2026-09-08T08:00:18.332Z","url":"/api/auth/login"}
{"duration":"11ms","ip":"::ffff:127.0.0.1","level":"info","message":"HTTP Request","method":"POST","statusCode":201,"timestamp":"2026-09-08T08:00:18.346Z","url":"/api/categories"}
{"duration":"8ms","ip":"::ffff:127.0.0.1","level":"info","message":"HTTP Request","method":"POST","statusCode":201,"timestamp":"2026-09-08T08:00:18.358Z","url":"/api/transactions"}
{"duration":"4ms","ip":"::ffff:127.0.0.1","level":"info","message":"HTTP Request","method":"GET","statusCode":200,"timestamp":"2026-09-08T08:00:18.367Z","url":"/api/dashboard"}
{"duration":"37ms","ip":"::1","level":"info","message":"HTTP Request","method":"GET","statusCode":401,"timestamp":"2026-09-08T08:00:22.548Z","url":"/api/transactions?page=1&limit=10"}
{"duration":"73ms","ip":"::1","level":"info","message":"HTTP Request","method":"POST","statusCode":401,"timestamp":"2026-09-08T08:00:59.834Z","url":"/api/auth/login"}
{"duration":"255ms","ip":"::1","level":"info","message":"HTTP Request","method":"POST","statusCode":201,"timestamp":"2026-09-08T08:01:18.781Z","url":"/api/auth/register"}
{"duration":"208ms","ip":"::1","level":"info","message":"HTTP Request","method":"POST","statusCode":200,"timestamp":"2026-09-08T08:01:25.629Z","url":"/api/auth/login"}
{"duration":"4ms","ip":"::1","level":"info","message":"HTTP Request","method":"GET","statusCode":200,"timestamp":"2026-09-08T08:01:25.638Z","url":"/api/auth/me"}
{"duration":"20ms","ip":"::1","level":"info","message":"HTTP Request","method":"GET","statusCode":200,"timestamp":"2026-09-08T08:01:25.693Z","url":"/api/users/me/settings"}
{"duration":"53ms","ip":"::1","level":"info","message":"HTTP Request","method":"GET","statusCode":200,"timestamp":"2026-09-08T08:01:25.730Z","url":"/api/categories"}
{"duration":"297ms","ip":"::1","level":"info","message":"HTTP Request","method":"GET","statusCode":200,"timestamp":"2026-09-08T08:01:25.972Z","url":"/api/dashboard"}
{"duration":"16ms","ip":"::1","level":"info","message":"HTTP Request","method":"GET","statusCode":200,"timestamp":"2026-09-08T08:01:28.477Z","url":"/api/transactions?page=1&limit=10"}
{"duration":"146ms","ip":"::1","level":"info","message":"HTTP Request","method":"GET","statusCode":304,"timestamp":"2026-09-08T08:02:20.145Z","url":"/api/auth/me"}
{"duration":"11ms","ip":"::1","level":"info","message":"HTTP Request","method":"GET","statusCode":200,"timestamp":"2026-09-08T08:02:20.224Z","url":"/api/categories"}
{"duration":"48ms","ip":"::1","level":"info","message":"HTTP Request","method":"GET","statusCode":304,"timestamp":"2026-09-08T08:02:20.264Z","url":"/api/users/me/settings"}
{"duration":"193ms","ip":"::1","level":"info","message":"HTTP Request","method":"GET","statusCode":304,"timestamp":"2026-09-08T08:02:20.407Z","url":"/api/dashboard"}
{"duration":"156ms","ip":"::1","level":"info","message":"HTTP Request","method":"GET","statusCode":304,"timestamp":"2026-09-08T08:04:05.933Z","url":"/api/transactions?page=1&limit=10"}
{"duration":"146ms","ip":"::1","level":"info","message":"HTTP Request","method":"GET","statusCode":304,"timestamp":"2026-09-08T08:04:08.412Z","url":"/api/dashboard"}
{"duration":"209ms","ip":"::1","level":"info","message":"HTTP Request","method":"GET","statusCode":304,"timestamp":"2026-09-08T08:11:50.758Z","url":"/api/auth/me"}
{"duration":"10ms","ip":"::1","level":"info","message":"HTTP Request","method":"GET","statusCode":304,"timestamp":"2026-09-08T08:11:51.098Z","url":"/api/users/me/settings"}
{"duration":"429ms","ip":"::ffff:127.0.0.1","level":"info","message":"HTTP Request","method":"POST","statusCode":201,"timestamp":"2026-09-08T08:34:32.055Z","url":"/api/auth/register"}
{"duration":"371ms","ip":"::ffff:127.0.0.1","level":"info","message":"HTTP Request","method":"POST","statusCode":200,"timestamp":"2026-09-08T08:34:32.443Z","url":"/api/auth/login"}
{"duration":"33ms","ip":"::ffff:127.0.0.1","level":"info","message":"HTTP Request","method":"POST","statusCode":201,"timestamp":"2026-09-08T08:34:32.483Z","url":"/api/categories"}
{"duration":"14ms","ip":"::ffff:127.0.0.1","level":"info","message":"HTTP Request","method":"GET","statusCode":200,"timestamp":"2026-09-08T08:34:32.503Z","url":"/api/users/me/settings"}
{"duration":"11ms","ip":"::ffff:127.0.0.1","level":"info","message":"HTTP Request","method":"PATCH","statusCode":200,"timestamp":"2026-09-08T08:34:32.520Z","url":"/api/users/me/settings"}
{"duration":"29ms","ip":"::ffff:127.0.0.1","level":"info","message":"HTTP Request","method":"POST","statusCode":201,"timestamp":"2026-09-08T08:34:32.556Z","url":"/api/budgets"}
{"duration":"11ms","ip":"::ffff:127.0.0.1","level":"info","message":"HTTP Request","method":"POST","statusCode":201,"timestamp":"2026-09-08T08:34:32.574Z","url":"/api/transactions"}
{"duration":"358ms","ip":"::ffff:127.0.0.1","level":"info","message":"HTTP Request","method":"POST","statusCode":201,"timestamp":"2026-09-08T08:34:33.131Z","url":"/api/auth/register"}
{"duration":"355ms","ip":"::ffff:127.0.0.1","level":"info","message":"HTTP Request","method":"POST","statusCode":200,"timestamp":"2026-09-08T08:34:33.492Z","url":"/api/auth/login"}
{"duration":"9ms","ip":"::ffff:127.0.0.1","level":"info","message":"HTTP Request","method":"POST","statusCode":201,"timestamp":"2026-09-08T08:34:33.508Z","url":"/api/categories"}
{"duration":"8ms","ip":"::ffff:127.0.0.1","level":"info","message":"HTTP Request","method":"GET","statusCode":200,"timestamp":"2026-09-08T08:34:33.521Z","url":"/api/users/me/settings"}
{"duration":"5ms","ip":"::ffff:127.0.0.1","level":"info","message":"HTTP Request","method":"PATCH","statusCode":200,"timestamp":"2026-09-08T08:34:33.533Z","url":"/api/users/me/settings"}
{"duration":"9ms","ip":"::ffff:127.0.0.1","level":"info","message":"HTTP Request","method":"POST","statusCode":201,"timestamp":"2026-09-08T08:34:33.549Z","url":"/api/budgets"}
{"duration":"5ms","ip":"::ffff:127.0.0.1","level":"info","message":"HTTP Request","method":"PATCH","statusCode":200,"timestamp":"2026-09-08T08:34:33.560Z","url":"/api/users/me/settings"}
{"duration":"8ms","ip":"::ffff:127.0.0.1","level":"info","message":"HTTP Request","method":"POST","statusCode":201,"timestamp":"2026-09-08T08:34:33.573Z","url":"/api/transactions"}
{"duration":"290ms","ip":"::ffff:127.0.0.1","level":"info","message":"HTTP Request","method":"POST","statusCode":201,"timestamp":"2026-09-08T08:34:34.649Z","url":"/api/auth/register"}
{"duration":"268ms","ip":"::ffff:127.0.0.1","level":"info","message":"HTTP Request","method":"POST","statusCode":200,"timestamp":"2026-09-08T08:34:34.922Z","url":"/api/auth/login"}
{"duration":"0ms","ip":"::ffff:127.0.0.1","level":"info","message":"HTTP Request","method":"GET","statusCode":401,"timestamp":"2026-09-08T08:34:34.926Z","url":"/api/users/me/settings"}
{"duration":"284ms","ip":"::ffff:127.0.0.1","level":"info","message":"HTTP Request","method":"POST","statusCode":201,"timestamp":"2026-09-08T08:34:35.218Z","url":"/api/auth/register"}
{"duration":"270ms","ip":"::ffff:127.0.0.1","level":"info","message":"HTTP Request","method":"POST","statusCode":200,"timestamp":"2026-09-08T08:34:35.495Z","url":"/api/auth/login"}
{"duration":"7ms","ip":"::ffff:127.0.0.1","level":"info","message":"HTTP Request","method":"GET","statusCode":200,"timestamp":"2026-09-08T08:34:35.506Z","url":"/api/users/me/settings"}
{"duration":"274ms","ip":"::ffff:127.0.0.1","level":"info","message":"HTTP Request","method":"POST","statusCode":201,"timestamp":"2026-09-08T08:34:35.787Z","url":"/api/auth/register"}
{"duration":"272ms","ip":"::ffff:127.0.0.1","level":"info","message":"HTTP Request","method":"POST","statusCode":200,"timestamp":"2026-09-08T08:34:36.064Z","url":"/api/auth/login"}
{"duration":"5ms","ip":"::ffff:127.0.0.1","level":"info","message":"HTTP Request","method":"GET","statusCode":200,"timestamp":"2026-09-08T08:34:36.074Z","url":"/api/users/me/settings"}
{"duration":"4ms","ip":"::ffff:127.0.0.1","level":"info","message":"HTTP Request","method":"PATCH","statusCode":200,"timestamp":"2026-09-08T08:34:36.081Z","url":"/api/users/me/settings"}
{"duration":"271ms","ip":"::ffff:127.0.0.1","level":"info","message":"HTTP Request","method":"POST","statusCode":201,"timestamp":"2026-09-08T08:34:36.360Z","url":"/api/auth/register"}
{"duration":"270ms","ip":"::ffff:127.0.0.1","level":"info","message":"HTTP Request","method":"POST","statusCode":200,"timestamp":"2026-09-08T08:34:36.633Z","url":"/api/auth/login"}
{"duration":"2ms","ip":"::ffff:127.0.0.1","level":"info","message":"HTTP Request","method":"PATCH","statusCode":400,"timestamp":"2026-09-08T08:34:36.639Z","url":"/api/users/me/settings"}
{"duration":"273ms","ip":"::ffff:127.0.0.1","level":"info","message":"HTTP Request","method":"POST","statusCode":201,"timestamp":"2026-09-08T08:34:36.919Z","url":"/api/auth/register"}
{"duration":"275ms","ip":"::ffff:127.0.0.1","level":"info","message":"HTTP Request","method":"POST","statusCode":200,"timestamp":"2026-09-08T08:34:37.198Z","url":"/api/auth/login"}
{"duration":"5ms","ip":"::ffff:127.0.0.1","level":"info","message":"HTTP Request","method":"GET","statusCode":200,"timestamp":"2026-09-08T08:34:37.206Z","url":"/api/users/me/settings"}
{"duration":"3ms","ip":"::ffff:127.0.0.1","level":"info","message":"HTTP Request","method":"PATCH","statusCode":200,"timestamp":"2026-09-08T08:34:37.211Z","url":"/api/users/me/settings"}
{"duration":"2ms","ip":"::ffff:127.0.0.1","level":"info","message":"HTTP Request","method":"GET","statusCode":200,"timestamp":"2026-09-08T08:34:37.216Z","url":"/api/users/me/settings"}
{"duration":"2ms","ip":"::ffff:127.0.0.1","level":"info","message":"HTTP Request","method":"PATCH","statusCode":400,"timestamp":"2026-09-08T08:34:37.221Z","url":"/api/users/me/settings"}
{"duration":"278ms","ip":"::ffff:127.0.0.1","level":"info","message":"HTTP Request","method":"POST","statusCode":201,"timestamp":"2026-09-08T08:34:37.506Z","url":"/api/auth/register"}
{"duration":"270ms","ip":"::ffff:127.0.0.1","level":"info","message":"HTTP Request","method":"POST","statusCode":200,"timestamp":"2026-09-08T08:34:37.779Z","url":"/api/auth/login"}
{"duration":"4ms","ip":"::ffff:127.0.0.1","level":"info","message":"HTTP Request","method":"PATCH","statusCode":400,"timestamp":"2026-09-08T08:34:37.787Z","url":"/api/users/me/settings"}
{"duration":"2ms","ip":"::ffff:127.0.0.1","level":"info","message":"HTTP Request","method":"PATCH","statusCode":400,"timestamp":"2026-09-08T08:34:37.794Z","url":"/api/users/me/settings"}
{"duration":"276ms","ip":"::ffff:127.0.0.1","level":"info","message":"HTTP Request","method":"POST","statusCode":201,"timestamp":"2026-09-08T08:34:38.079Z","url":"/api/auth/register"}
{"duration":"271ms","ip":"::ffff:127.0.0.1","level":"info","message":"HTTP Request","method":"POST","statusCode":200,"timestamp":"2026-09-08T08:34:38.355Z","url":"/api/auth/login"}
{"duration":"5ms","ip":"::ffff:127.0.0.1","level":"info","message":"HTTP Request","method":"POST","statusCode":201,"timestamp":"2026-09-08T08:34:38.364Z","url":"/api/users/me/settings"}
{"duration":"121ms","ip":"::ffff:127.0.0.1","level":"info","message":"HTTP Request","method":"POST","statusCode":409,"timestamp":"2026-09-08T08:34:38.488Z","url":"/api/users/me/settings"}
{"duration":"272ms","ip":"::ffff:127.0.0.1","level":"info","message":"HTTP Request","method":"POST","statusCode":201,"timestamp":"2026-09-08T08:34:38.971Z","url":"/api/auth/register"}
{"duration":"273ms","ip":"::ffff:127.0.0.1","level":"info","message":"HTTP Request","method":"POST","statusCode":200,"timestamp":"2026-09-08T08:34:39.248Z","url":"/api/auth/login"}
{"duration":"6ms","ip":"::ffff:127.0.0.1","level":"info","message":"HTTP Request","method":"PATCH","statusCode":404,"timestamp":"2026-09-08T08:34:39.260Z","url":"/api/users/me/settings"}
{"duration":"414ms","ip":"::ffff:127.0.0.1","level":"info","message":"HTTP Request","method":"POST","statusCode":201,"timestamp":"2026-09-08T08:35:02.762Z","url":"/api/auth/register"}
{"duration":"368ms","ip":"::ffff:127.0.0.1","level":"info","message":"HTTP Request","method":"POST","statusCode":200,"timestamp":"2026-09-08T08:35:03.152Z","url":"/api/auth/login"}
{"duration":"34ms","ip":"::ffff:127.0.0.1","level":"info","message":"HTTP Request","method":"POST","statusCode":201,"timestamp":"2026-09-08T08:35:03.194Z","url":"/api/categories"}
{"duration":"12ms","ip":"::ffff:127.0.0.1","level":"info","message":"HTTP Request","method":"GET","statusCode":200,"timestamp":"2026-09-08T08:35:03.211Z","url":"/api/users/me/settings"}
{"duration":"12ms","ip":"::ffff:127.0.0.1","level":"info","message":"HTTP Request","method":"PATCH","statusCode":200,"timestamp":"2026-09-08T08:35:03.227Z","url":"/api/users/me/settings"}
{"duration":"23ms","ip":"::ffff:127.0.0.1","level":"info","message":"HTTP Request","method":"POST","statusCode":201,"timestamp":"2026-09-08T08:35:03.255Z","url":"/api/budgets"}
{"duration":"8ms","ip":"::ffff:127.0.0.1","level":"info","message":"HTTP Request","method":"POST","statusCode":201,"timestamp":"2026-09-08T08:35:03.269Z","url":"/api/transactions"}
{"duration":"6ms","ip":"::ffff:127.0.0.1","level":"info","message":"HTTP Request","method":"POST","statusCode":201,"timestamp":"2026-09-08T08:35:03.349Z","url":"/api/transactions"}
{"duration":"356ms","ip":"::ffff:127.0.0.1","level":"info","message":"HTTP Request","method":"POST","statusCode":201,"timestamp":"2026-09-08T08:35:03.890Z","url":"/api/auth/register"}
{"duration":"352ms","ip":"::ffff:127.0.0.1","level":"info","message":"HTTP Request","method":"POST","statusCode":200,"timestamp":"2026-09-08T08:35:04.248Z","url":"/api/auth/login"}
{"duration":"5ms","ip":"::ffff:127.0.0.1","level":"info","message":"HTTP Request","method":"POST","statusCode":201,"timestamp":"2026-09-08T08:35:04.258Z","url":"/api/categories"}
{"duration":"5ms","ip":"::ffff:127.0.0.1","level":"info","message":"HTTP Request","method":"GET","statusCode":200,"timestamp":"2026-09-08T08:35:04.267Z","url":"/api/users/me/settings"}
{"duration":"4ms","ip":"::ffff:127.0.0.1","level":"info","message":"HTTP Request","method":"PATCH","statusCode":200,"timestamp":"2026-09-08T08:35:04.276Z","url":"/api/users/me/settings"}
{"duration":"7ms","ip":"::ffff:127.0.0.1","level":"info","message":"HTTP Request","method":"POST","statusCode":201,"timestamp":"2026-09-08T08:35:04.286Z","url":"/api/budgets"}
{"duration":"4ms","ip":"::ffff:127.0.0.1","level":"info","message":"HTTP Request","method":"PATCH","statusCode":200,"timestamp":"2026-09-08T08:35:04.295Z","url":"/api/users/me/settings"}
{"duration":"7ms","ip":"::ffff:127.0.0.1","level":"info","message":"HTTP Request","method":"POST","statusCode":201,"timestamp":"2026-09-08T08:35:04.305Z","url":"/api/transactions"}
{"duration":"376ms","ip":"::ffff:127.0.0.1","level":"info","message":"HTTP Request","method":"POST","statusCode":201,"timestamp":"2026-09-08T08:35:06.683Z","url":"/api/auth/register"}
{"duration":"361ms","ip":"::ffff:127.0.0.1","level":"info","message":"HTTP Request","method":"POST","statusCode":200,"timestamp":"2026-09-08T08:35:07.050Z","url":"/api/auth/login"}
{"duration":"1ms","ip":"::ffff:127.0.0.1","level":"info","message":"HTTP Request","method":"GET","statusCode":401,"timestamp":"2026-09-08T08:35:07.062Z","url":"/api/users/me/settings"}
{"duration":"364ms","ip":"::ffff:127.0.0.1","level":"info","message":"HTTP Request","method":"POST","statusCode":201,"timestamp":"2026-09-08T08:35:07.443Z","url":"/api/auth/register"}
{"duration":"366ms","ip":"::ffff:127.0.0.1","level":"info","message":"HTTP Request","method":"POST","statusCode":200,"timestamp":"2026-09-08T08:35:07.814Z","url":"/api/auth/login"}
{"duration":"10ms","ip":"::ffff:127.0.0.1","level":"info","message":"HTTP Request","method":"GET","statusCode":200,"timestamp":"2026-09-08T08:35:07.828Z","url":"/api/users/me/settings"}
{"duration":"359ms","ip":"::ffff:127.0.0.1","level":"info","message":"HTTP Request","method":"POST","statusCode":201,"timestamp":"2026-09-08T08:35:08.196Z","url":"/api/auth/register"}
{"duration":"358ms","ip":"::ffff:127.0.0.1","level":"info","message":"HTTP Request","method":"POST","statusCode":200,"timestamp":"2026-09-08T08:35:08.559Z","url":"/api/auth/login"}
{"duration":"5ms","ip":"::ffff:127.0.0.1","level":"info","message":"HTTP Request","method":"GET","statusCode":200,"timestamp":"2026-09-08T08:35:08.569Z","url":"/api/users/me/settings"}
{"duration":"6ms","ip":"::ffff:127.0.0.1","level":"info","message":"HTTP Request","method":"PATCH","statusCode":200,"timestamp":"2026-09-08T08:35:08.581Z","url":"/api/users/me/settings"}
{"duration":"358ms","ip":"::ffff:127.0.0.1","level":"info","message":"HTTP Request","method":"POST","statusCode":201,"timestamp":"2026-09-08T08:35:08.950Z","url":"/api/auth/register"}
{"duration":"359ms","ip":"::ffff:127.0.0.1","level":"info","message":"HTTP Request","method":"POST","statusCode":200,"timestamp":"2026-09-08T08:35:09.315Z","url":"/api/auth/login"}
{"duration":"4ms","ip":"::ffff:127.0.0.1","level":"info","message":"HTTP Request","method":"PATCH","statusCode":400,"timestamp":"2026-09-08T08:35:09.326Z","url":"/api/users/me/settings"}
{"duration":"359ms","ip":"::ffff:127.0.0.1","level":"info","message":"HTTP Request","method":"POST","statusCode":201,"timestamp":"2026-09-08T08:35:09.694Z","url":"/api/auth/register"}
{"duration":"359ms","ip":"::ffff:127.0.0.1","level":"info","message":"HTTP Request","method":"POST","statusCode":200,"timestamp":"2026-09-08T08:35:10.057Z","url":"/api/auth/login"}
{"duration":"5ms","ip":"::ffff:127.0.0.1","level":"info","message":"HTTP Request","method":"GET","statusCode":200,"timestamp":"2026-09-08T08:35:10.066Z","url":"/api/users/me/settings"}
{"duration":"6ms","ip":"::ffff:127.0.0.1","level":"info","message":"HTTP Request","method":"PATCH","statusCode":200,"timestamp":"2026-09-08T08:35:10.075Z","url":"/api/users/me/settings"}
{"duration":"3ms","ip":"::ffff:127.0.0.1","level":"info","message":"HTTP Request","method":"GET","statusCode":200,"timestamp":"2026-09-08T08:35:10.082Z","url":"/api/users/me/settings"}
{"duration":"1ms","ip":"::ffff:127.0.0.1","level":"info","message":"HTTP Request","method":"PATCH","statusCode":400,"timestamp":"2026-09-08T08:35:10.087Z","url":"/api/users/me/settings"}
{"duration":"372ms","ip":"::ffff:127.0.0.1","level":"info","message":"HTTP Request","method":"POST","statusCode":201,"timestamp":"2026-09-08T08:35:10.471Z","url":"/api/auth/register"}
{"duration":"354ms","ip":"::ffff:127.0.0.1","level":"info","message":"HTTP Request","method":"POST","statusCode":200,"timestamp":"2026-09-08T08:35:10.831Z","url":"/api/auth/login"}
{"duration":"4ms","ip":"::ffff:127.0.0.1","level":"info","message":"HTTP Request","method":"PATCH","statusCode":400,"timestamp":"2026-09-08T08:35:10.843Z","url":"/api/users/me/settings"}
{"duration":"2ms","ip":"::ffff:127.0.0.1","level":"info","message":"HTTP Request","method":"PATCH","statusCode":400,"timestamp":"2026-09-08T08:35:10.850Z","url":"/api/users/me/settings"}
{"duration":"301ms","ip":"::ffff:127.0.0.1","level":"info","message":"HTTP Request","method":"POST","statusCode":201,"timestamp":"2026-09-08T08:35:11.161Z","url":"/api/auth/register"}
{"duration":"279ms","ip":"::ffff:127.0.0.1","level":"info","message":"HTTP Request","method":"POST","statusCode":200,"timestamp":"2026-09-08T08:35:11.444Z","url":"/api/auth/login"}
{"duration":"5ms","ip":"::ffff:127.0.0.1","level":"info","message":"HTTP Request","method":"POST","statusCode":201,"timestamp":"2026-09-08T08:35:11.453Z","url":"/api/users/me/settings"}
{"duration":"121ms","ip":"::ffff:127.0.0.1","level":"info","message":"HTTP Request","method":"POST","statusCode":409,"timestamp":"2026-09-08T08:35:11.581Z","url":"/api/users/me/settings"}
{"duration":"280ms","ip":"::ffff:127.0.0.1","level":"info","message":"HTTP Request","method":"POST","statusCode":201,"timestamp":"2026-09-08T08:35:11.958Z","url":"/api/auth/register"}
{"duration":"269ms","ip":"::ffff:127.0.0.1","level":"info","message":"HTTP Request","method":"POST","statusCode":200,"timestamp":"2026-09-08T08:35:12.231Z","url":"/api/auth/login"}
{"duration":"7ms","ip":"::ffff:127.0.0.1","level":"info","message":"HTTP Request","method":"PATCH","statusCode":404,"timestamp":"2026-09-08T08:35:12.242Z","url":"/api/users/me/settings"}
{"duration":"436ms","ip":"::ffff:127.0.0.1","level":"info","message":"HTTP Request","method":"POST","statusCode":201,"timestamp":"2026-09-08T08:36:29.225Z","url":"/api/auth/register"}
{"duration":"378ms","ip":"::ffff:127.0.0.1","level":"info","message":"HTTP Request","method":"POST","statusCode":200,"timestamp":"2026-09-08T08:36:29.624Z","url":"/api/auth/login"}
{"duration":"31ms","ip":"::ffff:127.0.0.1","level":"info","message":"HTTP Request","method":"POST","statusCode":201,"timestamp":"2026-09-08T08:36:29.661Z","url":"/api/categories"}
{"duration":"1ms","ip":"::ffff:127.0.0.1","level":"info","message":"HTTP Request","method":"GET","statusCode":401,"timestamp":"2026-09-08T08:36:29.667Z","url":"/api/transactions"}
{"duration":"371ms","ip":"::ffff:127.0.0.1","level":"info","message":"HTTP Request","method":"POST","statusCode":201,"timestamp":"2026-09-08T08:36:30.055Z","url":"/api/auth/register"}
{"duration":"357ms","ip":"::ffff:127.0.0.1","level":"info","message":"HTTP Request","method":"POST","statusCode":200,"timestamp":"2026-09-08T08:36:30.417Z","url":"/api/auth/login"}
{"duration":"6ms","ip":"::ffff:127.0.0.1","level":"info","message":"HTTP Request","method":"POST","statusCode":201,"timestamp":"2026-09-08T08:36:30.430Z","url":"/api/categories"}
{"duration":"20ms","ip":"::ffff:127.0.0.1","level":"info","message":"HTTP Request","method":"POST","statusCode":201,"timestamp":"2026-09-08T08:36:30.456Z","url":"/api/transactions"}
{"duration":"389ms","ip":"::ffff:127.0.0.1","level":"info","message":"HTTP Request","method":"POST","statusCode":201,"timestamp":"2026-09-08T08:36:30.860Z","url":"/api/auth/register"}
{"duration":"374ms","ip":"::ffff:127.0.0.1","level":"info","message":"HTTP Request","method":"POST","statusCode":200,"timestamp":"2026-09-08T08:36:31.239Z","url":"/api/auth/login"}
{"duration":"5ms","ip":"::ffff:127.0.0.1","level":"info","message":"HTTP Request","method":"POST","statusCode":201,"timestamp":"2026-09-08T08:36:31.250Z","url":"/api/categories"}
{"duration":"4ms","ip":"::ffff:127.0.0.1","level":"info","message":"HTTP Request","method":"POST","statusCode":400,"timestamp":"2026-09-08T08:36:31.260Z","url":"/api/transactions"}
{"duration":"366ms","ip":"::ffff:127.0.0.1","level":"info","message":"HTTP Request","method":"POST","statusCode":201,"timestamp":"2026-09-08T08:36:31.636Z","url":"/api/auth/register"}
{"duration":"319ms","ip":"::ffff:127.0.0.1","level":"info","message":"HTTP Request","method":"POST","statusCode":200,"timestamp":"2026-09-08T08:36:31.961Z","url":"/api/auth/login"}
{"duration":"5ms","ip":"::ffff:127.0.0.1","level":"info","message":"HTTP Request","method":"POST","statusCode":201,"timestamp":"2026-09-08T08:36:31.972Z","url":"/api/categories"}
{"duration":"3ms","ip":"::ffff:127.0.0.1","level":"info","message":"HTTP Request","method":"POST","statusCode":400,"timestamp":"2026-09-08T08:36:31.979Z","url":"/api/transactions"}
{"duration":"284ms","ip":"::ffff:127.0.0.1","level":"info","message":"HTTP Request","method":"POST","statusCode":201,"timestamp":"2026-09-08T08:36:32.271Z","url":"/api/auth/register"}
{"duration":"282ms","ip":"::ffff:127.0.0.1","level":"info","message":"HTTP Request","method":"POST","statusCode":200,"timestamp":"2026-09-08T08:36:32.558Z","url":"/api/auth/login"}
{"duration":"4ms","ip":"::ffff:127.0.0.1","level":"info","message":"HTTP Request","method":"POST","statusCode":201,"timestamp":"2026-09-08T08:36:32.566Z","url":"/api/categories"}
{"duration":"2ms","ip":"::ffff:127.0.0.1","level":"info","message":"HTTP Request","method":"POST","statusCode":400,"timestamp":"2026-09-08T08:36:32.572Z","url":"/api/transactions"}
{"duration":"278ms","ip":"::ffff:127.0.0.1","level":"info","message":"HTTP Request","method":"POST","statusCode":201,"timestamp":"2026-09-08T08:36:32.859Z","url":"/api/auth/register"}
{"duration":"270ms","ip":"::ffff:127.0.0.1","level":"info","message":"HTTP Request","method":"POST","statusCode":200,"timestamp":"2026-09-08T08:36:33.133Z","url":"/api/auth/login"}
{"duration":"4ms","ip":"::ffff:127.0.0.1","level":"info","message":"HTTP Request","method":"POST","statusCode":201,"timestamp":"2026-09-08T08:36:33.142Z","url":"/api/categories"}
{"duration":"4ms","ip":"::ffff:127.0.0.1","level":"info","message":"HTTP Request","method":"POST","statusCode":201,"timestamp":"2026-09-08T08:36:33.150Z","url":"/api/transactions"}
{"duration":"22ms","ip":"::ffff:127.0.0.1","level":"info","message":"HTTP Request","method":"GET","statusCode":200,"timestamp":"2026-09-08T08:36:33.177Z","url":"/api/transactions?page=1&limit=10"}
{"duration":"286ms","ip":"::ffff:127.0.0.1","level":"info","message":"HTTP Request","method":"POST","statusCode":201,"timestamp":"2026-09-08T08:36:33.473Z","url":"/api/auth/register"}
{"duration":"272ms","ip":"::ffff:127.0.0.1","level":"info","message":"HTTP Request","method":"POST","statusCode":200,"timestamp":"2026-09-08T08:36:33.749Z","url":"/api/auth/login"}
{"duration":"4ms","ip":"::ffff:127.0.0.1","level":"info","message":"HTTP Request","method":"POST","statusCode":201,"timestamp":"2026-09-08T08:36:33.758Z","url":"/api/categories"}
{"duration":"4ms","ip":"::ffff:127.0.0.1","level":"info","message":"HTTP Request","method":"POST","statusCode":201,"timestamp":"2026-09-08T08:36:33.766Z","url":"/api/transactions"}
{"duration":"5ms","ip":"::ffff:127.0.0.1","level":"info","message":"HTTP Request","method":"GET","statusCode":200,"timestamp":"2026-09-08T08:36:33.774Z","url":"/api/transactions/55c04a76-af66-4b6f-ad26-2ec0e1c5a678"}
{"duration":"278ms","ip":"::ffff:127.0.0.1","level":"info","message":"HTTP Request","method":"POST","statusCode":201,"timestamp":"2026-09-08T08:36:34.059Z","url":"/api/auth/register"}
{"duration":"274ms","ip":"::ffff:127.0.0.1","level":"info","message":"HTTP Request","method":"POST","statusCode":200,"timestamp":"2026-09-08T08:36:34.337Z","url":"/api/auth/login"}
{"duration":"4ms","ip":"::ffff:127.0.0.1","level":"info","message":"HTTP Request","method":"POST","statusCode":201,"timestamp":"2026-09-08T08:36:34.345Z","url":"/api/categories"}
{"duration":"2ms","ip":"::ffff:127.0.0.1","level":"info","message":"HTTP Request","method":"GET","statusCode":404,"timestamp":"2026-09-08T08:36:34.350Z","url":"/api/transactions/11111111-1111-4111-8111-111111111111"}
{"duration":"276ms","ip":"::ffff:127.0.0.1","level":"info","message":"HTTP Request","method":"POST","statusCode":201,"timestamp":"2026-09-08T08:36:34.634Z","url":"/api/auth/register"}
{"duration":"275ms","ip":"::ffff:127.0.0.1","level":"info","message":"HTTP Request","method":"POST","statusCode":200,"timestamp":"2026-09-08T08:36:34.913Z","url":"/api/auth/login"}
{"duration":"7ms","ip":"::ffff:127.0.0.1","level":"info","message":"HTTP Request","method":"POST","statusCode":201,"timestamp":"2026-09-08T08:36:34.923Z","url":"/api/categories"}
{"duration":"1ms","ip":"::ffff:127.0.0.1","level":"info","message":"HTTP Request","method":"GET","statusCode":400,"timestamp":"2026-09-08T08:36:34.929Z","url":"/api/transactions/not-a-uuid"}
{"duration":"273ms","ip":"::ffff:127.0.0.1","level":"info","message":"HTTP Request","method":"POST","statusCode":201,"timestamp":"2026-09-08T08:36:35.208Z","url":"/api/auth/register"}
{"duration":"275ms","ip":"::ffff:127.0.0.1","level":"info","message":"HTTP Request","method":"POST","statusCode":200,"timestamp":"2026-09-08T08:36:35.486Z","url":"/api/auth/login"}
{"duration":"14ms","ip":"::ffff:127.0.0.1","level":"info","message":"HTTP Request","method":"POST","statusCode":201,"timestamp":"2026-09-08T08:36:35.509Z","url":"/api/categories"}
{"duration":"5ms","ip":"::ffff:127.0.0.1","level":"info","message":"HTTP Request","method":"POST","statusCode":201,"timestamp":"2026-09-08T08:36:35.520Z","url":"/api/transactions"}
{"duration":"12ms","ip":"::ffff:127.0.0.1","level":"info","message":"HTTP Request","method":"PATCH","statusCode":200,"timestamp":"2026-09-08T08:36:35.537Z","url":"/api/transactions/4dd3c03d-be04-4b30-a8d5-79d0c56bfd43"}
{"duration":"272ms","ip":"::ffff:127.0.0.1","level":"info","message":"HTTP Request","method":"POST","statusCode":201,"timestamp":"2026-09-08T08:36:35.820Z","url":"/api/auth/register"}
{"duration":"274ms","ip":"::ffff:127.0.0.1","level":"info","message":"HTTP Request","method":"POST","statusCode":200,"timestamp":"2026-09-08T08:36:36.099Z","url":"/api/auth/login"}
{"duration":"5ms","ip":"::ffff:127.0.0.1","level":"info","message":"HTTP Request","method":"POST","statusCode":201,"timestamp":"2026-09-08T08:36:36.110Z","url":"/api/categories"}
{"duration":"5ms","ip":"::ffff:127.0.0.1","level":"info","message":"HTTP Request","method":"POST","statusCode":201,"timestamp":"2026-09-08T08:36:36.119Z","url":"/api/transactions"}
{"duration":"7ms","ip":"::ffff:127.0.0.1","level":"info","message":"HTTP Request","method":"DELETE","statusCode":200,"timestamp":"2026-09-08T08:36:36.130Z","url":"/api/transactions/880b52fb-ae5b-4f5b-9f9b-9515a996e295"}
{"duration":"275ms","ip":"::ffff:127.0.0.1","level":"info","message":"HTTP Request","method":"POST","statusCode":201,"timestamp":"2026-09-08T08:36:36.413Z","url":"/api/auth/register"}
{"duration":"268ms","ip":"::ffff:127.0.0.1","level":"info","message":"HTTP Request","method":"POST","statusCode":200,"timestamp":"2026-09-08T08:36:36.684Z","url":"/api/auth/login"}
{"duration":"4ms","ip":"::ffff:127.0.0.1","level":"info","message":"HTTP Request","method":"POST","statusCode":201,"timestamp":"2026-09-08T08:36:36.694Z","url":"/api/categories"}
{"duration":"291ms","ip":"::ffff:127.0.0.1","level":"info","message":"HTTP Request","method":"POST","statusCode":201,"timestamp":"2026-09-08T08:36:36.989Z","url":"/api/auth/register"}
{"duration":"280ms","ip":"::ffff:127.0.0.1","level":"info","message":"HTTP Request","method":"POST","statusCode":200,"timestamp":"2026-09-08T08:36:37.273Z","url":"/api/auth/login"}
{"duration":"6ms","ip":"::ffff:127.0.0.1","level":"info","message":"HTTP Request","method":"POST","statusCode":201,"timestamp":"2026-09-08T08:36:37.283Z","url":"/api/categories"}
{"duration":"5ms","ip":"::ffff:127.0.0.1","level":"info","message":"HTTP Request","method":"POST","statusCode":403,"timestamp":"2026-09-08T08:36:37.293Z","url":"/api/transactions"}
{"duration":"278ms","ip":"::ffff:127.0.0.1","level":"info","message":"HTTP Request","method":"POST","statusCode":201,"timestamp":"2026-09-08T08:36:37.580Z","url":"/api/auth/register"}
{"duration":"273ms","ip":"::ffff:127.0.0.1","level":"info","message":"HTTP Request","method":"POST","statusCode":200,"timestamp":"2026-09-08T08:36:37.857Z","url":"/api/auth/login"}
{"duration":"4ms","ip":"::ffff:127.0.0.1","level":"info","message":"HTTP Request","method":"POST","statusCode":201,"timestamp":"2026-09-08T08:36:37.865Z","url":"/api/categories"}
{"duration":"5ms","ip":"::ffff:127.0.0.1","level":"info","message":"HTTP Request","method":"POST","statusCode":201,"timestamp":"2026-09-08T08:36:37.877Z","url":"/api/transactions"}
{"duration":"281ms","ip":"::ffff:127.0.0.1","level":"info","message":"HTTP Request","method":"POST","statusCode":201,"timestamp":"2026-09-08T08:36:38.161Z","url":"/api/auth/register"}
{"duration":"274ms","ip":"::ffff:127.0.0.1","level":"info","message":"HTTP Request","method":"POST","statusCode":200,"timestamp":"2026-09-08T08:36:38.439Z","url":"/api/auth/login"}
{"duration":"4ms","ip":"::ffff:127.0.0.1","level":"info","message":"HTTP Request","method":"POST","statusCode":201,"timestamp":"2026-09-08T08:36:38.447Z","url":"/api/categories"}
{"duration":"5ms","ip":"::ffff:127.0.0.1","level":"info","message":"HTTP Request","method":"PATCH","statusCode":403,"timestamp":"2026-09-08T08:36:38.455Z","url":"/api/transactions/894a847b-4ed6-43fd-a5c7-0b206b8fcbf9"}
{"duration":"274ms","ip":"::ffff:127.0.0.1","level":"info","message":"HTTP Request","method":"POST","statusCode":201,"timestamp":"2026-09-08T08:36:38.737Z","url":"/api/auth/register"}
{"duration":"284ms","ip":"::ffff:127.0.0.1","level":"info","message":"HTTP Request","method":"POST","statusCode":200,"timestamp":"2026-09-08T08:36:39.025Z","url":"/api/auth/login"}
{"duration":"6ms","ip":"::ffff:127.0.0.1","level":"info","message":"HTTP Request","method":"POST","statusCode":201,"timestamp":"2026-09-08T08:36:39.035Z","url":"/api/categories"}
{"duration":"5ms","ip":"::ffff:127.0.0.1","level":"info","message":"HTTP Request","method":"POST","statusCode":201,"timestamp":"2026-09-08T08:36:39.045Z","url":"/api/transactions"}
{"duration":"627ms","ip":"::ffff:127.0.0.1","level":"info","message":"HTTP Request","method":"POST","statusCode":201,"timestamp":"2026-09-08T08:36:39.676Z","url":"/api/auth/register"}
{"duration":"296ms","ip":"::ffff:127.0.0.1","level":"info","message":"HTTP Request","method":"POST","statusCode":200,"timestamp":"2026-09-08T08:36:39.980Z","url":"/api/auth/login"}
{"duration":"5ms","ip":"::ffff:127.0.0.1","level":"info","message":"HTTP Request","method":"GET","statusCode":404,"timestamp":"2026-09-08T08:36:39.991Z","url":"/api/transactions/02c9a1ce-ab35-4783-b58b-8f347c78c461"}
{"duration":"306ms","ip":"::ffff:127.0.0.1","level":"info","message":"HTTP Request","method":"POST","statusCode":201,"timestamp":"2026-09-08T08:36:40.958Z","url":"/api/auth/register"}
{"duration":"284ms","ip":"::ffff:127.0.0.1","level":"info","message":"HTTP Request","method":"POST","statusCode":200,"timestamp":"2026-09-08T08:36:41.246Z","url":"/api/auth/login"}
{"duration":"0ms","ip":"::ffff:127.0.0.1","level":"info","message":"HTTP Request","method":"GET","statusCode":401,"timestamp":"2026-09-08T08:36:41.251Z","url":"/api/users/me"}
{"duration":"294ms","ip":"::ffff:127.0.0.1","level":"info","message":"HTTP Request","method":"POST","statusCode":201,"timestamp":"2026-09-08T08:36:41.555Z","url":"/api/auth/register"}
{"duration":"286ms","ip":"::ffff:127.0.0.1","level":"info","message":"HTTP Request","method":"POST","statusCode":200,"timestamp":"2026-09-08T08:36:41.846Z","url":"/api/auth/login"}
{"duration":"6ms","ip":"::ffff:127.0.0.1","level":"info","message":"HTTP Request","method":"GET","statusCode":200,"timestamp":"2026-09-08T08:36:41.856Z","url":"/api/users/me"}
{"duration":"299ms","ip":"::ffff:127.0.0.1","level":"info","message":"HTTP Request","method":"POST","statusCode":201,"timestamp":"2026-09-08T08:36:42.163Z","url":"/api/auth/register"}
{"duration":"292ms","ip":"::ffff:127.0.0.1","level":"info","message":"HTTP Request","method":"POST","statusCode":200,"timestamp":"2026-09-08T08:36:42.459Z","url":"/api/auth/login"}
{"duration":"3ms","ip":"::ffff:127.0.0.1","level":"info","message":"HTTP Request","method":"PATCH","statusCode":400,"timestamp":"2026-09-08T08:36:42.466Z","url":"/api/users/me"}
{"duration":"288ms","ip":"::ffff:127.0.0.1","level":"info","message":"HTTP Request","method":"POST","statusCode":201,"timestamp":"2026-09-08T08:36:42.767Z","url":"/api/auth/register"}
{"duration":"287ms","ip":"::ffff:127.0.0.1","level":"info","message":"HTTP Request","method":"POST","statusCode":200,"timestamp":"2026-09-08T08:36:43.062Z","url":"/api/auth/login"}
{"duration":"9ms","ip":"::ffff:127.0.0.1","level":"info","message":"HTTP Request","method":"PATCH","statusCode":200,"timestamp":"2026-09-08T08:36:43.075Z","url":"/api/users/me"}
{"duration":"295ms","ip":"::ffff:127.0.0.1","level":"info","message":"HTTP Request","method":"POST","statusCode":201,"timestamp":"2026-09-08T08:36:43.379Z","url":"/api/auth/register"}
{"duration":"282ms","ip":"::ffff:127.0.0.1","level":"info","message":"HTTP Request","method":"POST","statusCode":200,"timestamp":"2026-09-08T08:36:43.665Z","url":"/api/auth/login"}
{"duration":"1ms","ip":"::ffff:127.0.0.1","level":"info","message":"HTTP Request","method":"POST","statusCode":401,"timestamp":"2026-09-08T08:36:43.676Z","url":"/api/users/me/profile-picture"}
{"duration":"291ms","ip":"::ffff:127.0.0.1","level":"info","message":"HTTP Request","method":"POST","statusCode":201,"timestamp":"2026-09-08T08:36:43.977Z","url":"/api/auth/register"}
{"duration":"291ms","ip":"::ffff:127.0.0.1","level":"info","message":"HTTP Request","method":"POST","statusCode":200,"timestamp":"2026-09-08T08:36:44.272Z","url":"/api/auth/login"}
{"duration":"3ms","ip":"::ffff:127.0.0.1","level":"info","message":"HTTP Request","method":"POST","statusCode":400,"timestamp":"2026-09-08T08:36:44.281Z","url":"/api/users/me/profile-picture"}
{"duration":"302ms","ip":"::ffff:127.0.0.1","level":"info","message":"HTTP Request","method":"POST","statusCode":201,"timestamp":"2026-09-08T08:36:44.593Z","url":"/api/auth/register"}
{"duration":"286ms","ip":"::ffff:127.0.0.1","level":"info","message":"HTTP Request","method":"POST","statusCode":200,"timestamp":"2026-09-08T08:36:44.884Z","url":"/api/auth/login"}
{"duration":"7ms","ip":"::ffff:127.0.0.1","level":"info","message":"HTTP Request","method":"POST","statusCode":400,"timestamp":"2026-09-08T08:36:44.898Z","url":"/api/users/me/profile-picture"}
{"duration":"289ms","ip":"::ffff:127.0.0.1","level":"info","message":"HTTP Request","method":"POST","statusCode":201,"timestamp":"2026-09-08T08:36:45.197Z","url":"/api/auth/register"}
{"duration":"294ms","ip":"::ffff:127.0.0.1","level":"info","message":"HTTP Request","method":"POST","statusCode":200,"timestamp":"2026-09-08T08:36:45.494Z","url":"/api/auth/login"}
{"duration":"858ms","ip":"::ffff:127.0.0.1","level":"info","message":"HTTP Request","method":"PATCH","statusCode":200,"timestamp":"2026-09-08T08:36:46.356Z","url":"/api/users/me/password"}
{"duration":"300ms","ip":"::ffff:127.0.0.1","level":"info","message":"HTTP Request","method":"POST","statusCode":201,"timestamp":"2026-09-08T08:36:46.665Z","url":"/api/auth/register"}
{"duration":"281ms","ip":"::ffff:127.0.0.1","level":"info","message":"HTTP Request","method":"POST","statusCode":200,"timestamp":"2026-09-08T08:36:46.953Z","url":"/api/auth/login"}
{"duration":"307ms","ip":"::ffff:127.0.0.1","level":"info","message":"HTTP Request","method":"PATCH","statusCode":400,"timestamp":"2026-09-08T08:36:47.275Z","url":"/api/users/me/password"}
{"duration":"295ms","ip":"::ffff:127.0.0.1","level":"info","message":"HTTP Request","method":"POST","statusCode":201,"timestamp":"2026-09-08T08:36:47.580Z","url":"/api/auth/register"}
{"duration":"304ms","ip":"::ffff:127.0.0.1","level":"info","message":"HTTP Request","method":"POST","statusCode":200,"timestamp":"2026-09-08T08:36:47.888Z","url":"/api/auth/login"}
{"duration":"3ms","ip":"::ffff:127.0.0.1","level":"info","message":"HTTP Request","method":"PATCH","statusCode":400,"timestamp":"2026-09-08T08:36:47.895Z","url":"/api/users/me/password"}
{"duration":"287ms","ip":"::ffff:127.0.0.1","level":"info","message":"HTTP Request","method":"POST","statusCode":201,"timestamp":"2026-09-08T08:36:48.894Z","url":"/api/auth/register"}
{"duration":"293ms","ip":"::ffff:127.0.0.1","level":"info","message":"HTTP Request","method":"POST","statusCode":200,"timestamp":"2026-09-08T08:36:49.191Z","url":"/api/auth/login"}
{"duration":"0ms","ip":"::ffff:127.0.0.1","level":"info","message":"HTTP Request","method":"GET","statusCode":401,"timestamp":"2026-09-08T08:36:49.195Z","url":"/api/dashboard"}
{"duration":"286ms","ip":"::ffff:127.0.0.1","level":"info","message":"HTTP Request","method":"POST","statusCode":201,"timestamp":"2026-09-08T08:36:49.492Z","url":"/api/auth/register"}
{"duration":"283ms","ip":"::ffff:127.0.0.1","level":"info","message":"HTTP Request","method":"POST","statusCode":200,"timestamp":"2026-09-08T08:36:49.779Z","url":"/api/auth/login"}
{"duration":"76ms","ip":"::ffff:127.0.0.1","level":"info","message":"HTTP Request","method":"GET","statusCode":200,"timestamp":"2026-09-08T08:36:49.859Z","url":"/api/dashboard"}
{"duration":"293ms","ip":"::ffff:127.0.0.1","level":"info","message":"HTTP Request","method":"POST","statusCode":201,"timestamp":"2026-09-08T08:36:50.179Z","url":"/api/auth/register"}
{"duration":"283ms","ip":"::ffff:127.0.0.1","level":"info","message":"HTTP Request","method":"POST","statusCode":200,"timestamp":"2026-09-08T08:36:50.465Z","url":"/api/auth/login"}
{"duration":"12ms","ip":"::ffff:127.0.0.1","level":"info","message":"HTTP Request","method":"POST","statusCode":201,"timestamp":"2026-09-08T08:36:50.485Z","url":"/api/categories"}
{"duration":"10ms","ip":"::ffff:127.0.0.1","level":"info","message":"HTTP Request","method":"POST","statusCode":201,"timestamp":"2026-09-08T08:36:50.500Z","url":"/api/transactions"}
{"duration":"7ms","ip":"::ffff:127.0.0.1","level":"info","message":"HTTP Request","method":"GET","statusCode":200,"timestamp":"2026-09-08T08:36:50.518Z","url":"/api/dashboard"}
{"duration":"292ms","ip":"::ffff:127.0.0.1","level":"info","message":"HTTP Request","method":"POST","statusCode":201,"timestamp":"2026-09-08T08:36:51.496Z","url":"/api/auth/register"}
{"duration":"293ms","ip":"::ffff:127.0.0.1","level":"info","message":"HTTP Request","method":"POST","statusCode":200,"timestamp":"2026-09-08T08:36:51.793Z","url":"/api/auth/login"}
{"duration":"1ms","ip":"::ffff:127.0.0.1","level":"info","message":"HTTP Request","method":"GET","statusCode":401,"timestamp":"2026-09-08T08:36:51.798Z","url":"/api/users/me/settings"}
{"duration":"281ms","ip":"::ffff:127.0.0.1","level":"info","message":"HTTP Request","method":"POST","statusCode":201,"timestamp":"2026-09-08T08:36:52.093Z","url":"/api/auth/register"}
{"duration":"284ms","ip":"::ffff:127.0.0.1","level":"info","message":"HTTP Request","method":"POST","statusCode":200,"timestamp":"2026-09-08T08:36:52.381Z","url":"/api/auth/login"}
{"duration":"9ms","ip":"::ffff:127.0.0.1","level":"info","message":"HTTP Request","method":"GET","statusCode":200,"timestamp":"2026-09-08T08:36:52.395Z","url":"/api/users/me/settings"}
{"duration":"286ms","ip":"::ffff:127.0.0.1","level":"info","message":"HTTP Request","method":"POST","statusCode":201,"timestamp":"2026-09-08T08:36:52.689Z","url":"/api/auth/register"}
{"duration":"288ms","ip":"::ffff:127.0.0.1","level":"info","message":"HTTP Request","method":"POST","statusCode":200,"timestamp":"2026-09-08T08:36:52.980Z","url":"/api/auth/login"}
{"duration":"7ms","ip":"::ffff:127.0.0.1","level":"info","message":"HTTP Request","method":"GET","statusCode":200,"timestamp":"2026-09-08T08:36:52.991Z","url":"/api/users/me/settings"}
{"duration":"4ms","ip":"::ffff:127.0.0.1","level":"info","message":"HTTP Request","method":"PATCH","statusCode":200,"timestamp":"2026-09-08T08:36:52.999Z","url":"/api/users/me/settings"}
{"duration":"285ms","ip":"::ffff:127.0.0.1","level":"info","message":"HTTP Request","method":"POST","statusCode":201,"timestamp":"2026-09-08T08:36:53.296Z","url":"/api/auth/register"}
{"duration":"289ms","ip":"::ffff:127.0.0.1","level":"info","message":"HTTP Request","method":"POST","statusCode":200,"timestamp":"2026-09-08T08:36:53.589Z","url":"/api/auth/login"}
{"duration":"3ms","ip":"::ffff:127.0.0.1","level":"info","message":"HTTP Request","method":"PATCH","statusCode":400,"timestamp":"2026-09-08T08:36:53.596Z","url":"/api/users/me/settings"}
{"duration":"283ms","ip":"::ffff:127.0.0.1","level":"info","message":"HTTP Request","method":"POST","statusCode":201,"timestamp":"2026-09-08T08:36:53.899Z","url":"/api/auth/register"}
{"duration":"280ms","ip":"::ffff:127.0.0.1","level":"info","message":"HTTP Request","method":"POST","statusCode":200,"timestamp":"2026-09-08T08:36:54.188Z","url":"/api/auth/login"}
{"duration":"5ms","ip":"::ffff:127.0.0.1","level":"info","message":"HTTP Request","method":"GET","statusCode":200,"timestamp":"2026-09-08T08:36:54.197Z","url":"/api/users/me/settings"}
{"duration":"7ms","ip":"::ffff:127.0.0.1","level":"info","message":"HTTP Request","method":"PATCH","statusCode":200,"timestamp":"2026-09-08T08:36:54.207Z","url":"/api/users/me/settings"}
{"duration":"4ms","ip":"::ffff:127.0.0.1","level":"info","message":"HTTP Request","method":"GET","statusCode":200,"timestamp":"2026-09-08T08:36:54.223Z","url":"/api/users/me/settings"}
{"duration":"1ms","ip":"::ffff:127.0.0.1","level":"info","message":"HTTP Request","method":"PATCH","statusCode":400,"timestamp":"2026-09-08T08:36:54.228Z","url":"/api/users/me/settings"}
{"duration":"288ms","ip":"::ffff:127.0.0.1","level":"info","message":"HTTP Request","method":"POST","statusCode":201,"timestamp":"2026-09-08T08:36:54.525Z","url":"/api/auth/register"}
{"duration":"280ms","ip":"::ffff:127.0.0.1","level":"info","message":"HTTP Request","method":"POST","statusCode":200,"timestamp":"2026-09-08T08:36:54.808Z","url":"/api/auth/login"}
{"duration":"2ms","ip":"::ffff:127.0.0.1","level":"info","message":"HTTP Request","method":"PATCH","statusCode":400,"timestamp":"2026-09-08T08:36:54.815Z","url":"/api/users/me/settings"}
{"duration":"3ms","ip":"::ffff:127.0.0.1","level":"info","message":"HTTP Request","method":"PATCH","statusCode":400,"timestamp":"2026-09-08T08:36:54.820Z","url":"/api/users/me/settings"}
{"duration":"288ms","ip":"::ffff:127.0.0.1","level":"info","message":"HTTP Request","method":"POST","statusCode":201,"timestamp":"2026-09-08T08:36:55.116Z","url":"/api/auth/register"}
{"duration":"295ms","ip":"::ffff:127.0.0.1","level":"info","message":"HTTP Request","method":"POST","statusCode":200,"timestamp":"2026-09-08T08:36:55.415Z","url":"/api/auth/login"}
{"duration":"5ms","ip":"::ffff:127.0.0.1","level":"info","message":"HTTP Request","method":"POST","statusCode":201,"timestamp":"2026-09-08T08:36:55.426Z","url":"/api/users/me/settings"}
{"duration":"125ms","ip":"::ffff:127.0.0.1","level":"info","message":"HTTP Request","method":"POST","statusCode":409,"timestamp":"2026-09-08T08:36:55.554Z","url":"/api/users/me/settings"}
{"duration":"297ms","ip":"::ffff:127.0.0.1","level":"info","message":"HTTP Request","method":"POST","statusCode":201,"timestamp":"2026-09-08T08:36:55.922Z","url":"/api/auth/register"}
{"duration":"283ms","ip":"::ffff:127.0.0.1","level":"info","message":"HTTP Request","method":"POST","statusCode":200,"timestamp":"2026-09-08T08:36:56.209Z","url":"/api/auth/login"}
{"duration":"4ms","ip":"::ffff:127.0.0.1","level":"info","message":"HTTP Request","method":"PATCH","statusCode":404,"timestamp":"2026-09-08T08:36:56.217Z","url":"/api/users/me/settings"}
{"duration":"296ms","ip":"::ffff:127.0.0.1","level":"info","message":"HTTP Request","method":"POST","statusCode":201,"timestamp":"2026-09-08T08:36:57.183Z","url":"/api/auth/register"}
{"duration":"293ms","ip":"::ffff:127.0.0.1","level":"info","message":"HTTP Request","method":"POST","statusCode":200,"timestamp":"2026-09-08T08:36:57.481Z","url":"/api/auth/login"}
{"duration":"1ms","ip":"::ffff:127.0.0.1","level":"info","message":"HTTP Request","method":"GET","statusCode":401,"timestamp":"2026-09-08T08:36:57.487Z","url":"/api/categories"}
{"duration":"283ms","ip":"::ffff:127.0.0.1","level":"info","message":"HTTP Request","method":"POST","statusCode":201,"timestamp":"2026-09-08T08:36:57.780Z","url":"/api/auth/register"}
{"duration":"294ms","ip":"::ffff:127.0.0.1","level":"info","message":"HTTP Request","method":"POST","statusCode":200,"timestamp":"2026-09-08T08:36:58.078Z","url":"/api/auth/login"}
{"duration":"12ms","ip":"::ffff:127.0.0.1","level":"info","message":"HTTP Request","method":"POST","statusCode":201,"timestamp":"2026-09-08T08:36:58.094Z","url":"/api/categories"}
{"duration":"287ms","ip":"::ffff:127.0.0.1","level":"info","message":"HTTP Request","method":"POST","statusCode":201,"timestamp":"2026-09-08T08:36:58.390Z","url":"/api/auth/register"}
{"duration":"281ms","ip":"::ffff:127.0.0.1","level":"info","message":"HTTP Request","method":"POST","statusCode":200,"timestamp":"2026-09-08T08:36:58.675Z","url":"/api/auth/login"}
{"duration":"2ms","ip":"::ffff:127.0.0.1","level":"info","message":"HTTP Request","method":"POST","statusCode":400,"timestamp":"2026-09-08T08:36:58.681Z","url":"/api/categories"}
{"duration":"293ms","ip":"::ffff:127.0.0.1","level":"info","message":"HTTP Request","method":"POST","statusCode":201,"timestamp":"2026-09-08T08:36:58.981Z","url":"/api/auth/register"}
{"duration":"291ms","ip":"::ffff:127.0.0.1","level":"info","message":"HTTP Request","method":"POST","statusCode":200,"timestamp":"2026-09-08T08:36:59.315Z","url":"/api/auth/login"}
{"duration":"4ms","ip":"::ffff:127.0.0.1","level":"info","message":"HTTP Request","method":"POST","statusCode":201,"timestamp":"2026-09-08T08:36:59.325Z","url":"/api/categories"}
{"duration":"2ms","ip":"::ffff:127.0.0.1","level":"info","message":"HTTP Request","method":"POST","statusCode":409,"timestamp":"2026-09-08T08:36:59.331Z","url":"/api/categories"}
{"duration":"291ms","ip":"::ffff:127.0.0.1","level":"info","message":"HTTP Request","method":"POST","statusCode":201,"timestamp":"2026-09-08T08:36:59.633Z","url":"/api/auth/register"}
{"duration":"283ms","ip":"::ffff:127.0.0.1","level":"info","message":"HTTP Request","method":"POST","statusCode":200,"timestamp":"2026-09-08T08:36:59.929Z","url":"/api/auth/login"}
{"duration":"9ms","ip":"::ffff:127.0.0.1","level":"info","message":"HTTP Request","method":"POST","statusCode":201,"timestamp":"2026-09-08T08:36:59.942Z","url":"/api/categories"}
{"duration":"7ms","ip":"::ffff:127.0.0.1","level":"info","message":"HTTP Request","method":"GET","statusCode":200,"timestamp":"2026-09-08T08:36:59.953Z","url":"/api/categories"}
{"duration":"289ms","ip":"::ffff:127.0.0.1","level":"info","message":"HTTP Request","method":"POST","statusCode":201,"timestamp":"2026-09-08T08:37:00.252Z","url":"/api/auth/register"}
{"duration":"279ms","ip":"::ffff:127.0.0.1","level":"info","message":"HTTP Request","method":"POST","statusCode":200,"timestamp":"2026-09-08T08:37:00.536Z","url":"/api/auth/login"}
{"duration":"4ms","ip":"::ffff:127.0.0.1","level":"info","message":"HTTP Request","method":"POST","statusCode":201,"timestamp":"2026-09-08T08:37:00.549Z","url":"/api/categories"}
{"duration":"8ms","ip":"::ffff:127.0.0.1","level":"info","message":"HTTP Request","method":"PATCH","statusCode":200,"timestamp":"2026-09-08T08:37:00.562Z","url":"/api/categories/afbce2ec-9c71-43b8-adf4-290cc78081ec"}
{"duration":"290ms","ip":"::ffff:127.0.0.1","level":"info","message":"HTTP Request","method":"POST","statusCode":201,"timestamp":"2026-09-08T08:37:00.865Z","url":"/api/auth/register"}
{"duration":"294ms","ip":"::ffff:127.0.0.1","level":"info","message":"HTTP Request","method":"POST","statusCode":200,"timestamp":"2026-09-08T08:37:01.164Z","url":"/api/auth/login"}
{"duration":"6ms","ip":"::ffff:127.0.0.1","level":"info","message":"HTTP Request","method":"PATCH","statusCode":400,"timestamp":"2026-09-08T08:37:01.174Z","url":"/api/categories/not-a-uuid"}
{"duration":"290ms","ip":"::ffff:127.0.0.1","level":"info","message":"HTTP Request","method":"POST","statusCode":201,"timestamp":"2026-09-08T08:37:01.474Z","url":"/api/auth/register"}
{"duration":"295ms","ip":"::ffff:127.0.0.1","level":"info","message":"HTTP Request","method":"POST","statusCode":200,"timestamp":"2026-09-08T08:37:01.773Z","url":"/api/auth/login"}
{"duration":"3ms","ip":"::ffff:127.0.0.1","level":"info","message":"HTTP Request","method":"PATCH","statusCode":404,"timestamp":"2026-09-08T08:37:01.781Z","url":"/api/categories/11111111-1111-4111-8111-111111111111"}
{"duration":"290ms","ip":"::ffff:127.0.0.1","level":"info","message":"HTTP Request","method":"POST","statusCode":201,"timestamp":"2026-09-08T08:37:02.080Z","url":"/api/auth/register"}
{"duration":"278ms","ip":"::ffff:127.0.0.1","level":"info","message":"HTTP Request","method":"POST","statusCode":200,"timestamp":"2026-09-08T08:37:02.361Z","url":"/api/auth/login"}
{"duration":"8ms","ip":"::ffff:127.0.0.1","level":"info","message":"HTTP Request","method":"POST","statusCode":201,"timestamp":"2026-09-08T08:37:02.373Z","url":"/api/categories"}
{"duration":"18ms","ip":"::ffff:127.0.0.1","level":"info","message":"HTTP Request","method":"DELETE","statusCode":200,"timestamp":"2026-09-08T08:37:02.396Z","url":"/api/categories/f5f82426-e019-4a6f-8e14-035bf2a995b5"}
{"duration":"299ms","ip":"::ffff:127.0.0.1","level":"info","message":"HTTP Request","method":"POST","statusCode":201,"timestamp":"2026-09-08T08:37:03.584Z","url":"/api/auth/register"}
{"duration":"284ms","ip":"::ffff:127.0.0.1","level":"info","message":"HTTP Request","method":"POST","statusCode":200,"timestamp":"2026-09-08T08:37:03.874Z","url":"/api/auth/login"}
{"duration":"14ms","ip":"::ffff:127.0.0.1","level":"info","message":"HTTP Request","method":"POST","statusCode":201,"timestamp":"2026-09-08T08:37:03.893Z","url":"/api/categories"}
{"duration":"14ms","ip":"::ffff:127.0.0.1","level":"info","message":"HTTP Request","method":"GET","statusCode":200,"timestamp":"2026-09-08T08:37:03.912Z","url":"/api/users/me/settings"}
{"duration":"11ms","ip":"::ffff:127.0.0.1","level":"info","message":"HTTP Request","method":"PATCH","statusCode":200,"timestamp":"2026-09-08T08:37:03.927Z","url":"/api/users/me/settings"}
{"duration":"21ms","ip":"::ffff:127.0.0.1","level":"info","message":"HTTP Request","method":"POST","statusCode":201,"timestamp":"2026-09-08T08:37:03.952Z","url":"/api/budgets"}
{"duration":"10ms","ip":"::ffff:127.0.0.1","level":"info","message":"HTTP Request","method":"POST","statusCode":201,"timestamp":"2026-09-08T08:37:03.967Z","url":"/api/transactions"}
{"duration":"7ms","ip":"::ffff:127.0.0.1","level":"info","message":"HTTP Request","method":"POST","statusCode":201,"timestamp":"2026-09-08T08:37:04.119Z","url":"/api/transactions"}
{"duration":"282ms","ip":"::ffff:127.0.0.1","level":"info","message":"HTTP Request","method":"POST","statusCode":201,"timestamp":"2026-09-08T08:37:04.580Z","url":"/api/auth/register"}
{"duration":"282ms","ip":"::ffff:127.0.0.1","level":"info","message":"HTTP Request","method":"POST","statusCode":200,"timestamp":"2026-09-08T08:37:04.866Z","url":"/api/auth/login"}
{"duration":"5ms","ip":"::ffff:127.0.0.1","level":"info","message":"HTTP Request","method":"POST","statusCode":201,"timestamp":"2026-09-08T08:37:04.878Z","url":"/api/categories"}
{"duration":"5ms","ip":"::ffff:127.0.0.1","level":"info","message":"HTTP Request","method":"GET","statusCode":200,"timestamp":"2026-09-08T08:37:04.886Z","url":"/api/users/me/settings"}
{"duration":"4ms","ip":"::ffff:127.0.0.1","level":"info","message":"HTTP Request","method":"PATCH","statusCode":200,"timestamp":"2026-09-08T08:37:04.894Z","url":"/api/users/me/settings"}
{"duration":"13ms","ip":"::ffff:127.0.0.1","level":"info","message":"HTTP Request","method":"POST","statusCode":201,"timestamp":"2026-09-08T08:37:04.910Z","url":"/api/budgets"}
{"duration":"5ms","ip":"::ffff:127.0.0.1","level":"info","message":"HTTP Request","method":"PATCH","statusCode":200,"timestamp":"2026-09-08T08:37:04.919Z","url":"/api/users/me/settings"}
{"duration":"5ms","ip":"::ffff:127.0.0.1","level":"info","message":"HTTP Request","method":"POST","statusCode":201,"timestamp":"2026-09-08T08:37:04.929Z","url":"/api/transactions"}
{"duration":"395ms","ip":"::ffff:127.0.0.1","level":"info","message":"HTTP Request","method":"POST","statusCode":201,"timestamp":"2026-09-08T08:37:07.623Z","url":"/api/auth/register"}
{"duration":"390ms","ip":"::ffff:127.0.0.1","level":"info","message":"HTTP Request","method":"POST","statusCode":201,"timestamp":"2026-09-08T08:37:08.024Z","url":"/api/auth/register"}
{"duration":"2ms","ip":"::ffff:127.0.0.1","level":"info","message":"HTTP Request","method":"POST","statusCode":409,"timestamp":"2026-09-08T08:37:08.031Z","url":"/api/auth/register"}
{"duration":"1ms","ip":"::ffff:127.0.0.1","level":"info","message":"HTTP Request","method":"POST","statusCode":400,"timestamp":"2026-09-08T08:37:08.044Z","url":"/api/auth/register"}
{"duration":"1ms","ip":"::ffff:127.0.0.1","level":"info","message":"HTTP Request","method":"POST","statusCode":400,"timestamp":"2026-09-08T08:37:08.058Z","url":"/api/auth/register"}
{"duration":"0ms","ip":"::ffff:127.0.0.1","level":"info","message":"HTTP Request","method":"POST","statusCode":400,"timestamp":"2026-09-08T08:37:08.067Z","url":"/api/auth/register"}
{"duration":"396ms","ip":"::ffff:127.0.0.1","level":"info","message":"HTTP Request","method":"POST","statusCode":201,"timestamp":"2026-09-08T08:37:08.481Z","url":"/api/auth/register"}
{"duration":"374ms","ip":"::ffff:127.0.0.1","level":"info","message":"HTTP Request","method":"POST","statusCode":200,"timestamp":"2026-09-08T08:37:08.861Z","url":"/api/auth/login"}
{"duration":"366ms","ip":"::ffff:127.0.0.1","level":"info","message":"HTTP Request","method":"POST","statusCode":201,"timestamp":"2026-09-08T08:37:09.242Z","url":"/api/auth/register"}
{"duration":"374ms","ip":"::ffff:127.0.0.1","level":"info","message":"HTTP Request","method":"POST","statusCode":401,"timestamp":"2026-09-08T08:37:09.621Z","url":"/api/auth/login"}
{"duration":"379ms","ip":"::ffff:127.0.0.1","level":"info","message":"HTTP Request","method":"POST","statusCode":201,"timestamp":"2026-09-08T08:37:10.011Z","url":"/api/auth/register"}
{"duration":"2ms","ip":"::ffff:127.0.0.1","level":"info","message":"HTTP Request","method":"POST","statusCode":401,"timestamp":"2026-09-08T08:37:10.017Z","url":"/api/auth/login"}
{"duration":"367ms","ip":"::ffff:127.0.0.1","level":"info","message":"HTTP Request","method":"POST","statusCode":201,"timestamp":"2026-09-08T08:37:10.396Z","url":"/api/auth/register"}
{"duration":"384ms","ip":"::ffff:127.0.0.1","level":"info","message":"HTTP Request","method":"POST","statusCode":200,"timestamp":"2026-09-08T08:37:10.786Z","url":"/api/auth/login"}
{"duration":"0ms","ip":"::ffff:127.0.0.1","level":"info","message":"HTTP Request","method":"GET","statusCode":401,"timestamp":"2026-09-08T08:37:10.794Z","url":"/api/auth/me"}
{"duration":"354ms","ip":"::ffff:127.0.0.1","level":"info","message":"HTTP Request","method":"POST","statusCode":201,"timestamp":"2026-09-08T08:37:11.161Z","url":"/api/auth/register"}
{"duration":"319ms","ip":"::ffff:127.0.0.1","level":"info","message":"HTTP Request","method":"POST","statusCode":200,"timestamp":"2026-09-08T08:37:11.484Z","url":"/api/auth/login"}
{"duration":"51ms","ip":"::ffff:127.0.0.1","level":"info","message":"HTTP Request","method":"GET","statusCode":200,"timestamp":"2026-09-08T08:37:11.543Z","url":"/api/auth/me"}
{"duration":"275ms","ip":"::ffff:127.0.0.1","level":"info","message":"HTTP Request","method":"POST","statusCode":201,"timestamp":"2026-09-08T08:37:11.830Z","url":"/api/auth/register"}
{"duration":"280ms","ip":"::ffff:127.0.0.1","level":"info","message":"HTTP Request","method":"POST","statusCode":200,"timestamp":"2026-09-08T08:37:12.114Z","url":"/api/auth/login"}
{"duration":"2ms","ip":"::ffff:127.0.0.1","level":"info","message":"HTTP Request","method":"GET","statusCode":401,"timestamp":"2026-09-08T08:37:12.125Z","url":"/api/auth/me"}
{"duration":"279ms","ip":"::ffff:127.0.0.1","level":"info","message":"HTTP Request","method":"POST","statusCode":201,"timestamp":"2026-09-08T08:37:12.427Z","url":"/api/auth/register"}
{"duration":"284ms","ip":"::ffff:127.0.0.1","level":"info","message":"HTTP Request","method":"POST","statusCode":200,"timestamp":"2026-09-08T08:37:12.714Z","url":"/api/auth/login"}
{"duration":"10ms","ip":"::ffff:127.0.0.1","level":"info","message":"HTTP Request","method":"GET","statusCode":401,"timestamp":"2026-09-08T08:37:12.727Z","url":"/api/auth/me"}
{"duration":"287ms","ip":"::ffff:127.0.0.1","level":"info","message":"HTTP Request","method":"POST","statusCode":201,"timestamp":"2026-09-08T08:37:13.596Z","url":"/api/auth/register"}
{"duration":"272ms","ip":"::ffff:127.0.0.1","level":"info","message":"HTTP Request","method":"POST","statusCode":200,"timestamp":"2026-09-08T08:37:13.871Z","url":"/api/auth/login"}
{"duration":"1ms","ip":"::ffff:127.0.0.1","level":"info","message":"HTTP Request","method":"GET","statusCode":401,"timestamp":"2026-09-08T08:37:13.876Z","url":"/api/account/status"}
{"duration":"284ms","ip":"::ffff:127.0.0.1","level":"info","message":"HTTP Request","method":"POST","statusCode":201,"timestamp":"2026-09-08T08:37:14.169Z","url":"/api/auth/register"}
{"duration":"284ms","ip":"::ffff:127.0.0.1","level":"info","message":"HTTP Request","method":"POST","statusCode":200,"timestamp":"2026-09-08T08:37:14.458Z","url":"/api/auth/login"}
{"duration":"6ms","ip":"::ffff:127.0.0.1","level":"info","message":"HTTP Request","method":"GET","statusCode":200,"timestamp":"2026-09-08T08:37:14.469Z","url":"/api/account/status"}
{"duration":"279ms","ip":"::ffff:127.0.0.1","level":"info","message":"HTTP Request","method":"POST","statusCode":201,"timestamp":"2026-09-08T08:37:14.759Z","url":"/api/auth/register"}
{"duration":"269ms","ip":"::ffff:127.0.0.1","level":"info","message":"HTTP Request","method":"POST","statusCode":200,"timestamp":"2026-09-08T08:37:15.031Z","url":"/api/auth/login"}
{"duration":"9ms","ip":"::ffff:127.0.0.1","level":"info","message":"HTTP Request","method":"DELETE","statusCode":200,"timestamp":"2026-09-08T08:37:15.045Z","url":"/api/account/delete"}
{"duration":"281ms","ip":"::ffff:127.0.0.1","level":"info","message":"HTTP Request","method":"POST","statusCode":201,"timestamp":"2026-09-08T08:37:15.334Z","url":"/api/auth/register"}
{"duration":"281ms","ip":"::ffff:127.0.0.1","level":"info","message":"HTTP Request","method":"POST","statusCode":200,"timestamp":"2026-09-08T08:37:15.620Z","url":"/api/auth/login"}
{"duration":"5ms","ip":"::ffff:127.0.0.1","level":"info","message":"HTTP Request","method":"DELETE","statusCode":200,"timestamp":"2026-09-08T08:37:15.630Z","url":"/api/account/delete"}
{"duration":"1ms","ip":"::ffff:127.0.0.1","level":"info","message":"HTTP Request","method":"DELETE","statusCode":403,"timestamp":"2026-09-08T08:37:15.634Z","url":"/api/account/delete"}
{"duration":"1ms","ip":"::ffff:127.0.0.1","level":"info","message":"HTTP Request","method":"GET","statusCode":200,"timestamp":"2026-09-08T08:37:16.550Z","url":"/"}
{"duration":"1ms","ip":"::ffff:127.0.0.1","level":"info","message":"HTTP Request","method":"GET","statusCode":200,"timestamp":"2026-09-08T08:37:16.563Z","url":"/health"}
{"duration":"8ms","ip":"::ffff:127.0.0.1","level":"info","message":"HTTP Request","method":"GET","statusCode":200,"timestamp":"2026-09-08T08:37:16.581Z","url":"/db-check"}
{"duration":"450ms","ip":"::ffff:127.0.0.1","level":"info","message":"HTTP Request","method":"POST","statusCode":201,"timestamp":"2026-09-08T08:38:55.352Z","url":"/api/auth/register"}
{"duration":"384ms","ip":"::ffff:127.0.0.1","level":"info","message":"HTTP Request","method":"POST","statusCode":200,"timestamp":"2026-09-08T08:38:55.748Z","url":"/api/auth/login"}
{"duration":"31ms","ip":"::ffff:127.0.0.1","level":"info","message":"HTTP Request","method":"POST","statusCode":201,"timestamp":"2026-09-08T08:38:55.784Z","url":"/api/categories"}
{"duration":"13ms","ip":"::ffff:127.0.0.1","level":"info","message":"HTTP Request","method":"GET","statusCode":200,"timestamp":"2026-09-08T08:38:55.802Z","url":"/api/users/me/settings"}
{"duration":"11ms","ip":"::ffff:127.0.0.1","level":"info","message":"HTTP Request","method":"PATCH","statusCode":200,"timestamp":"2026-09-08T08:38:55.819Z","url":"/api/users/me/settings"}
{"duration":"24ms","ip":"::ffff:127.0.0.1","level":"info","message":"HTTP Request","method":"POST","statusCode":201,"timestamp":"2026-09-08T08:38:55.848Z","url":"/api/budgets"}
{"duration":"10ms","ip":"::ffff:127.0.0.1","level":"info","message":"HTTP Request","method":"POST","statusCode":201,"timestamp":"2026-09-08T08:38:55.863Z","url":"/api/transactions"}
{"duration":"7ms","ip":"::ffff:127.0.0.1","level":"info","message":"HTTP Request","method":"POST","statusCode":201,"timestamp":"2026-09-08T08:38:55.934Z","url":"/api/transactions"}
{"duration":"374ms","ip":"::ffff:127.0.0.1","level":"info","message":"HTTP Request","method":"POST","statusCode":201,"timestamp":"2026-09-08T08:38:56.501Z","url":"/api/auth/register"}
{"duration":"380ms","ip":"::ffff:127.0.0.1","level":"info","message":"HTTP Request","method":"POST","statusCode":200,"timestamp":"2026-09-08T08:38:56.887Z","url":"/api/auth/login"}
{"duration":"10ms","ip":"::ffff:127.0.0.1","level":"info","message":"HTTP Request","method":"POST","statusCode":201,"timestamp":"2026-09-08T08:38:56.904Z","url":"/api/categories"}
{"duration":"17ms","ip":"::ffff:127.0.0.1","level":"info","message":"HTTP Request","method":"GET","statusCode":200,"timestamp":"2026-09-08T08:38:56.927Z","url":"/api/users/me/settings"}
{"duration":"7ms","ip":"::ffff:127.0.0.1","level":"info","message":"HTTP Request","method":"PATCH","statusCode":200,"timestamp":"2026-09-08T08:38:56.943Z","url":"/api/users/me/settings"}
{"duration":"25ms","ip":"::ffff:127.0.0.1","level":"info","message":"HTTP Request","method":"POST","statusCode":201,"timestamp":"2026-09-08T08:38:56.976Z","url":"/api/budgets"}
{"duration":"7ms","ip":"::ffff:127.0.0.1","level":"info","message":"HTTP Request","method":"PATCH","statusCode":200,"timestamp":"2026-09-08T08:38:56.991Z","url":"/api/users/me/settings"}
{"duration":"20ms","ip":"::ffff:127.0.0.1","level":"info","message":"HTTP Request","method":"POST","statusCode":201,"timestamp":"2026-09-08T08:38:57.021Z","url":"/api/transactions"}
{"duration":"380ms","ip":"::ffff:127.0.0.1","level":"info","message":"HTTP Request","method":"POST","statusCode":201,"timestamp":"2026-09-08T08:38:58.553Z","url":"/api/auth/register"}
{"duration":"363ms","ip":"::ffff:127.0.0.1","level":"info","message":"HTTP Request","method":"POST","statusCode":200,"timestamp":"2026-09-08T08:38:58.920Z","url":"/api/auth/login"}
{"duration":"7ms","ip":"::ffff:127.0.0.1","level":"info","message":"HTTP Request","method":"POST","statusCode":201,"timestamp":"2026-09-08T08:38:58.957Z","url":"/api/categories"}
{"duration":"10ms","ip":"::ffff:127.0.0.1","level":"info","message":"HTTP Request","method":"GET","statusCode":200,"timestamp":"2026-09-08T08:38:58.972Z","url":"/api/users/me/settings"}
{"duration":"16ms","ip":"::ffff:127.0.0.1","level":"info","message":"HTTP Request","method":"PATCH","statusCode":200,"timestamp":"2026-09-08T08:38:58.999Z","url":"/api/users/me/settings"}
{"duration":"11ms","ip":"::ffff:127.0.0.1","level":"info","message":"HTTP Request","method":"POST","statusCode":201,"timestamp":"2026-09-08T08:38:59.018Z","url":"/api/budgets"}
{"duration":"9ms","ip":"::ffff:127.0.0.1","level":"info","message":"HTTP Request","method":"POST","statusCode":201,"timestamp":"2026-09-08T08:38:59.034Z","url":"/api/transactions"}
{"duration":"6ms","ip":"::ffff:127.0.0.1","level":"info","message":"HTTP Request","method":"POST","statusCode":201,"timestamp":"2026-09-08T08:38:59.106Z","url":"/api/transactions"}
{"duration":"416ms","ip":"::ffff:127.0.0.1","level":"info","message":"HTTP Request","method":"POST","statusCode":201,"timestamp":"2026-09-08T08:38:59.653Z","url":"/api/auth/register"}
{"duration":"392ms","ip":"::ffff:127.0.0.1","level":"info","message":"HTTP Request","method":"POST","statusCode":200,"timestamp":"2026-09-08T08:39:00.050Z","url":"/api/auth/login"}
{"duration":"7ms","ip":"::ffff:127.0.0.1","level":"info","message":"HTTP Request","method":"POST","statusCode":201,"timestamp":"2026-09-08T08:39:00.064Z","url":"/api/categories"}
{"duration":"5ms","ip":"::ffff:127.0.0.1","level":"info","message":"HTTP Request","method":"GET","statusCode":200,"timestamp":"2026-09-08T08:39:00.073Z","url":"/api/users/me/settings"}
{"duration":"6ms","ip":"::ffff:127.0.0.1","level":"info","message":"HTTP Request","method":"PATCH","statusCode":200,"timestamp":"2026-09-08T08:39:00.087Z","url":"/api/users/me/settings"}
{"duration":"8ms","ip":"::ffff:127.0.0.1","level":"info","message":"HTTP Request","method":"POST","statusCode":201,"timestamp":"2026-09-08T08:39:00.099Z","url":"/api/budgets"}
{"duration":"6ms","ip":"::ffff:127.0.0.1","level":"info","message":"HTTP Request","method":"PATCH","statusCode":200,"timestamp":"2026-09-08T08:39:00.109Z","url":"/api/users/me/settings"}
{"duration":"9ms","ip":"::ffff:127.0.0.1","level":"info","message":"HTTP Request","method":"POST","statusCode":201,"timestamp":"2026-09-08T08:39:00.128Z","url":"/api/transactions"}
{"duration":"301ms","ip":"::1","level":"info","message":"HTTP Request","method":"GET","statusCode":401,"timestamp":"2026-09-08T08:45:08.246Z","url":"/api/users/me/settings"}
{"duration":"646ms","ip":"::1","level":"info","message":"HTTP Request","method":"POST","statusCode":201,"timestamp":"2026-09-08T09:13:47.490Z","url":"/api/auth/register"}
{"duration":"363ms","ip":"::1","level":"info","message":"HTTP Request","method":"POST","statusCode":200,"timestamp":"2026-09-08T09:13:54.917Z","url":"/api/auth/login"}
{"duration":"10ms","ip":"::1","level":"info","message":"HTTP Request","method":"GET","statusCode":200,"timestamp":"2026-09-08T09:13:54.934Z","url":"/api/auth/me"}
{"duration":"63ms","ip":"::1","level":"info","message":"HTTP Request","method":"GET","statusCode":200,"timestamp":"2026-09-08T09:13:55.074Z","url":"/api/users/me/settings"}
{"duration":"133ms","ip":"::1","level":"info","message":"HTTP Request","method":"GET","statusCode":200,"timestamp":"2026-09-08T09:13:55.151Z","url":"/api/categories"}
{"duration":"207ms","ip":"::1","level":"info","message":"HTTP Request","method":"GET","statusCode":304,"timestamp":"2026-09-08T09:13:55.222Z","url":"/api/dashboard"}
{"duration":"223ms","ip":"::1","level":"info","message":"HTTP Request","method":"GET","statusCode":304,"timestamp":"2026-09-08T09:27:05.320Z","url":"/api/categories"}
{"duration":"234ms","ip":"::1","level":"info","message":"HTTP Request","method":"GET","statusCode":304,"timestamp":"2026-09-08T09:27:05.338Z","url":"/api/users/me/settings"}
{"duration":"120ms","ip":"::1","level":"info","message":"HTTP Request","method":"GET","statusCode":304,"timestamp":"2026-09-08T09:27:05.555Z","url":"/api/transactions?page=1&limit=10"}
{"duration":"660ms","ip":"::1","level":"info","message":"HTTP Request","method":"GET","statusCode":304,"timestamp":"2026-09-08T09:27:05.563Z","url":"/api/dashboard"}
{"duration":"341ms","ip":"::1","level":"info","message":"HTTP Request","method":"GET","statusCode":304,"timestamp":"2026-09-08T09:31:18.531Z","url":"/api/dashboard"}
{"duration":"74ms","ip":"::1","level":"info","message":"HTTP Request","method":"PATCH","statusCode":200,"timestamp":"2026-09-08T09:31:20.811Z","url":"/api/users/me/settings"}
{"duration":"29ms","ip":"::1","level":"info","message":"HTTP Request","method":"GET","statusCode":304,"timestamp":"2026-09-08T09:31:30.380Z","url":"/api/transactions?page=1&limit=10"}
{"duration":"9ms","ip":"::1","level":"info","message":"HTTP Request","method":"GET","statusCode":304,"timestamp":"2026-09-08T09:31:39.329Z","url":"/api/auth/me"}
{"duration":"19ms","ip":"::1","level":"info","message":"HTTP Request","method":"GET","statusCode":304,"timestamp":"2026-09-08T09:31:39.683Z","url":"/api/transactions?page=1&limit=10"}
{"duration":"73ms","ip":"::1","level":"info","message":"HTTP Request","method":"GET","statusCode":200,"timestamp":"2026-09-08T09:31:39.739Z","url":"/api/users/me/settings"}
{"duration":"80ms","ip":"::1","level":"info","message":"HTTP Request","method":"GET","statusCode":200,"timestamp":"2026-09-08T09:31:39.748Z","url":"/api/categories"}
{"duration":"132ms","ip":"::1","level":"info","message":"HTTP Request","method":"POST","statusCode":201,"timestamp":"2026-09-08T09:32:05.194Z","url":"/api/transactions"}
{"duration":"9ms","ip":"::1","level":"info","message":"HTTP Request","method":"GET","statusCode":200,"timestamp":"2026-09-08T09:32:05.212Z","url":"/api/transactions?page=1&limit=10"}
{"duration":"67ms","ip":"::1","level":"info","message":"HTTP Request","method":"POST","statusCode":201,"timestamp":"2026-09-08T09:32:33.226Z","url":"/api/transactions"}
{"duration":"13ms","ip":"::1","level":"info","message":"HTTP Request","method":"GET","statusCode":200,"timestamp":"2026-09-08T09:32:33.248Z","url":"/api/transactions?page=1&limit=10"}
{"duration":"218ms","ip":"::1","level":"info","message":"HTTP Request","method":"GET","statusCode":200,"timestamp":"2026-09-08T09:32:34.558Z","url":"/api/dashboard"}
{"duration":"69ms","ip":"::1","level":"info","message":"HTTP Request","method":"POST","statusCode":201,"timestamp":"2026-09-08T09:33:13.665Z","url":"/api/transactions"}
{"duration":"10ms","ip":"::1","level":"info","message":"HTTP Request","method":"GET","statusCode":200,"timestamp":"2026-09-08T09:33:13.685Z","url":"/api/transactions?page=1&limit=10"}
{"duration":"98ms","ip":"::1","level":"info","message":"HTTP Request","method":"GET","statusCode":200,"timestamp":"2026-09-08T09:33:16.486Z","url":"/api/dashboard"}
{"duration":"272ms","ip":"::1","level":"info","message":"HTTP Request","method":"GET","statusCode":304,"timestamp":"2026-09-08T10:08:19.993Z","url":"/api/auth/me"}
{"duration":"17ms","ip":"::1","level":"info","message":"HTTP Request","method":"GET","statusCode":304,"timestamp":"2026-09-08T10:08:20.110Z","url":"/api/users/me/settings"}
{"duration":"121ms","ip":"::1","level":"info","message":"HTTP Request","method":"GET","statusCode":304,"timestamp":"2026-09-08T10:08:20.682Z","url":"/api/categories"}
{"duration":"132ms","ip":"::1","level":"info","message":"HTTP Request","method":"GET","statusCode":304,"timestamp":"2026-09-08T10:08:20.691Z","url":"/api/dashboard"}
{"duration":"14ms","ip":"::1","level":"info","message":"HTTP Request","method":"POST","statusCode":200,"timestamp":"2026-09-08T10:08:30.350Z","url":"/api/auth/logout"}
{"duration":"428ms","ip":"::ffff:127.0.0.1","level":"info","message":"HTTP Request","method":"POST","statusCode":201,"timestamp":"2026-09-08T10:21:58.603Z","url":"/api/auth/register"}
{"duration":"373ms","ip":"::ffff:127.0.0.1","level":"info","message":"HTTP Request","method":"POST","statusCode":200,"timestamp":"2026-09-08T10:21:58.996Z","url":"/api/auth/login"}
{"duration":"30ms","ip":"::ffff:127.0.0.1","level":"info","message":"HTTP Request","method":"POST","statusCode":201,"timestamp":"2026-09-08T10:21:59.034Z","url":"/api/categories"}
{"duration":"1ms","ip":"::ffff:127.0.0.1","level":"info","message":"HTTP Request","method":"GET","statusCode":401,"timestamp":"2026-09-08T10:21:59.062Z","url":"/api/transactions"}
{"duration":"362ms","ip":"::ffff:127.0.0.1","level":"info","message":"HTTP Request","method":"POST","statusCode":201,"timestamp":"2026-09-08T10:21:59.445Z","url":"/api/auth/register"}
{"duration":"360ms","ip":"::ffff:127.0.0.1","level":"info","message":"HTTP Request","method":"POST","statusCode":200,"timestamp":"2026-09-08T10:21:59.812Z","url":"/api/auth/login"}
{"duration":"6ms","ip":"::ffff:127.0.0.1","level":"info","message":"HTTP Request","method":"POST","statusCode":201,"timestamp":"2026-09-08T10:21:59.825Z","url":"/api/categories"}
{"duration":"15ms","ip":"::ffff:127.0.0.1","level":"info","message":"HTTP Request","method":"POST","statusCode":201,"timestamp":"2026-09-08T10:21:59.844Z","url":"/api/transactions"}
{"duration":"360ms","ip":"::ffff:127.0.0.1","level":"info","message":"HTTP Request","method":"POST","statusCode":201,"timestamp":"2026-09-08T10:22:00.216Z","url":"/api/auth/register"}
{"duration":"359ms","ip":"::ffff:127.0.0.1","level":"info","message":"HTTP Request","method":"POST","statusCode":200,"timestamp":"2026-09-08T10:22:00.583Z","url":"/api/auth/login"}
{"duration":"6ms","ip":"::ffff:127.0.0.1","level":"info","message":"HTTP Request","method":"POST","statusCode":201,"timestamp":"2026-09-08T10:22:00.595Z","url":"/api/categories"}
{"duration":"5ms","ip":"::ffff:127.0.0.1","level":"info","message":"HTTP Request","method":"POST","statusCode":400,"timestamp":"2026-09-08T10:22:00.607Z","url":"/api/transactions"}
{"duration":"365ms","ip":"::ffff:127.0.0.1","level":"info","message":"HTTP Request","method":"POST","statusCode":201,"timestamp":"2026-09-08T10:22:00.984Z","url":"/api/auth/register"}
{"duration":"354ms","ip":"::ffff:127.0.0.1","level":"info","message":"HTTP Request","method":"POST","statusCode":200,"timestamp":"2026-09-08T10:22:01.344Z","url":"/api/auth/login"}
{"duration":"6ms","ip":"::ffff:127.0.0.1","level":"info","message":"HTTP Request","method":"POST","statusCode":201,"timestamp":"2026-09-08T10:22:01.356Z","url":"/api/categories"}
{"duration":"2ms","ip":"::ffff:127.0.0.1","level":"info","message":"HTTP Request","method":"POST","statusCode":400,"timestamp":"2026-09-08T10:22:01.362Z","url":"/api/transactions"}
{"duration":"355ms","ip":"::ffff:127.0.0.1","level":"info","message":"HTTP Request","method":"POST","statusCode":201,"timestamp":"2026-09-08T10:22:01.727Z","url":"/api/auth/register"}
{"duration":"313ms","ip":"::ffff:127.0.0.1","level":"info","message":"HTTP Request","method":"POST","statusCode":200,"timestamp":"2026-09-08T10:22:02.045Z","url":"/api/auth/login"}
{"duration":"5ms","ip":"::ffff:127.0.0.1","level":"info","message":"HTTP Request","method":"POST","statusCode":201,"timestamp":"2026-09-08T10:22:02.055Z","url":"/api/categories"}
{"duration":"1ms","ip":"::ffff:127.0.0.1","level":"info","message":"HTTP Request","method":"POST","statusCode":400,"timestamp":"2026-09-08T10:22:02.060Z","url":"/api/transactions"}
{"duration":"276ms","ip":"::ffff:127.0.0.1","level":"info","message":"HTTP Request","method":"POST","statusCode":201,"timestamp":"2026-09-08T10:22:02.346Z","url":"/api/auth/register"}
{"duration":"277ms","ip":"::ffff:127.0.0.1","level":"info","message":"HTTP Request","method":"POST","statusCode":200,"timestamp":"2026-09-08T10:22:02.629Z","url":"/api/auth/login"}
{"duration":"5ms","ip":"::ffff:127.0.0.1","level":"info","message":"HTTP Request","method":"POST","statusCode":201,"timestamp":"2026-09-08T10:22:02.639Z","url":"/api/categories"}
{"duration":"5ms","ip":"::ffff:127.0.0.1","level":"info","message":"HTTP Request","method":"POST","statusCode":201,"timestamp":"2026-09-08T10:22:02.647Z","url":"/api/transactions"}
{"duration":"21ms","ip":"::ffff:127.0.0.1","level":"info","message":"HTTP Request","method":"GET","statusCode":200,"timestamp":"2026-09-08T10:22:02.673Z","url":"/api/transactions?page=1&limit=10"}
{"duration":"276ms","ip":"::ffff:127.0.0.1","level":"info","message":"HTTP Request","method":"POST","statusCode":201,"timestamp":"2026-09-08T10:22:02.959Z","url":"/api/auth/register"}
{"duration":"273ms","ip":"::ffff:127.0.0.1","level":"info","message":"HTTP Request","method":"POST","statusCode":200,"timestamp":"2026-09-08T10:22:03.235Z","url":"/api/auth/login"}
{"duration":"4ms","ip":"::ffff:127.0.0.1","level":"info","message":"HTTP Request","method":"POST","statusCode":201,"timestamp":"2026-09-08T10:22:03.244Z","url":"/api/categories"}
{"duration":"5ms","ip":"::ffff:127.0.0.1","level":"info","message":"HTTP Request","method":"POST","statusCode":201,"timestamp":"2026-09-08T10:22:03.255Z","url":"/api/transactions"}
{"duration":"4ms","ip":"::ffff:127.0.0.1","level":"info","message":"HTTP Request","method":"GET","statusCode":200,"timestamp":"2026-09-08T10:22:03.262Z","url":"/api/transactions/2edd4fb5-9a31-44fb-92d0-0f2f7376d6d2"}
{"duration":"275ms","ip":"::ffff:127.0.0.1","level":"info","message":"HTTP Request","method":"POST","statusCode":201,"timestamp":"2026-09-08T10:22:03.545Z","url":"/api/auth/register"}
{"duration":"275ms","ip":"::ffff:127.0.0.1","level":"info","message":"HTTP Request","method":"POST","statusCode":200,"timestamp":"2026-09-08T10:22:03.824Z","url":"/api/auth/login"}
{"duration":"4ms","ip":"::ffff:127.0.0.1","level":"info","message":"HTTP Request","method":"POST","statusCode":201,"timestamp":"2026-09-08T10:22:03.832Z","url":"/api/categories"}
{"duration":"3ms","ip":"::ffff:127.0.0.1","level":"info","message":"HTTP Request","method":"GET","statusCode":404,"timestamp":"2026-09-08T10:22:03.841Z","url":"/api/transactions/11111111-1111-4111-8111-111111111111"}
{"duration":"276ms","ip":"::ffff:127.0.0.1","level":"info","message":"HTTP Request","method":"POST","statusCode":201,"timestamp":"2026-09-08T10:22:04.123Z","url":"/api/auth/register"}
{"duration":"275ms","ip":"::ffff:127.0.0.1","level":"info","message":"HTTP Request","method":"POST","statusCode":200,"timestamp":"2026-09-08T10:22:04.402Z","url":"/api/auth/login"}
{"duration":"7ms","ip":"::ffff:127.0.0.1","level":"info","message":"HTTP Request","method":"POST","statusCode":201,"timestamp":"2026-09-08T10:22:04.412Z","url":"/api/categories"}
{"duration":"3ms","ip":"::ffff:127.0.0.1","level":"info","message":"HTTP Request","method":"GET","statusCode":400,"timestamp":"2026-09-08T10:22:04.419Z","url":"/api/transactions/not-a-uuid"}
{"duration":"279ms","ip":"::ffff:127.0.0.1","level":"info","message":"HTTP Request","method":"POST","statusCode":201,"timestamp":"2026-09-08T10:22:04.707Z","url":"/api/auth/register"}
{"duration":"275ms","ip":"::ffff:127.0.0.1","level":"info","message":"HTTP Request","method":"POST","statusCode":200,"timestamp":"2026-09-08T10:22:04.985Z","url":"/api/auth/login"}
{"duration":"4ms","ip":"::ffff:127.0.0.1","level":"info","message":"HTTP Request","method":"POST","statusCode":201,"timestamp":"2026-09-08T10:22:04.992Z","url":"/api/categories"}
{"duration":"6ms","ip":"::ffff:127.0.0.1","level":"info","message":"HTTP Request","method":"POST","statusCode":201,"timestamp":"2026-09-08T10:22:05.001Z","url":"/api/transactions"}
{"duration":"10ms","ip":"::ffff:127.0.0.1","level":"info","message":"HTTP Request","method":"PATCH","statusCode":200,"timestamp":"2026-09-08T10:22:05.015Z","url":"/api/transactions/2b773f08-9c63-4aa0-bd97-291492cb60d0"}
{"duration":"276ms","ip":"::ffff:127.0.0.1","level":"info","message":"HTTP Request","method":"POST","statusCode":201,"timestamp":"2026-09-08T10:22:05.301Z","url":"/api/auth/register"}
{"duration":"275ms","ip":"::ffff:127.0.0.1","level":"info","message":"HTTP Request","method":"POST","statusCode":200,"timestamp":"2026-09-08T10:22:05.580Z","url":"/api/auth/login"}
{"duration":"4ms","ip":"::ffff:127.0.0.1","level":"info","message":"HTTP Request","method":"POST","statusCode":201,"timestamp":"2026-09-08T10:22:05.590Z","url":"/api/categories"}
{"duration":"4ms","ip":"::ffff:127.0.0.1","level":"info","message":"HTTP Request","method":"POST","statusCode":201,"timestamp":"2026-09-08T10:22:05.597Z","url":"/api/transactions"}
{"duration":"7ms","ip":"::ffff:127.0.0.1","level":"info","message":"HTTP Request","method":"DELETE","statusCode":200,"timestamp":"2026-09-08T10:22:05.619Z","url":"/api/transactions/ee462ca7-bd90-4533-ae75-dd3cd06616e4"}
{"duration":"269ms","ip":"::ffff:127.0.0.1","level":"info","message":"HTTP Request","method":"POST","statusCode":201,"timestamp":"2026-09-08T10:22:05.897Z","url":"/api/auth/register"}
{"duration":"275ms","ip":"::ffff:127.0.0.1","level":"info","message":"HTTP Request","method":"POST","statusCode":200,"timestamp":"2026-09-08T10:22:06.177Z","url":"/api/auth/login"}
{"duration":"4ms","ip":"::ffff:127.0.0.1","level":"info","message":"HTTP Request","method":"POST","statusCode":201,"timestamp":"2026-09-08T10:22:06.185Z","url":"/api/categories"}
{"duration":"276ms","ip":"::ffff:127.0.0.1","level":"info","message":"HTTP Request","method":"POST","statusCode":201,"timestamp":"2026-09-08T10:22:06.465Z","url":"/api/auth/register"}
{"duration":"275ms","ip":"::ffff:127.0.0.1","level":"info","message":"HTTP Request","method":"POST","statusCode":200,"timestamp":"2026-09-08T10:22:06.746Z","url":"/api/auth/login"}
{"duration":"8ms","ip":"::ffff:127.0.0.1","level":"info","message":"HTTP Request","method":"POST","statusCode":201,"timestamp":"2026-09-08T10:22:06.759Z","url":"/api/categories"}
{"duration":"5ms","ip":"::ffff:127.0.0.1","level":"info","message":"HTTP Request","method":"POST","statusCode":403,"timestamp":"2026-09-08T10:22:06.769Z","url":"/api/transactions"}
{"duration":"275ms","ip":"::ffff:127.0.0.1","level":"info","message":"HTTP Request","method":"POST","statusCode":201,"timestamp":"2026-09-08T10:22:07.055Z","url":"/api/auth/register"}
{"duration":"282ms","ip":"::ffff:127.0.0.1","level":"info","message":"HTTP Request","method":"POST","statusCode":200,"timestamp":"2026-09-08T10:22:07.340Z","url":"/api/auth/login"}
{"duration":"6ms","ip":"::ffff:127.0.0.1","level":"info","message":"HTTP Request","method":"POST","statusCode":201,"timestamp":"2026-09-08T10:22:07.350Z","url":"/api/categories"}
{"duration":"5ms","ip":"::ffff:127.0.0.1","level":"info","message":"HTTP Request","method":"POST","statusCode":201,"timestamp":"2026-09-08T10:22:07.360Z","url":"/api/transactions"}
{"duration":"271ms","ip":"::ffff:127.0.0.1","level":"info","message":"HTTP Request","method":"POST","statusCode":201,"timestamp":"2026-09-08T10:22:07.635Z","url":"/api/auth/register"}
{"duration":"291ms","ip":"::ffff:127.0.0.1","level":"info","message":"HTTP Request","method":"POST","statusCode":200,"timestamp":"2026-09-08T10:22:07.930Z","url":"/api/auth/login"}
{"duration":"5ms","ip":"::ffff:127.0.0.1","level":"info","message":"HTTP Request","method":"POST","statusCode":201,"timestamp":"2026-09-08T10:22:07.941Z","url":"/api/categories"}
{"duration":"3ms","ip":"::ffff:127.0.0.1","level":"info","message":"HTTP Request","method":"PATCH","statusCode":403,"timestamp":"2026-09-08T10:22:07.948Z","url":"/api/transactions/aba31cbf-4619-4fc8-b2d4-caf29763bd28"}
{"duration":"278ms","ip":"::ffff:127.0.0.1","level":"info","message":"HTTP Request","method":"POST","statusCode":201,"timestamp":"2026-09-08T10:22:08.236Z","url":"/api/auth/register"}
{"duration":"272ms","ip":"::ffff:127.0.0.1","level":"info","message":"HTTP Request","method":"POST","statusCode":200,"timestamp":"2026-09-08T10:22:08.511Z","url":"/api/auth/login"}
{"duration":"6ms","ip":"::ffff:127.0.0.1","level":"info","message":"HTTP Request","method":"POST","statusCode":201,"timestamp":"2026-09-08T10:22:08.522Z","url":"/api/categories"}
{"duration":"4ms","ip":"::ffff:127.0.0.1","level":"info","message":"HTTP Request","method":"POST","statusCode":201,"timestamp":"2026-09-08T10:22:08.530Z","url":"/api/transactions"}
{"duration":"277ms","ip":"::ffff:127.0.0.1","level":"info","message":"HTTP Request","method":"POST","statusCode":201,"timestamp":"2026-09-08T10:22:08.811Z","url":"/api/auth/register"}
{"duration":"276ms","ip":"::ffff:127.0.0.1","level":"info","message":"HTTP Request","method":"POST","statusCode":200,"timestamp":"2026-09-08T10:22:09.091Z","url":"/api/auth/login"}
{"duration":"3ms","ip":"::ffff:127.0.0.1","level":"info","message":"HTTP Request","method":"GET","statusCode":404,"timestamp":"2026-09-08T10:22:09.097Z","url":"/api/transactions/76fe4f88-ba77-4e06-855a-e995e500a88f"}
{"duration":"284ms","ip":"::ffff:127.0.0.1","level":"info","message":"HTTP Request","method":"POST","statusCode":201,"timestamp":"2026-09-08T10:22:10.059Z","url":"/api/auth/register"}
{"duration":"277ms","ip":"::ffff:127.0.0.1","level":"info","message":"HTTP Request","method":"POST","statusCode":200,"timestamp":"2026-09-08T10:22:10.343Z","url":"/api/auth/login"}
{"duration":"2ms","ip":"::ffff:127.0.0.1","level":"info","message":"HTTP Request","method":"GET","statusCode":401,"timestamp":"2026-09-08T10:22:10.350Z","url":"/api/users/me/settings"}
{"duration":"281ms","ip":"::ffff:127.0.0.1","level":"info","message":"HTTP Request","method":"POST","statusCode":201,"timestamp":"2026-09-08T10:22:10.642Z","url":"/api/auth/register"}
{"duration":"273ms","ip":"::ffff:127.0.0.1","level":"info","message":"HTTP Request","method":"POST","statusCode":200,"timestamp":"2026-09-08T10:22:10.920Z","url":"/api/auth/login"}
{"duration":"12ms","ip":"::ffff:127.0.0.1","level":"info","message":"HTTP Request","method":"GET","statusCode":200,"timestamp":"2026-09-08T10:22:10.935Z","url":"/api/users/me/settings"}
{"duration":"275ms","ip":"::ffff:127.0.0.1","level":"info","message":"HTTP Request","method":"POST","statusCode":201,"timestamp":"2026-09-08T10:22:11.219Z","url":"/api/auth/register"}
{"duration":"266ms","ip":"::ffff:127.0.0.1","level":"info","message":"HTTP Request","method":"POST","statusCode":200,"timestamp":"2026-09-08T10:22:11.489Z","url":"/api/auth/login"}
{"duration":"6ms","ip":"::ffff:127.0.0.1","level":"info","message":"HTTP Request","method":"GET","statusCode":200,"timestamp":"2026-09-08T10:22:11.499Z","url":"/api/users/me/settings"}
{"duration":"6ms","ip":"::ffff:127.0.0.1","level":"info","message":"HTTP Request","method":"PATCH","statusCode":200,"timestamp":"2026-09-08T10:22:11.511Z","url":"/api/users/me/settings"}
{"duration":"273ms","ip":"::ffff:127.0.0.1","level":"info","message":"HTTP Request","method":"POST","statusCode":201,"timestamp":"2026-09-08T10:22:11.793Z","url":"/api/auth/register"}
{"duration":"277ms","ip":"::ffff:127.0.0.1","level":"info","message":"HTTP Request","method":"POST","statusCode":200,"timestamp":"2026-09-08T10:22:12.073Z","url":"/api/auth/login"}
{"duration":"2ms","ip":"::ffff:127.0.0.1","level":"info","message":"HTTP Request","method":"PATCH","statusCode":400,"timestamp":"2026-09-08T10:22:12.080Z","url":"/api/users/me/settings"}
{"duration":"279ms","ip":"::ffff:127.0.0.1","level":"info","message":"HTTP Request","method":"POST","statusCode":201,"timestamp":"2026-09-08T10:22:12.370Z","url":"/api/auth/register"}
{"duration":"273ms","ip":"::ffff:127.0.0.1","level":"info","message":"HTTP Request","method":"POST","statusCode":200,"timestamp":"2026-09-08T10:22:12.647Z","url":"/api/auth/login"}
{"duration":"5ms","ip":"::ffff:127.0.0.1","level":"info","message":"HTTP Request","method":"GET","statusCode":200,"timestamp":"2026-09-08T10:22:12.657Z","url":"/api/users/me/settings"}
{"duration":"4ms","ip":"::ffff:127.0.0.1","level":"info","message":"HTTP Request","method":"PATCH","statusCode":200,"timestamp":"2026-09-08T10:22:12.665Z","url":"/api/users/me/settings"}
{"duration":"4ms","ip":"::ffff:127.0.0.1","level":"info","message":"HTTP Request","method":"GET","statusCode":200,"timestamp":"2026-09-08T10:22:12.674Z","url":"/api/users/me/settings"}
{"duration":"1ms","ip":"::ffff:127.0.0.1","level":"info","message":"HTTP Request","method":"PATCH","statusCode":400,"timestamp":"2026-09-08T10:22:12.679Z","url":"/api/users/me/settings"}
{"duration":"269ms","ip":"::ffff:127.0.0.1","level":"info","message":"HTTP Request","method":"POST","statusCode":201,"timestamp":"2026-09-08T10:22:12.958Z","url":"/api/auth/register"}
{"duration":"272ms","ip":"::ffff:127.0.0.1","level":"info","message":"HTTP Request","method":"POST","statusCode":200,"timestamp":"2026-09-08T10:22:13.234Z","url":"/api/auth/login"}
{"duration":"2ms","ip":"::ffff:127.0.0.1","level":"info","message":"HTTP Request","method":"PATCH","statusCode":400,"timestamp":"2026-09-08T10:22:13.240Z","url":"/api/users/me/settings"}
{"duration":"1ms","ip":"::ffff:127.0.0.1","level":"info","message":"HTTP Request","method":"PATCH","statusCode":400,"timestamp":"2026-09-08T10:22:13.244Z","url":"/api/users/me/settings"}
{"duration":"280ms","ip":"::ffff:127.0.0.1","level":"info","message":"HTTP Request","method":"POST","statusCode":201,"timestamp":"2026-09-08T10:22:13.534Z","url":"/api/auth/register"}
{"duration":"275ms","ip":"::ffff:127.0.0.1","level":"info","message":"HTTP Request","method":"POST","statusCode":200,"timestamp":"2026-09-08T10:22:13.814Z","url":"/api/auth/login"}
{"duration":"4ms","ip":"::ffff:127.0.0.1","level":"info","message":"HTTP Request","method":"POST","statusCode":201,"timestamp":"2026-09-08T10:22:13.824Z","url":"/api/users/me/settings"}
{"duration":"117ms","ip":"::ffff:127.0.0.1","level":"info","message":"HTTP Request","method":"POST","statusCode":409,"timestamp":"2026-09-08T10:22:13.944Z","url":"/api/users/me/settings"}
{"duration":"284ms","ip":"::ffff:127.0.0.1","level":"info","message":"HTTP Request","method":"POST","statusCode":201,"timestamp":"2026-09-08T10:22:14.415Z","url":"/api/auth/register"}
{"duration":"274ms","ip":"::ffff:127.0.0.1","level":"info","message":"HTTP Request","method":"POST","statusCode":200,"timestamp":"2026-09-08T10:22:14.694Z","url":"/api/auth/login"}
{"duration":"9ms","ip":"::ffff:127.0.0.1","level":"info","message":"HTTP Request","method":"PATCH","statusCode":404,"timestamp":"2026-09-08T10:22:14.707Z","url":"/api/users/me/settings"}
{"duration":"277ms","ip":"::ffff:127.0.0.1","level":"info","message":"HTTP Request","method":"POST","statusCode":201,"timestamp":"2026-09-08T10:22:15.635Z","url":"/api/auth/register"}
{"duration":"272ms","ip":"::ffff:127.0.0.1","level":"info","message":"HTTP Request","method":"POST","statusCode":200,"timestamp":"2026-09-08T10:22:15.912Z","url":"/api/auth/login"}
{"duration":"1ms","ip":"::ffff:127.0.0.1","level":"info","message":"HTTP Request","method":"GET","statusCode":401,"timestamp":"2026-09-08T10:22:15.917Z","url":"/api/users/me"}
{"duration":"279ms","ip":"::ffff:127.0.0.1","level":"info","message":"HTTP Request","method":"POST","statusCode":201,"timestamp":"2026-09-08T10:22:16.206Z","url":"/api/auth/register"}
{"duration":"275ms","ip":"::ffff:127.0.0.1","level":"info","message":"HTTP Request","method":"POST","statusCode":200,"timestamp":"2026-09-08T10:22:16.487Z","url":"/api/auth/login"}
{"duration":"5ms","ip":"::ffff:127.0.0.1","level":"info","message":"HTTP Request","method":"GET","statusCode":200,"timestamp":"2026-09-08T10:22:16.496Z","url":"/api/users/me"}
{"duration":"277ms","ip":"::ffff:127.0.0.1","level":"info","message":"HTTP Request","method":"POST","statusCode":201,"timestamp":"2026-09-08T10:22:16.786Z","url":"/api/auth/register"}
{"duration":"268ms","ip":"::ffff:127.0.0.1","level":"info","message":"HTTP Request","method":"POST","statusCode":200,"timestamp":"2026-09-08T10:22:17.061Z","url":"/api/auth/login"}
{"duration":"3ms","ip":"::ffff:127.0.0.1","level":"info","message":"HTTP Request","method":"PATCH","statusCode":400,"timestamp":"2026-09-08T10:22:17.069Z","url":"/api/users/me"}
{"duration":"275ms","ip":"::ffff:127.0.0.1","level":"info","message":"HTTP Request","method":"POST","statusCode":201,"timestamp":"2026-09-08T10:22:17.352Z","url":"/api/auth/register"}
{"duration":"273ms","ip":"::ffff:127.0.0.1","level":"info","message":"HTTP Request","method":"POST","statusCode":200,"timestamp":"2026-09-08T10:22:17.629Z","url":"/api/auth/login"}
{"duration":"4ms","ip":"::ffff:127.0.0.1","level":"info","message":"HTTP Request","method":"PATCH","statusCode":200,"timestamp":"2026-09-08T10:22:17.638Z","url":"/api/users/me"}
{"duration":"280ms","ip":"::ffff:127.0.0.1","level":"info","message":"HTTP Request","method":"POST","statusCode":201,"timestamp":"2026-09-08T10:22:17.924Z","url":"/api/auth/register"}
{"duration":"273ms","ip":"::ffff:127.0.0.1","level":"info","message":"HTTP Request","method":"POST","statusCode":200,"timestamp":"2026-09-08T10:22:18.201Z","url":"/api/auth/login"}
{"duration":"0ms","ip":"::ffff:127.0.0.1","level":"info","message":"HTTP Request","method":"POST","statusCode":401,"timestamp":"2026-09-08T10:22:18.208Z","url":"/api/users/me/profile-picture"}
{"duration":"277ms","ip":"::ffff:127.0.0.1","level":"info","message":"HTTP Request","method":"POST","statusCode":201,"timestamp":"2026-09-08T10:22:18.492Z","url":"/api/auth/register"}
{"duration":"279ms","ip":"::ffff:127.0.0.1","level":"info","message":"HTTP Request","method":"POST","statusCode":200,"timestamp":"2026-09-08T10:22:18.775Z","url":"/api/auth/login"}
{"duration":"3ms","ip":"::ffff:127.0.0.1","level":"info","message":"HTTP Request","method":"POST","statusCode":400,"timestamp":"2026-09-08T10:22:18.782Z","url":"/api/users/me/profile-picture"}
{"duration":"276ms","ip":"::ffff:127.0.0.1","level":"info","message":"HTTP Request","method":"POST","statusCode":201,"timestamp":"2026-09-08T10:22:19.067Z","url":"/api/auth/register"}
{"duration":"275ms","ip":"::ffff:127.0.0.1","level":"info","message":"HTTP Request","method":"POST","statusCode":200,"timestamp":"2026-09-08T10:22:19.346Z","url":"/api/auth/login"}
{"duration":"7ms","ip":"::ffff:127.0.0.1","level":"info","message":"HTTP Request","method":"POST","statusCode":400,"timestamp":"2026-09-08T10:22:19.360Z","url":"/api/users/me/profile-picture"}
{"duration":"279ms","ip":"::ffff:127.0.0.1","level":"info","message":"HTTP Request","method":"POST","statusCode":201,"timestamp":"2026-09-08T10:22:19.651Z","url":"/api/auth/register"}
{"duration":"275ms","ip":"::ffff:127.0.0.1","level":"info","message":"HTTP Request","method":"POST","statusCode":200,"timestamp":"2026-09-08T10:22:19.930Z","url":"/api/auth/login"}
{"duration":"836ms","ip":"::ffff:127.0.0.1","level":"info","message":"HTTP Request","method":"PATCH","statusCode":200,"timestamp":"2026-09-08T10:22:20.772Z","url":"/api/users/me/password"}
{"duration":"284ms","ip":"::ffff:127.0.0.1","level":"info","message":"HTTP Request","method":"POST","statusCode":201,"timestamp":"2026-09-08T10:22:21.069Z","url":"/api/auth/register"}
{"duration":"275ms","ip":"::ffff:127.0.0.1","level":"info","message":"HTTP Request","method":"POST","statusCode":200,"timestamp":"2026-09-08T10:22:21.348Z","url":"/api/auth/login"}
{"duration":"281ms","ip":"::ffff:127.0.0.1","level":"info","message":"HTTP Request","method":"PATCH","statusCode":400,"timestamp":"2026-09-08T10:22:21.634Z","url":"/api/users/me/password"}
{"duration":"279ms","ip":"::ffff:127.0.0.1","level":"info","message":"HTTP Request","method":"POST","statusCode":201,"timestamp":"2026-09-08T10:22:21.922Z","url":"/api/auth/register"}
{"duration":"281ms","ip":"::ffff:127.0.0.1","level":"info","message":"HTTP Request","method":"POST","statusCode":200,"timestamp":"2026-09-08T10:22:22.207Z","url":"/api/auth/login"}
{"duration":"2ms","ip":"::ffff:127.0.0.1","level":"info","message":"HTTP Request","method":"PATCH","statusCode":400,"timestamp":"2026-09-08T10:22:22.213Z","url":"/api/users/me/password"}
{"duration":"1ms","ip":"::ffff:127.0.0.1","level":"info","message":"HTTP Request","method":"GET","statusCode":200,"timestamp":"2026-09-08T10:22:23.021Z","url":"/"}
{"duration":"1ms","ip":"::ffff:127.0.0.1","level":"info","message":"HTTP Request","method":"GET","statusCode":200,"timestamp":"2026-09-08T10:22:23.033Z","url":"/health"}
{"duration":"16ms","ip":"::ffff:127.0.0.1","level":"info","message":"HTTP Request","method":"GET","statusCode":200,"timestamp":"2026-09-08T10:22:23.061Z","url":"/db-check"}
{"duration":"282ms","ip":"::ffff:127.0.0.1","level":"info","message":"HTTP Request","method":"POST","statusCode":201,"timestamp":"2026-09-08T10:22:24.103Z","url":"/api/auth/register"}
{"duration":"280ms","ip":"::ffff:127.0.0.1","level":"info","message":"HTTP Request","method":"POST","statusCode":201,"timestamp":"2026-09-08T10:22:24.392Z","url":"/api/auth/register"}
{"duration":"2ms","ip":"::ffff:127.0.0.1","level":"info","message":"HTTP Request","method":"POST","statusCode":409,"timestamp":"2026-09-08T10:22:24.398Z","url":"/api/auth/register"}
{"duration":"1ms","ip":"::ffff:127.0.0.1","level":"info","message":"HTTP Request","method":"POST","statusCode":400,"timestamp":"2026-09-08T10:22:24.416Z","url":"/api/auth/register"}
{"duration":"1ms","ip":"::ffff:127.0.0.1","level":"info","message":"HTTP Request","method":"POST","statusCode":400,"timestamp":"2026-09-08T10:22:24.425Z","url":"/api/auth/register"}
{"duration":"0ms","ip":"::ffff:127.0.0.1","level":"info","message":"HTTP Request","method":"POST","statusCode":400,"timestamp":"2026-09-08T10:22:24.432Z","url":"/api/auth/register"}
{"duration":"284ms","ip":"::ffff:127.0.0.1","level":"info","message":"HTTP Request","method":"POST","statusCode":201,"timestamp":"2026-09-08T10:22:24.724Z","url":"/api/auth/register"}
{"duration":"269ms","ip":"::ffff:127.0.0.1","level":"info","message":"HTTP Request","method":"POST","statusCode":200,"timestamp":"2026-09-08T10:22:24.997Z","url":"/api/auth/login"}
{"duration":"281ms","ip":"::ffff:127.0.0.1","level":"info","message":"HTTP Request","method":"POST","statusCode":201,"timestamp":"2026-09-08T10:22:25.289Z","url":"/api/auth/register"}
{"duration":"273ms","ip":"::ffff:127.0.0.1","level":"info","message":"HTTP Request","method":"POST","statusCode":401,"timestamp":"2026-09-08T10:22:25.568Z","url":"/api/auth/login"}
{"duration":"296ms","ip":"::ffff:127.0.0.1","level":"info","message":"HTTP Request","method":"POST","statusCode":201,"timestamp":"2026-09-08T10:22:25.874Z","url":"/api/auth/register"}
{"duration":"1ms","ip":"::ffff:127.0.0.1","level":"info","message":"HTTP Request","method":"POST","statusCode":401,"timestamp":"2026-09-08T10:22:25.880Z","url":"/api/auth/login"}
{"duration":"281ms","ip":"::ffff:127.0.0.1","level":"info","message":"HTTP Request","method":"POST","statusCode":201,"timestamp":"2026-09-08T10:22:26.171Z","url":"/api/auth/register"}
{"level":"info","message":"Password reset email sent","timestamp":"2026-09-08T10:22:26.185Z","userId":"c56f0c6a-b01a-4f20-8b01-d37366b03520"}
{"duration":"17ms","ip":"::ffff:127.0.0.1","level":"info","message":"HTTP Request","method":"POST","statusCode":200,"timestamp":"2026-09-08T10:22:26.192Z","url":"/api/auth/forgot-password"}
{"duration":"1ms","ip":"::ffff:127.0.0.1","level":"info","message":"HTTP Request","method":"POST","statusCode":200,"timestamp":"2026-09-08T10:22:26.197Z","url":"/api/auth/forgot-password"}
{"duration":"6ms","ip":"::ffff:127.0.0.1","level":"info","message":"HTTP Request","method":"POST","statusCode":400,"timestamp":"2026-09-08T10:22:26.213Z","url":"/api/auth/reset-password"}
{"duration":"277ms","ip":"::ffff:127.0.0.1","level":"info","message":"HTTP Request","method":"POST","statusCode":201,"timestamp":"2026-09-08T10:22:26.499Z","url":"/api/auth/register"}
{"duration":"276ms","ip":"::ffff:127.0.0.1","level":"info","message":"HTTP Request","method":"POST","statusCode":200,"timestamp":"2026-09-08T10:22:26.781Z","url":"/api/auth/login"}
{"duration":"0ms","ip":"::ffff:127.0.0.1","level":"info","message":"HTTP Request","method":"GET","statusCode":401,"timestamp":"2026-09-08T10:22:26.786Z","url":"/api/auth/me"}
{"duration":"272ms","ip":"::ffff:127.0.0.1","level":"info","message":"HTTP Request","method":"POST","statusCode":201,"timestamp":"2026-09-08T10:22:27.066Z","url":"/api/auth/register"}
{"duration":"274ms","ip":"::ffff:127.0.0.1","level":"info","message":"HTTP Request","method":"POST","statusCode":200,"timestamp":"2026-09-08T10:22:27.345Z","url":"/api/auth/login"}
{"duration":"6ms","ip":"::ffff:127.0.0.1","level":"info","message":"HTTP Request","method":"GET","statusCode":200,"timestamp":"2026-09-08T10:22:27.356Z","url":"/api/auth/me"}
{"duration":"273ms","ip":"::ffff:127.0.0.1","level":"info","message":"HTTP Request","method":"POST","statusCode":201,"timestamp":"2026-09-08T10:22:27.640Z","url":"/api/auth/register"}
{"duration":"269ms","ip":"::ffff:127.0.0.1","level":"info","message":"HTTP Request","method":"POST","statusCode":200,"timestamp":"2026-09-08T10:22:27.913Z","url":"/api/auth/login"}
{"duration":"1ms","ip":"::ffff:127.0.0.1","level":"info","message":"HTTP Request","method":"GET","statusCode":401,"timestamp":"2026-09-08T10:22:27.919Z","url":"/api/auth/me"}
{"duration":"278ms","ip":"::ffff:127.0.0.1","level":"info","message":"HTTP Request","method":"POST","statusCode":201,"timestamp":"2026-09-08T10:22:28.206Z","url":"/api/auth/register"}
{"duration":"276ms","ip":"::ffff:127.0.0.1","level":"info","message":"HTTP Request","method":"POST","statusCode":200,"timestamp":"2026-09-08T10:22:28.486Z","url":"/api/auth/login"}
{"duration":"9ms","ip":"::ffff:127.0.0.1","level":"info","message":"HTTP Request","method":"GET","statusCode":401,"timestamp":"2026-09-08T10:22:28.501Z","url":"/api/auth/me"}
{"duration":"285ms","ip":"::ffff:127.0.0.1","level":"info","message":"HTTP Request","method":"POST","statusCode":201,"timestamp":"2026-09-08T10:22:29.360Z","url":"/api/auth/register"}
{"duration":"285ms","ip":"::ffff:127.0.0.1","level":"info","message":"HTTP Request","method":"POST","statusCode":200,"timestamp":"2026-09-08T10:22:29.650Z","url":"/api/auth/login"}
{"duration":"40ms","ip":"::ffff:127.0.0.1","level":"info","message":"HTTP Request","method":"POST","statusCode":201,"timestamp":"2026-09-08T10:22:29.694Z","url":"/api/categories"}
{"duration":"8ms","ip":"::ffff:127.0.0.1","level":"info","message":"HTTP Request","method":"GET","statusCode":200,"timestamp":"2026-09-08T10:22:29.707Z","url":"/api/users/me/settings"}
{"duration":"4ms","ip":"::ffff:127.0.0.1","level":"info","message":"HTTP Request","method":"PATCH","statusCode":200,"timestamp":"2026-09-08T10:22:29.715Z","url":"/api/users/me/settings"}
{"duration":"13ms","ip":"::ffff:127.0.0.1","level":"info","message":"HTTP Request","method":"POST","statusCode":201,"timestamp":"2026-09-08T10:22:29.734Z","url":"/api/budgets"}
{"duration":"13ms","ip":"::ffff:127.0.0.1","level":"info","message":"HTTP Request","method":"POST","statusCode":201,"timestamp":"2026-09-08T10:22:29.754Z","url":"/api/transactions"}
{"duration":"195ms","ip":"::ffff:127.0.0.1","level":"info","message":"HTTP Request","method":"POST","statusCode":201,"timestamp":"2026-09-08T10:22:30.014Z","url":"/api/transactions"}
{"duration":"271ms","ip":"::ffff:127.0.0.1","level":"info","message":"HTTP Request","method":"POST","statusCode":201,"timestamp":"2026-09-08T10:22:30.342Z","url":"/api/auth/register"}
{"duration":"275ms","ip":"::ffff:127.0.0.1","level":"info","message":"HTTP Request","method":"POST","statusCode":200,"timestamp":"2026-09-08T10:22:30.623Z","url":"/api/auth/login"}
{"duration":"4ms","ip":"::ffff:127.0.0.1","level":"info","message":"HTTP Request","method":"POST","statusCode":201,"timestamp":"2026-09-08T10:22:30.630Z","url":"/api/categories"}
{"duration":"5ms","ip":"::ffff:127.0.0.1","level":"info","message":"HTTP Request","method":"GET","statusCode":200,"timestamp":"2026-09-08T10:22:30.640Z","url":"/api/users/me/settings"}
{"duration":"3ms","ip":"::ffff:127.0.0.1","level":"info","message":"HTTP Request","method":"PATCH","statusCode":200,"timestamp":"2026-09-08T10:22:30.646Z","url":"/api/users/me/settings"}
{"duration":"7ms","ip":"::ffff:127.0.0.1","level":"info","message":"HTTP Request","method":"POST","statusCode":201,"timestamp":"2026-09-08T10:22:30.656Z","url":"/api/budgets"}
{"duration":"3ms","ip":"::ffff:127.0.0.1","level":"info","message":"HTTP Request","method":"PATCH","statusCode":200,"timestamp":"2026-09-08T10:22:30.663Z","url":"/api/users/me/settings"}
{"duration":"7ms","ip":"::ffff:127.0.0.1","level":"info","message":"HTTP Request","method":"POST","statusCode":201,"timestamp":"2026-09-08T10:22:30.676Z","url":"/api/transactions"}
{"duration":"275ms","ip":"::ffff:127.0.0.1","level":"info","message":"HTTP Request","method":"POST","statusCode":201,"timestamp":"2026-09-08T10:22:32.118Z","url":"/api/auth/register"}
{"duration":"270ms","ip":"::ffff:127.0.0.1","level":"info","message":"HTTP Request","method":"POST","statusCode":200,"timestamp":"2026-09-08T10:22:32.392Z","url":"/api/auth/login"}
{"duration":"4ms","ip":"::ffff:127.0.0.1","level":"info","message":"HTTP Request","method":"POST","statusCode":201,"timestamp":"2026-09-08T10:22:32.400Z","url":"/api/categories"}
{"duration":"4ms","ip":"::ffff:127.0.0.1","level":"info","message":"HTTP Request","method":"GET","statusCode":200,"timestamp":"2026-09-08T10:22:32.408Z","url":"/api/users/me/settings"}
{"duration":"3ms","ip":"::ffff:127.0.0.1","level":"info","message":"HTTP Request","method":"PATCH","statusCode":200,"timestamp":"2026-09-08T10:22:32.414Z","url":"/api/users/me/settings"}
{"duration":"6ms","ip":"::ffff:127.0.0.1","level":"info","message":"HTTP Request","method":"POST","statusCode":201,"timestamp":"2026-09-08T10:22:32.424Z","url":"/api/budgets"}
{"duration":"4ms","ip":"::ffff:127.0.0.1","level":"info","message":"HTTP Request","method":"POST","statusCode":201,"timestamp":"2026-09-08T10:22:32.432Z","url":"/api/transactions"}
{"duration":"5ms","ip":"::ffff:127.0.0.1","level":"info","message":"HTTP Request","method":"POST","statusCode":201,"timestamp":"2026-09-08T10:22:32.508Z","url":"/api/transactions"}
{"duration":"284ms","ip":"::ffff:127.0.0.1","level":"info","message":"HTTP Request","method":"POST","statusCode":201,"timestamp":"2026-09-08T10:22:32.978Z","url":"/api/auth/register"}
{"duration":"272ms","ip":"::ffff:127.0.0.1","level":"info","message":"HTTP Request","method":"POST","statusCode":200,"timestamp":"2026-09-08T10:22:33.255Z","url":"/api/auth/login"}
{"duration":"6ms","ip":"::ffff:127.0.0.1","level":"info","message":"HTTP Request","method":"POST","statusCode":201,"timestamp":"2026-09-08T10:22:33.265Z","url":"/api/categories"}
{"duration":"4ms","ip":"::ffff:127.0.0.1","level":"info","message":"HTTP Request","method":"GET","statusCode":200,"timestamp":"2026-09-08T10:22:33.273Z","url":"/api/users/me/settings"}
{"duration":"2ms","ip":"::ffff:127.0.0.1","level":"info","message":"HTTP Request","method":"PATCH","statusCode":200,"timestamp":"2026-09-08T10:22:33.279Z","url":"/api/users/me/settings"}
{"duration":"7ms","ip":"::ffff:127.0.0.1","level":"info","message":"HTTP Request","method":"POST","statusCode":201,"timestamp":"2026-09-08T10:22:33.290Z","url":"/api/budgets"}
{"duration":"4ms","ip":"::ffff:127.0.0.1","level":"info","message":"HTTP Request","method":"PATCH","statusCode":200,"timestamp":"2026-09-08T10:22:33.297Z","url":"/api/users/me/settings"}
{"duration":"5ms","ip":"::ffff:127.0.0.1","level":"info","message":"HTTP Request","method":"POST","statusCode":201,"timestamp":"2026-09-08T10:22:33.306Z","url":"/api/transactions"}
{"duration":"362ms","ip":"::ffff:127.0.0.1","level":"info","message":"HTTP Request","method":"POST","statusCode":201,"timestamp":"2026-09-08T10:22:35.665Z","url":"/api/auth/register"}
{"duration":"360ms","ip":"::ffff:127.0.0.1","level":"info","message":"HTTP Request","method":"POST","statusCode":200,"timestamp":"2026-09-08T10:22:36.031Z","url":"/api/auth/login"}
{"duration":"1ms","ip":"::ffff:127.0.0.1","level":"info","message":"HTTP Request","method":"GET","statusCode":401,"timestamp":"2026-09-08T10:22:36.038Z","url":"/api/dashboard"}
{"duration":"372ms","ip":"::ffff:127.0.0.1","level":"info","message":"HTTP Request","method":"POST","statusCode":201,"timestamp":"2026-09-08T10:22:36.422Z","url":"/api/auth/register"}
{"duration":"362ms","ip":"::ffff:127.0.0.1","level":"info","message":"HTTP Request","method":"POST","statusCode":200,"timestamp":"2026-09-08T10:22:36.788Z","url":"/api/auth/login"}
{"duration":"108ms","ip":"::ffff:127.0.0.1","level":"info","message":"HTTP Request","method":"GET","statusCode":200,"timestamp":"2026-09-08T10:22:36.900Z","url":"/api/dashboard"}
{"duration":"364ms","ip":"::ffff:127.0.0.1","level":"info","message":"HTTP Request","method":"POST","statusCode":201,"timestamp":"2026-09-08T10:22:37.297Z","url":"/api/auth/register"}
{"duration":"365ms","ip":"::ffff:127.0.0.1","level":"info","message":"HTTP Request","method":"POST","statusCode":200,"timestamp":"2026-09-08T10:22:37.667Z","url":"/api/auth/login"}
{"duration":"8ms","ip":"::ffff:127.0.0.1","level":"info","message":"HTTP Request","method":"POST","statusCode":201,"timestamp":"2026-09-08T10:22:37.680Z","url":"/api/categories"}
{"duration":"10ms","ip":"::ffff:127.0.0.1","level":"info","message":"HTTP Request","method":"POST","statusCode":201,"timestamp":"2026-09-08T10:22:37.696Z","url":"/api/transactions"}
{"duration":"7ms","ip":"::ffff:127.0.0.1","level":"info","message":"HTTP Request","method":"GET","statusCode":200,"timestamp":"2026-09-08T10:22:37.711Z","url":"/api/dashboard"}
{"duration":"370ms","ip":"::ffff:127.0.0.1","level":"info","message":"HTTP Request","method":"POST","statusCode":201,"timestamp":"2026-09-08T10:22:38.821Z","url":"/api/auth/register"}
{"duration":"360ms","ip":"::ffff:127.0.0.1","level":"info","message":"HTTP Request","method":"POST","statusCode":200,"timestamp":"2026-09-08T10:22:39.187Z","url":"/api/auth/login"}
{"duration":"0ms","ip":"::ffff:127.0.0.1","level":"info","message":"HTTP Request","method":"GET","statusCode":401,"timestamp":"2026-09-08T10:22:39.192Z","url":"/api/categories"}
{"duration":"357ms","ip":"::ffff:127.0.0.1","level":"info","message":"HTTP Request","method":"POST","statusCode":201,"timestamp":"2026-09-08T10:22:39.560Z","url":"/api/auth/register"}
{"duration":"358ms","ip":"::ffff:127.0.0.1","level":"info","message":"HTTP Request","method":"POST","statusCode":200,"timestamp":"2026-09-08T10:22:39.923Z","url":"/api/auth/login"}
{"duration":"11ms","ip":"::ffff:127.0.0.1","level":"info","message":"HTTP Request","method":"POST","statusCode":201,"timestamp":"2026-09-08T10:22:39.939Z","url":"/api/categories"}
{"duration":"362ms","ip":"::ffff:127.0.0.1","level":"info","message":"HTTP Request","method":"POST","statusCode":201,"timestamp":"2026-09-08T10:22:40.311Z","url":"/api/auth/register"}
{"duration":"360ms","ip":"::ffff:127.0.0.1","level":"info","message":"HTTP Request","method":"POST","statusCode":200,"timestamp":"2026-09-08T10:22:40.676Z","url":"/api/auth/login"}
{"duration":"3ms","ip":"::ffff:127.0.0.1","level":"info","message":"HTTP Request","method":"POST","statusCode":400,"timestamp":"2026-09-08T10:22:40.683Z","url":"/api/categories"}
{"duration":"320ms","ip":"::ffff:127.0.0.1","level":"info","message":"HTTP Request","method":"POST","statusCode":201,"timestamp":"2026-09-08T10:22:41.012Z","url":"/api/auth/register"}
{"duration":"305ms","ip":"::ffff:127.0.0.1","level":"info","message":"HTTP Request","method":"POST","statusCode":200,"timestamp":"2026-09-08T10:22:41.322Z","url":"/api/auth/login"}
{"duration":"4ms","ip":"::ffff:127.0.0.1","level":"info","message":"HTTP Request","method":"POST","statusCode":201,"timestamp":"2026-09-08T10:22:41.330Z","url":"/api/categories"}
{"duration":"4ms","ip":"::ffff:127.0.0.1","level":"info","message":"HTTP Request","method":"POST","statusCode":409,"timestamp":"2026-09-08T10:22:41.338Z","url":"/api/categories"}
{"duration":"281ms","ip":"::ffff:127.0.0.1","level":"info","message":"HTTP Request","method":"POST","statusCode":201,"timestamp":"2026-09-08T10:22:41.627Z","url":"/api/auth/register"}
{"duration":"274ms","ip":"::ffff:127.0.0.1","level":"info","message":"HTTP Request","method":"POST","statusCode":200,"timestamp":"2026-09-08T10:22:41.905Z","url":"/api/auth/login"}
{"duration":"3ms","ip":"::ffff:127.0.0.1","level":"info","message":"HTTP Request","method":"POST","statusCode":201,"timestamp":"2026-09-08T10:22:41.912Z","url":"/api/categories"}
{"duration":"7ms","ip":"::ffff:127.0.0.1","level":"info","message":"HTTP Request","method":"GET","statusCode":200,"timestamp":"2026-09-08T10:22:41.924Z","url":"/api/categories"}
{"duration":"270ms","ip":"::ffff:127.0.0.1","level":"info","message":"HTTP Request","method":"POST","statusCode":201,"timestamp":"2026-09-08T10:22:42.204Z","url":"/api/auth/register"}
{"duration":"270ms","ip":"::ffff:127.0.0.1","level":"info","message":"HTTP Request","method":"POST","statusCode":200,"timestamp":"2026-09-08T10:22:42.478Z","url":"/api/auth/login"}
{"duration":"4ms","ip":"::ffff:127.0.0.1","level":"info","message":"HTTP Request","method":"POST","statusCode":201,"timestamp":"2026-09-08T10:22:42.489Z","url":"/api/categories"}
{"duration":"9ms","ip":"::ffff:127.0.0.1","level":"info","message":"HTTP Request","method":"PATCH","statusCode":200,"timestamp":"2026-09-08T10:22:42.501Z","url":"/api/categories/0b26ab94-5305-469c-a43d-35d1df7f9dab"}
{"duration":"277ms","ip":"::ffff:127.0.0.1","level":"info","message":"HTTP Request","method":"POST","statusCode":201,"timestamp":"2026-09-08T10:22:42.790Z","url":"/api/auth/register"}
{"duration":"274ms","ip":"::ffff:127.0.0.1","level":"info","message":"HTTP Request","method":"POST","statusCode":200,"timestamp":"2026-09-08T10:22:43.067Z","url":"/api/auth/login"}
{"duration":"2ms","ip":"::ffff:127.0.0.1","level":"info","message":"HTTP Request","method":"PATCH","statusCode":400,"timestamp":"2026-09-08T10:22:43.073Z","url":"/api/categories/not-a-uuid"}
{"duration":"276ms","ip":"::ffff:127.0.0.1","level":"info","message":"HTTP Request","method":"POST","statusCode":201,"timestamp":"2026-09-08T10:22:43.358Z","url":"/api/auth/register"}
{"duration":"269ms","ip":"::ffff:127.0.0.1","level":"info","message":"HTTP Request","method":"POST","statusCode":200,"timestamp":"2026-09-08T10:22:43.631Z","url":"/api/auth/login"}
{"duration":"3ms","ip":"::ffff:127.0.0.1","level":"info","message":"HTTP Request","method":"PATCH","statusCode":404,"timestamp":"2026-09-08T10:22:43.639Z","url":"/api/categories/11111111-1111-4111-8111-111111111111"}
{"duration":"276ms","ip":"::ffff:127.0.0.1","level":"info","message":"HTTP Request","method":"POST","statusCode":201,"timestamp":"2026-09-08T10:22:43.922Z","url":"/api/auth/register"}
{"duration":"276ms","ip":"::ffff:127.0.0.1","level":"info","message":"HTTP Request","method":"POST","statusCode":200,"timestamp":"2026-09-08T10:22:44.201Z","url":"/api/auth/login"}
{"duration":"7ms","ip":"::ffff:127.0.0.1","level":"info","message":"HTTP Request","method":"POST","statusCode":201,"timestamp":"2026-09-08T10:22:44.212Z","url":"/api/categories"}
{"duration":"11ms","ip":"::ffff:127.0.0.1","level":"info","message":"HTTP Request","method":"DELETE","statusCode":200,"timestamp":"2026-09-08T10:22:44.228Z","url":"/api/categories/cbfd3706-9bc4-4c98-9aa6-edefd9cb3a43"}
{"duration":"283ms","ip":"::ffff:127.0.0.1","level":"info","message":"HTTP Request","method":"POST","statusCode":201,"timestamp":"2026-09-08T10:22:45.137Z","url":"/api/auth/register"}
{"duration":"276ms","ip":"::ffff:127.0.0.1","level":"info","message":"HTTP Request","method":"POST","statusCode":200,"timestamp":"2026-09-08T10:22:45.417Z","url":"/api/auth/login"}
{"duration":"1ms","ip":"::ffff:127.0.0.1","level":"info","message":"HTTP Request","method":"GET","statusCode":401,"timestamp":"2026-09-08T10:22:45.422Z","url":"/api/account/status"}
{"duration":"274ms","ip":"::ffff:127.0.0.1","level":"info","message":"HTTP Request","method":"POST","statusCode":201,"timestamp":"2026-09-08T10:22:45.705Z","url":"/api/auth/register"}
{"duration":"283ms","ip":"::ffff:127.0.0.1","level":"info","message":"HTTP Request","method":"POST","statusCode":200,"timestamp":"2026-09-08T10:22:45.992Z","url":"/api/auth/login"}
{"duration":"10ms","ip":"::ffff:127.0.0.1","level":"info","message":"HTTP Request","method":"GET","statusCode":200,"timestamp":"2026-09-08T10:22:46.006Z","url":"/api/account/status"}
{"duration":"280ms","ip":"::ffff:127.0.0.1","level":"info","message":"HTTP Request","method":"POST","statusCode":201,"timestamp":"2026-09-08T10:22:46.298Z","url":"/api/auth/register"}
{"duration":"280ms","ip":"::ffff:127.0.0.1","level":"info","message":"HTTP Request","method":"POST","statusCode":200,"timestamp":"2026-09-08T10:22:46.583Z","url":"/api/auth/login"}
{"duration":"7ms","ip":"::ffff:127.0.0.1","level":"info","message":"HTTP Request","method":"DELETE","statusCode":200,"timestamp":"2026-09-08T10:22:46.595Z","url":"/api/account/delete"}
{"duration":"279ms","ip":"::ffff:127.0.0.1","level":"info","message":"HTTP Request","method":"POST","statusCode":201,"timestamp":"2026-09-08T10:22:46.886Z","url":"/api/auth/register"}
{"duration":"291ms","ip":"::ffff:127.0.0.1","level":"info","message":"HTTP Request","method":"POST","statusCode":200,"timestamp":"2026-09-08T10:22:47.183Z","url":"/api/auth/login"}
{"duration":"4ms","ip":"::ffff:127.0.0.1","level":"info","message":"HTTP Request","method":"DELETE","statusCode":200,"timestamp":"2026-09-08T10:22:47.192Z","url":"/api/account/delete"}
{"duration":"4ms","ip":"::ffff:127.0.0.1","level":"info","message":"HTTP Request","method":"DELETE","statusCode":403,"timestamp":"2026-09-08T10:22:47.199Z","url":"/api/account/delete"}
{"duration":"186ms","ip":"::1","level":"info","message":"HTTP Request","method":"POST","statusCode":200,"timestamp":"2026-09-08T10:33:59.581Z","url":"/api/auth/forgot-password"}
{"duration":"249ms","ip":"::1","level":"info","message":"HTTP Request","method":"POST","statusCode":200,"timestamp":"2026-09-08T10:36:59.747Z","url":"/api/auth/forgot-password"}
{"duration":"233ms","ip":"::1","level":"info","message":"HTTP Request","method":"POST","statusCode":200,"timestamp":"2026-09-08T10:51:24.381Z","url":"/api/auth/forgot-password"}
{"duration":"186ms","ip":"::1","level":"info","message":"HTTP Request","method":"POST","statusCode":200,"timestamp":"2026-09-08T10:54:22.382Z","url":"/api/auth/forgot-password"}
{"duration":"604ms","ip":"::1","level":"info","message":"HTTP Request","method":"POST","statusCode":201,"timestamp":"2026-09-08T11:04:25.483Z","url":"/api/auth/register"}
{"duration":"369ms","ip":"::1","level":"info","message":"HTTP Request","method":"POST","statusCode":200,"timestamp":"2026-09-08T11:04:26.060Z","url":"/api/auth/login"}
{"error":"Email service is not configured","level":"error","message":"Password reset email delivery failed","timestamp":"2026-09-08T11:04:26.151Z","userId":"fe24a9c5-85a8-4236-bbc4-57f468d87510"}
{"duration":"55ms","ip":"::1","level":"info","message":"HTTP Request","method":"POST","statusCode":200,"timestamp":"2026-09-08T11:04:26.153Z","url":"/api/auth/forgot-password"}
{"duration":"5ms","ip":"::1","level":"info","message":"HTTP Request","method":"POST","statusCode":200,"timestamp":"2026-09-08T11:04:26.196Z","url":"/api/auth/forgot-password"}
{"duration":"2ms","ip":"::1","level":"info","message":"HTTP Request","method":"POST","statusCode":400,"timestamp":"2026-09-08T11:04:26.278Z","url":"/api/auth/forgot-password"}
{"duration":"30ms","ip":"::1","level":"info","message":"HTTP Request","method":"POST","statusCode":400,"timestamp":"2026-09-08T11:04:26.439Z","url":"/api/auth/reset-password"}
{"duration":"126ms","ip":"::1","level":"info","message":"HTTP Request","method":"POST","statusCode":200,"timestamp":"2026-09-08T11:10:36.989Z","url":"/api/auth/forgot-password"}
{"duration":"170ms","ip":"::1","level":"info","message":"HTTP Request","method":"POST","statusCode":200,"timestamp":"2026-09-08T11:12:16.262Z","url":"/api/auth/forgot-password"}
{"duration":"455ms","ip":"::1","level":"info","message":"HTTP Request","method":"POST","statusCode":201,"timestamp":"2026-09-08T11:14:49.614Z","url":"/api/auth/register"}
{"duration":"416ms","ip":"::1","level":"info","message":"HTTP Request","method":"POST","statusCode":200,"timestamp":"2026-09-08T11:15:09.689Z","url":"/api/auth/login"}
{"duration":"56ms","ip":"::1","level":"info","message":"HTTP Request","method":"GET","statusCode":200,"timestamp":"2026-09-08T11:15:09.755Z","url":"/api/auth/me"}
{"duration":"66ms","ip":"::1","level":"info","message":"HTTP Request","method":"GET","statusCode":200,"timestamp":"2026-09-08T11:15:09.937Z","url":"/api/users/me/settings"}
{"duration":"120ms","ip":"::1","level":"info","message":"HTTP Request","method":"GET","statusCode":200,"timestamp":"2026-09-08T11:15:10.033Z","url":"/api/categories"}
{"duration":"383ms","ip":"::1","level":"info","message":"HTTP Request","method":"GET","statusCode":200,"timestamp":"2026-09-08T11:15:10.289Z","url":"/api/dashboard"}
{"duration":"18ms","ip":"::1","level":"info","message":"HTTP Request","method":"POST","statusCode":200,"timestamp":"2026-09-08T11:15:14.449Z","url":"/api/auth/logout"}
{"error":"Email service is not configured","level":"error","message":"Password reset email delivery failed","timestamp":"2026-09-08T11:15:36.596Z","userId":"3b14c7ef-3741-4687-9098-0920792323fa"}
{"duration":"90ms","ip":"::1","level":"info","message":"HTTP Request","method":"POST","statusCode":200,"timestamp":"2026-09-08T11:15:36.597Z","url":"/api/auth/forgot-password"}
{"duration":"357ms","ip":"::1","level":"info","message":"HTTP Request","method":"POST","statusCode":200,"timestamp":"2026-09-08T11:19:47.862Z","url":"/api/auth/forgot-password"}
{"duration":"454ms","ip":"::1","level":"info","message":"HTTP Request","method":"POST","statusCode":201,"timestamp":"2026-09-08T11:20:15.662Z","url":"/api/auth/register"}
{"error":"Invalid login: 535-5.7.8 Username and Password not accepted. For more information, go to\n535 5.7.8  https://support.google.com/mail/?p=BadCredentials ffacd0b85a97d-4858d312ca0sm36523870f8f.4 - gsmtp","level":"error","message":"Password reset email delivery failed","timestamp":"2026-09-08T11:20:17.084Z","userId":"3af54633-9984-4503-9011-9952dcf6b3a3"}
{"duration":"1380ms","ip":"::1","level":"info","message":"HTTP Request","method":"POST","statusCode":200,"timestamp":"2026-09-08T11:20:17.086Z","url":"/api/auth/forgot-password"}
{"duration":"220ms","ip":"::1","level":"info","message":"HTTP Request","method":"POST","statusCode":409,"timestamp":"2026-09-08T11:24:38.586Z","url":"/api/auth/register"}
{"error":"Invalid login: 535-5.7.8 Username and Password not accepted. For more information, go to\n535 5.7.8  https://support.google.com/mail/?p=BadCredentials 5b1f17b1804b1-49cee6158e9sm472446625e9.12 - gsmtp","level":"error","message":"Password reset email delivery failed","timestamp":"2026-09-08T11:24:40.511Z","userId":"3af54633-9984-4503-9011-9952dcf6b3a3"}
{"duration":"1852ms","ip":"::1","level":"info","message":"HTTP Request","method":"POST","statusCode":200,"timestamp":"2026-09-08T11:24:40.513Z","url":"/api/auth/forgot-password"}
{"duration":"627ms","ip":"::1","level":"info","message":"HTTP Request","method":"POST","statusCode":200,"timestamp":"2026-09-08T11:30:02.632Z","url":"/api/auth/login"}
{"duration":"12ms","ip":"::1","level":"info","message":"HTTP Request","method":"GET","statusCode":304,"timestamp":"2026-09-08T11:30:02.654Z","url":"/api/auth/me"}
{"duration":"29ms","ip":"::1","level":"info","message":"HTTP Request","method":"GET","statusCode":304,"timestamp":"2026-09-08T11:30:02.768Z","url":"/api/users/me/settings"}
{"duration":"108ms","ip":"::1","level":"info","message":"HTTP Request","method":"GET","statusCode":304,"timestamp":"2026-09-08T11:30:02.856Z","url":"/api/categories"}
{"duration":"191ms","ip":"::1","level":"info","message":"HTTP Request","method":"GET","statusCode":304,"timestamp":"2026-09-08T11:30:02.935Z","url":"/api/dashboard"}
{"duration":"9ms","ip":"::1","level":"info","message":"HTTP Request","method":"POST","statusCode":200,"timestamp":"2026-09-08T11:30:06.425Z","url":"/api/auth/logout"}
{"level":"info","message":"Password reset email sent","timestamp":"2026-09-08T11:30:14.016Z","userId":"3b14c7ef-3741-4687-9098-0920792323fa"}
{"duration":"3436ms","ip":"::1","level":"info","message":"HTTP Request","method":"POST","statusCode":200,"timestamp":"2026-09-08T11:30:14.017Z","url":"/api/auth/forgot-password"}
{"level":"info","message":"Password reset completed","timestamp":"2026-09-08T11:31:34.414Z","userId":"3b14c7ef-3741-4687-9098-0920792323fa"}
{"duration":"521ms","ip":"::1","level":"info","message":"HTTP Request","method":"POST","statusCode":200,"timestamp":"2026-09-08T11:31:34.416Z","url":"/api/auth/reset-password"}
{"duration":"407ms","ip":"::1","level":"info","message":"HTTP Request","method":"POST","statusCode":200,"timestamp":"2026-09-08T11:31:52.533Z","url":"/api/auth/login"}
{"duration":"4ms","ip":"::1","level":"info","message":"HTTP Request","method":"GET","statusCode":200,"timestamp":"2026-09-08T11:31:52.557Z","url":"/api/auth/me"}
{"duration":"19ms","ip":"::1","level":"info","message":"HTTP Request","method":"GET","statusCode":200,"timestamp":"2026-09-08T11:31:52.681Z","url":"/api/users/me/settings"}
{"duration":"104ms","ip":"::1","level":"info","message":"HTTP Request","method":"GET","statusCode":200,"timestamp":"2026-09-08T11:31:52.781Z","url":"/api/categories"}
{"duration":"263ms","ip":"::1","level":"info","message":"HTTP Request","method":"GET","statusCode":200,"timestamp":"2026-09-08T11:31:52.938Z","url":"/api/dashboard"}
{"duration":"402ms","ip":"::1","level":"info","message":"HTTP Request","method":"POST","statusCode":200,"timestamp":"2026-09-08T11:35:16.120Z","url":"/api/auth/login"}
{"duration":"4ms","ip":"::1","level":"info","message":"HTTP Request","method":"GET","statusCode":200,"timestamp":"2026-09-08T11:35:16.132Z","url":"/api/auth/me"}
{"duration":"22ms","ip":"::1","level":"info","message":"HTTP Request","method":"GET","statusCode":304,"timestamp":"2026-09-08T11:35:16.250Z","url":"/api/users/me/settings"}
{"duration":"84ms","ip":"::1","level":"info","message":"HTTP Request","method":"GET","statusCode":304,"timestamp":"2026-09-08T11:35:16.318Z","url":"/api/categories"}
{"duration":"171ms","ip":"::1","level":"info","message":"HTTP Request","method":"GET","statusCode":304,"timestamp":"2026-09-08T11:35:16.401Z","url":"/api/dashboard"}
{"duration":"62ms","ip":"::1","level":"info","message":"HTTP Request","method":"PATCH","statusCode":200,"timestamp":"2026-09-08T11:35:33.121Z","url":"/api/users/me/settings"}
{"duration":"24ms","ip":"::1","level":"info","message":"HTTP Request","method":"GET","statusCode":200,"timestamp":"2026-09-08T11:35:35.915Z","url":"/api/transactions?page=1&limit=10"}
{"duration":"83ms","ip":"::1","level":"info","message":"HTTP Request","method":"POST","statusCode":201,"timestamp":"2026-09-08T11:36:23.045Z","url":"/api/transactions"}
{"duration":"9ms","ip":"::1","level":"info","message":"HTTP Request","method":"GET","statusCode":200,"timestamp":"2026-09-08T11:36:23.063Z","url":"/api/transactions?page=1&limit=10"}
{"duration":"174ms","ip":"::1","level":"info","message":"HTTP Request","method":"POST","statusCode":201,"timestamp":"2026-09-08T11:36:48.087Z","url":"/api/transactions"}
{"duration":"72ms","ip":"::1","level":"info","message":"HTTP Request","method":"GET","statusCode":200,"timestamp":"2026-09-08T11:36:48.170Z","url":"/api/transactions?page=1&limit=10"}
{"duration":"67ms","ip":"::1","level":"info","message":"HTTP Request","method":"POST","statusCode":201,"timestamp":"2026-09-08T11:37:14.812Z","url":"/api/transactions"}
{"duration":"171ms","ip":"::1","level":"info","message":"HTTP Request","method":"GET","statusCode":200,"timestamp":"2026-09-08T11:37:14.992Z","url":"/api/transactions?page=1&limit=10"}
{"duration":"184ms","ip":"::1","level":"info","message":"HTTP Request","method":"GET","statusCode":200,"timestamp":"2026-09-08T11:37:16.571Z","url":"/api/dashboard"}
{"duration":"170ms","ip":"::1","level":"info","message":"HTTP Request","method":"POST","statusCode":201,"timestamp":"2026-09-08T11:37:51.187Z","url":"/api/transactions"}
{"duration":"89ms","ip":"::1","level":"info","message":"HTTP Request","method":"GET","statusCode":200,"timestamp":"2026-09-08T11:37:51.287Z","url":"/api/transactions?page=1&limit=10"}
{"duration":"87ms","ip":"::1","level":"info","message":"HTTP Request","method":"GET","statusCode":200,"timestamp":"2026-09-08T11:37:52.831Z","url":"/api/dashboard"}
{"duration":"157ms","ip":"::1","level":"info","message":"HTTP Request","method":"GET","statusCode":200,"timestamp":"2026-09-08T11:38:37.174Z","url":"/api/users/me/settings"}
{"duration":"80ms","ip":"::1","level":"info","message":"HTTP Request","method":"GET","statusCode":304,"timestamp":"2026-09-08T11:38:41.396Z","url":"/api/categories"}
{"duration":"90ms","ip":"::1","level":"info","message":"HTTP Request","method":"GET","statusCode":200,"timestamp":"2026-09-08T11:38:41.404Z","url":"/api/dashboard"}
{"duration":"286ms","ip":"::1","level":"info","message":"HTTP Request","method":"GET","statusCode":304,"timestamp":"2026-09-08T11:43:17.712Z","url":"/api/categories"}
{"duration":"218ms","ip":"::1","level":"info","message":"HTTP Request","method":"GET","statusCode":200,"timestamp":"2026-09-08T11:43:17.718Z","url":"/api/users/me/settings"}
{"duration":"303ms","ip":"::1","level":"info","message":"HTTP Request","method":"GET","statusCode":200,"timestamp":"2026-09-08T11:43:17.807Z","url":"/api/dashboard"}
{"duration":"414ms","ip":"::ffff:127.0.0.1","level":"info","message":"HTTP Request","method":"POST","statusCode":201,"timestamp":"2026-09-08T11:44:11.606Z","url":"/api/auth/register"}
{"duration":"362ms","ip":"::ffff:127.0.0.1","level":"info","message":"HTTP Request","method":"POST","statusCode":200,"timestamp":"2026-09-08T11:44:11.987Z","url":"/api/auth/login"}
{"duration":"37ms","ip":"::ffff:127.0.0.1","level":"info","message":"HTTP Request","method":"POST","statusCode":201,"timestamp":"2026-09-08T11:44:12.031Z","url":"/api/categories"}
{"duration":"14ms","ip":"::ffff:127.0.0.1","level":"info","message":"HTTP Request","method":"GET","statusCode":200,"timestamp":"2026-09-08T11:44:12.052Z","url":"/api/users/me/settings"}
{"duration":"11ms","ip":"::ffff:127.0.0.1","level":"info","message":"HTTP Request","method":"PATCH","statusCode":200,"timestamp":"2026-09-08T11:44:12.070Z","url":"/api/users/me/settings"}
{"duration":"23ms","ip":"::ffff:127.0.0.1","level":"info","message":"HTTP Request","method":"POST","statusCode":201,"timestamp":"2026-09-08T11:44:12.099Z","url":"/api/budgets"}
{"duration":"10ms","ip":"::ffff:127.0.0.1","level":"info","message":"HTTP Request","method":"POST","statusCode":201,"timestamp":"2026-09-08T11:44:12.128Z","url":"/api/transactions"}
{"duration":"9ms","ip":"::ffff:127.0.0.1","level":"info","message":"HTTP Request","method":"POST","statusCode":201,"timestamp":"2026-09-08T11:44:12.199Z","url":"/api/transactions"}
{"duration":"369ms","ip":"::ffff:127.0.0.1","level":"info","message":"HTTP Request","method":"POST","statusCode":201,"timestamp":"2026-09-08T11:44:12.747Z","url":"/api/auth/register"}
{"duration":"361ms","ip":"::ffff:127.0.0.1","level":"info","message":"HTTP Request","method":"POST","statusCode":200,"timestamp":"2026-09-08T11:44:13.117Z","url":"/api/auth/login"}
{"duration":"7ms","ip":"::ffff:127.0.0.1","level":"info","message":"HTTP Request","method":"POST","statusCode":201,"timestamp":"2026-09-08T11:44:13.142Z","url":"/api/categories"}
{"duration":"7ms","ip":"::ffff:127.0.0.1","level":"info","message":"HTTP Request","method":"GET","statusCode":200,"timestamp":"2026-09-08T11:44:13.153Z","url":"/api/users/me/settings"}
{"duration":"4ms","ip":"::ffff:127.0.0.1","level":"info","message":"HTTP Request","method":"PATCH","statusCode":200,"timestamp":"2026-09-08T11:44:13.162Z","url":"/api/users/me/settings"}
{"duration":"9ms","ip":"::ffff:127.0.0.1","level":"info","message":"HTTP Request","method":"POST","statusCode":201,"timestamp":"2026-09-08T11:44:13.176Z","url":"/api/budgets"}
{"duration":"6ms","ip":"::ffff:127.0.0.1","level":"info","message":"HTTP Request","method":"PATCH","statusCode":200,"timestamp":"2026-09-08T11:44:13.187Z","url":"/api/users/me/settings"}
{"duration":"7ms","ip":"::ffff:127.0.0.1","level":"info","message":"HTTP Request","method":"POST","statusCode":201,"timestamp":"2026-09-08T11:44:13.198Z","url":"/api/transactions"}
{"duration":"364ms","ip":"::ffff:127.0.0.1","level":"info","message":"HTTP Request","method":"POST","statusCode":201,"timestamp":"2026-09-08T11:44:14.738Z","url":"/api/auth/register"}
{"duration":"356ms","ip":"::ffff:127.0.0.1","level":"info","message":"HTTP Request","method":"POST","statusCode":200,"timestamp":"2026-09-08T11:44:15.098Z","url":"/api/auth/login"}
{"duration":"4ms","ip":"::ffff:127.0.0.1","level":"info","message":"HTTP Request","method":"POST","statusCode":201,"timestamp":"2026-09-08T11:44:15.109Z","url":"/api/categories"}
{"duration":"6ms","ip":"::ffff:127.0.0.1","level":"info","message":"HTTP Request","method":"GET","statusCode":200,"timestamp":"2026-09-08T11:44:15.118Z","url":"/api/users/me/settings"}
{"duration":"4ms","ip":"::ffff:127.0.0.1","level":"info","message":"HTTP Request","method":"PATCH","statusCode":200,"timestamp":"2026-09-08T11:44:15.128Z","url":"/api/users/me/settings"}
{"duration":"9ms","ip":"::ffff:127.0.0.1","level":"info","message":"HTTP Request","method":"POST","statusCode":201,"timestamp":"2026-09-08T11:44:15.141Z","url":"/api/budgets"}
{"duration":"5ms","ip":"::ffff:127.0.0.1","level":"info","message":"HTTP Request","method":"POST","statusCode":201,"timestamp":"2026-09-08T11:44:15.150Z","url":"/api/transactions"}
{"duration":"6ms","ip":"::ffff:127.0.0.1","level":"info","message":"HTTP Request","method":"POST","statusCode":201,"timestamp":"2026-09-08T11:44:15.216Z","url":"/api/transactions"}
{"duration":"358ms","ip":"::ffff:127.0.0.1","level":"info","message":"HTTP Request","method":"POST","statusCode":201,"timestamp":"2026-09-08T11:44:15.719Z","url":"/api/auth/register"}
{"duration":"354ms","ip":"::ffff:127.0.0.1","level":"info","message":"HTTP Request","method":"POST","statusCode":200,"timestamp":"2026-09-08T11:44:16.077Z","url":"/api/auth/login"}
{"duration":"17ms","ip":"::ffff:127.0.0.1","level":"info","message":"HTTP Request","method":"POST","statusCode":201,"timestamp":"2026-09-08T11:44:16.099Z","url":"/api/categories"}
{"duration":"6ms","ip":"::ffff:127.0.0.1","level":"info","message":"HTTP Request","method":"GET","statusCode":200,"timestamp":"2026-09-08T11:44:16.110Z","url":"/api/users/me/settings"}
{"duration":"4ms","ip":"::ffff:127.0.0.1","level":"info","message":"HTTP Request","method":"PATCH","statusCode":200,"timestamp":"2026-09-08T11:44:16.118Z","url":"/api/users/me/settings"}
{"duration":"8ms","ip":"::ffff:127.0.0.1","level":"info","message":"HTTP Request","method":"POST","statusCode":201,"timestamp":"2026-09-08T11:44:16.131Z","url":"/api/budgets"}
{"duration":"5ms","ip":"::ffff:127.0.0.1","level":"info","message":"HTTP Request","method":"PATCH","statusCode":200,"timestamp":"2026-09-08T11:44:16.142Z","url":"/api/users/me/settings"}
{"duration":"7ms","ip":"::ffff:127.0.0.1","level":"info","message":"HTTP Request","method":"POST","statusCode":201,"timestamp":"2026-09-08T11:44:16.153Z","url":"/api/transactions"}
{"duration":"386ms","ip":"::ffff:127.0.0.1","level":"info","message":"HTTP Request","method":"POST","statusCode":201,"timestamp":"2026-09-08T11:44:17.451Z","url":"/api/auth/register"}
{"duration":"378ms","ip":"::ffff:127.0.0.1","level":"info","message":"HTTP Request","method":"POST","statusCode":200,"timestamp":"2026-09-08T11:44:17.834Z","url":"/api/auth/login"}
{"duration":"1ms","ip":"::ffff:127.0.0.1","level":"info","message":"HTTP Request","method":"GET","statusCode":401,"timestamp":"2026-09-08T11:44:17.842Z","url":"/api/dashboard"}
{"duration":"412ms","ip":"::ffff:127.0.0.1","level":"info","message":"HTTP Request","method":"POST","statusCode":201,"timestamp":"2026-09-08T11:44:18.269Z","url":"/api/auth/register"}
{"duration":"351ms","ip":"::ffff:127.0.0.1","level":"info","message":"HTTP Request","method":"POST","statusCode":200,"timestamp":"2026-09-08T11:44:18.625Z","url":"/api/auth/login"}
{"duration":"132ms","ip":"::ffff:127.0.0.1","level":"info","message":"HTTP Request","method":"GET","statusCode":200,"timestamp":"2026-09-08T11:44:18.761Z","url":"/api/dashboard"}
{"duration":"369ms","ip":"::ffff:127.0.0.1","level":"info","message":"HTTP Request","method":"POST","statusCode":201,"timestamp":"2026-09-08T11:44:19.155Z","url":"/api/auth/register"}
{"duration":"358ms","ip":"::ffff:127.0.0.1","level":"info","message":"HTTP Request","method":"POST","statusCode":200,"timestamp":"2026-09-08T11:44:19.517Z","url":"/api/auth/login"}
{"duration":"13ms","ip":"::ffff:127.0.0.1","level":"info","message":"HTTP Request","method":"POST","statusCode":201,"timestamp":"2026-09-08T11:44:19.535Z","url":"/api/categories"}
{"duration":"7ms","ip":"::ffff:127.0.0.1","level":"info","message":"HTTP Request","method":"POST","statusCode":201,"timestamp":"2026-09-08T11:44:19.547Z","url":"/api/transactions"}
{"duration":"7ms","ip":"::ffff:127.0.0.1","level":"info","message":"HTTP Request","method":"GET","statusCode":200,"timestamp":"2026-09-08T11:44:19.559Z","url":"/api/dashboard"}
{"duration":"437ms","ip":"::ffff:127.0.0.1","level":"info","message":"HTTP Request","method":"POST","statusCode":201,"timestamp":"2026-09-08T11:45:21.057Z","url":"/api/auth/register"}
{"duration":"367ms","ip":"::ffff:127.0.0.1","level":"info","message":"HTTP Request","method":"POST","statusCode":200,"timestamp":"2026-09-08T11:45:21.442Z","url":"/api/auth/login"}
{"duration":"47ms","ip":"::ffff:127.0.0.1","level":"info","message":"HTTP Request","method":"POST","statusCode":201,"timestamp":"2026-09-08T11:45:21.498Z","url":"/api/categories"}
{"duration":"0ms","ip":"::ffff:127.0.0.1","level":"info","message":"HTTP Request","method":"GET","statusCode":401,"timestamp":"2026-09-08T11:45:21.506Z","url":"/api/transactions"}
{"duration":"366ms","ip":"::ffff:127.0.0.1","level":"info","message":"HTTP Request","method":"POST","statusCode":201,"timestamp":"2026-09-08T11:45:21.889Z","url":"/api/auth/register"}
{"duration":"352ms","ip":"::ffff:127.0.0.1","level":"info","message":"HTTP Request","method":"POST","statusCode":200,"timestamp":"2026-09-08T11:45:22.247Z","url":"/api/auth/login"}
{"duration":"16ms","ip":"::ffff:127.0.0.1","level":"info","message":"HTTP Request","method":"POST","statusCode":201,"timestamp":"2026-09-08T11:45:22.269Z","url":"/api/categories"}
{"duration":"14ms","ip":"::ffff:127.0.0.1","level":"info","message":"HTTP Request","method":"POST","statusCode":201,"timestamp":"2026-09-08T11:45:22.290Z","url":"/api/transactions"}
{"duration":"367ms","ip":"::ffff:127.0.0.1","level":"info","message":"HTTP Request","method":"POST","statusCode":201,"timestamp":"2026-09-08T11:45:22.670Z","url":"/api/auth/register"}
{"duration":"365ms","ip":"::ffff:127.0.0.1","level":"info","message":"HTTP Request","method":"POST","statusCode":200,"timestamp":"2026-09-08T11:45:23.042Z","url":"/api/auth/login"}
{"duration":"7ms","ip":"::ffff:127.0.0.1","level":"info","message":"HTTP Request","method":"POST","statusCode":201,"timestamp":"2026-09-08T11:45:23.054Z","url":"/api/categories"}
{"duration":"3ms","ip":"::ffff:127.0.0.1","level":"info","message":"HTTP Request","method":"POST","statusCode":400,"timestamp":"2026-09-08T11:45:23.063Z","url":"/api/transactions"}
{"duration":"368ms","ip":"::ffff:127.0.0.1","level":"info","message":"HTTP Request","method":"POST","statusCode":201,"timestamp":"2026-09-08T11:45:23.444Z","url":"/api/auth/register"}
{"duration":"357ms","ip":"::ffff:127.0.0.1","level":"info","message":"HTTP Request","method":"POST","statusCode":200,"timestamp":"2026-09-08T11:45:23.807Z","url":"/api/auth/login"}
{"duration":"6ms","ip":"::ffff:127.0.0.1","level":"info","message":"HTTP Request","method":"POST","statusCode":201,"timestamp":"2026-09-08T11:45:23.817Z","url":"/api/categories"}
{"duration":"3ms","ip":"::ffff:127.0.0.1","level":"info","message":"HTTP Request","method":"POST","statusCode":400,"timestamp":"2026-09-08T11:45:23.825Z","url":"/api/transactions"}
{"duration":"367ms","ip":"::ffff:127.0.0.1","level":"info","message":"HTTP Request","method":"POST","statusCode":201,"timestamp":"2026-09-08T11:45:24.203Z","url":"/api/auth/register"}
{"duration":"361ms","ip":"::ffff:127.0.0.1","level":"info","message":"HTTP Request","method":"POST","statusCode":200,"timestamp":"2026-09-08T11:45:24.569Z","url":"/api/auth/login"}
{"duration":"5ms","ip":"::ffff:127.0.0.1","level":"info","message":"HTTP Request","method":"POST","statusCode":201,"timestamp":"2026-09-08T11:45:24.578Z","url":"/api/categories"}
{"duration":"3ms","ip":"::ffff:127.0.0.1","level":"info","message":"HTTP Request","method":"POST","statusCode":400,"timestamp":"2026-09-08T11:45:24.586Z","url":"/api/transactions"}
{"duration":"361ms","ip":"::ffff:127.0.0.1","level":"info","message":"HTTP Request","method":"POST","statusCode":201,"timestamp":"2026-09-08T11:45:24.957Z","url":"/api/auth/register"}
{"duration":"355ms","ip":"::ffff:127.0.0.1","level":"info","message":"HTTP Request","method":"POST","statusCode":200,"timestamp":"2026-09-08T11:45:25.316Z","url":"/api/auth/login"}
{"duration":"5ms","ip":"::ffff:127.0.0.1","level":"info","message":"HTTP Request","method":"POST","statusCode":201,"timestamp":"2026-09-08T11:45:25.326Z","url":"/api/categories"}
{"duration":"9ms","ip":"::ffff:127.0.0.1","level":"info","message":"HTTP Request","method":"POST","statusCode":201,"timestamp":"2026-09-08T11:45:25.338Z","url":"/api/transactions"}
{"duration":"26ms","ip":"::ffff:127.0.0.1","level":"info","message":"HTTP Request","method":"GET","statusCode":200,"timestamp":"2026-09-08T11:45:25.368Z","url":"/api/transactions?page=1&limit=10"}
{"duration":"372ms","ip":"::ffff:127.0.0.1","level":"info","message":"HTTP Request","method":"POST","statusCode":201,"timestamp":"2026-09-08T11:45:25.751Z","url":"/api/auth/register"}
{"duration":"353ms","ip":"::ffff:127.0.0.1","level":"info","message":"HTTP Request","method":"POST","statusCode":200,"timestamp":"2026-09-08T11:45:26.110Z","url":"/api/auth/login"}
{"duration":"6ms","ip":"::ffff:127.0.0.1","level":"info","message":"HTTP Request","method":"POST","statusCode":201,"timestamp":"2026-09-08T11:45:26.121Z","url":"/api/categories"}
{"duration":"4ms","ip":"::ffff:127.0.0.1","level":"info","message":"HTTP Request","method":"POST","statusCode":201,"timestamp":"2026-09-08T11:45:26.129Z","url":"/api/transactions"}
{"duration":"5ms","ip":"::ffff:127.0.0.1","level":"info","message":"HTTP Request","method":"GET","statusCode":200,"timestamp":"2026-09-08T11:45:26.139Z","url":"/api/transactions/e2395bfa-e977-4574-ad4f-77809fdd725a"}
{"duration":"373ms","ip":"::ffff:127.0.0.1","level":"info","message":"HTTP Request","method":"POST","statusCode":201,"timestamp":"2026-09-08T11:45:26.523Z","url":"/api/auth/register"}
{"duration":"367ms","ip":"::ffff:127.0.0.1","level":"info","message":"HTTP Request","method":"POST","statusCode":200,"timestamp":"2026-09-08T11:45:26.896Z","url":"/api/auth/login"}
{"duration":"5ms","ip":"::ffff:127.0.0.1","level":"info","message":"HTTP Request","method":"POST","statusCode":201,"timestamp":"2026-09-08T11:45:26.909Z","url":"/api/categories"}
{"duration":"5ms","ip":"::ffff:127.0.0.1","level":"info","message":"HTTP Request","method":"GET","statusCode":404,"timestamp":"2026-09-08T11:45:26.918Z","url":"/api/transactions/11111111-1111-4111-8111-111111111111"}
{"duration":"335ms","ip":"::ffff:127.0.0.1","level":"info","message":"HTTP Request","method":"POST","statusCode":201,"timestamp":"2026-09-08T11:45:27.264Z","url":"/api/auth/register"}
{"duration":"285ms","ip":"::ffff:127.0.0.1","level":"info","message":"HTTP Request","method":"POST","statusCode":200,"timestamp":"2026-09-08T11:45:27.556Z","url":"/api/auth/login"}
{"duration":"4ms","ip":"::ffff:127.0.0.1","level":"info","message":"HTTP Request","method":"POST","statusCode":201,"timestamp":"2026-09-08T11:45:27.563Z","url":"/api/categories"}
{"duration":"3ms","ip":"::ffff:127.0.0.1","level":"info","message":"HTTP Request","method":"GET","statusCode":400,"timestamp":"2026-09-08T11:45:27.572Z","url":"/api/transactions/not-a-uuid"}
{"duration":"277ms","ip":"::ffff:127.0.0.1","level":"info","message":"HTTP Request","method":"POST","statusCode":201,"timestamp":"2026-09-08T11:45:27.859Z","url":"/api/auth/register"}
{"duration":"269ms","ip":"::ffff:127.0.0.1","level":"info","message":"HTTP Request","method":"POST","statusCode":200,"timestamp":"2026-09-08T11:45:28.131Z","url":"/api/auth/login"}
{"duration":"4ms","ip":"::ffff:127.0.0.1","level":"info","message":"HTTP Request","method":"POST","statusCode":201,"timestamp":"2026-09-08T11:45:28.146Z","url":"/api/categories"}
{"duration":"5ms","ip":"::ffff:127.0.0.1","level":"info","message":"HTTP Request","method":"POST","statusCode":201,"timestamp":"2026-09-08T11:45:28.156Z","url":"/api/transactions"}
{"duration":"10ms","ip":"::ffff:127.0.0.1","level":"info","message":"HTTP Request","method":"PATCH","statusCode":200,"timestamp":"2026-09-08T11:45:28.169Z","url":"/api/transactions/133c5c59-02d8-4a9c-9dad-f7c0e69040b7"}
{"duration":"275ms","ip":"::ffff:127.0.0.1","level":"info","message":"HTTP Request","method":"POST","statusCode":201,"timestamp":"2026-09-08T11:45:28.452Z","url":"/api/auth/register"}
{"duration":"272ms","ip":"::ffff:127.0.0.1","level":"info","message":"HTTP Request","method":"POST","statusCode":200,"timestamp":"2026-09-08T11:45:28.728Z","url":"/api/auth/login"}
{"duration":"5ms","ip":"::ffff:127.0.0.1","level":"info","message":"HTTP Request","method":"POST","statusCode":201,"timestamp":"2026-09-08T11:45:28.739Z","url":"/api/categories"}
{"duration":"5ms","ip":"::ffff:127.0.0.1","level":"info","message":"HTTP Request","method":"POST","statusCode":201,"timestamp":"2026-09-08T11:45:28.748Z","url":"/api/transactions"}
{"duration":"10ms","ip":"::ffff:127.0.0.1","level":"info","message":"HTTP Request","method":"DELETE","statusCode":200,"timestamp":"2026-09-08T11:45:28.765Z","url":"/api/transactions/83ef87d5-8a5e-41dc-a64d-ba7d518d30ae"}
{"duration":"290ms","ip":"::ffff:127.0.0.1","level":"info","message":"HTTP Request","method":"POST","statusCode":201,"timestamp":"2026-09-08T11:45:29.069Z","url":"/api/auth/register"}
{"duration":"279ms","ip":"::ffff:127.0.0.1","level":"info","message":"HTTP Request","method":"POST","statusCode":200,"timestamp":"2026-09-08T11:45:29.351Z","url":"/api/auth/login"}
{"duration":"14ms","ip":"::ffff:127.0.0.1","level":"info","message":"HTTP Request","method":"POST","statusCode":201,"timestamp":"2026-09-08T11:45:29.370Z","url":"/api/categories"}
{"duration":"275ms","ip":"::ffff:127.0.0.1","level":"info","message":"HTTP Request","method":"POST","statusCode":201,"timestamp":"2026-09-08T11:45:29.650Z","url":"/api/auth/register"}
{"duration":"275ms","ip":"::ffff:127.0.0.1","level":"info","message":"HTTP Request","method":"POST","statusCode":200,"timestamp":"2026-09-08T11:45:29.929Z","url":"/api/auth/login"}
{"duration":"6ms","ip":"::ffff:127.0.0.1","level":"info","message":"HTTP Request","method":"POST","statusCode":201,"timestamp":"2026-09-08T11:45:29.940Z","url":"/api/categories"}
{"duration":"3ms","ip":"::ffff:127.0.0.1","level":"info","message":"HTTP Request","method":"POST","statusCode":403,"timestamp":"2026-09-08T11:45:29.947Z","url":"/api/transactions"}
{"duration":"285ms","ip":"::ffff:127.0.0.1","level":"info","message":"HTTP Request","method":"POST","statusCode":201,"timestamp":"2026-09-08T11:45:30.241Z","url":"/api/auth/register"}
{"duration":"274ms","ip":"::ffff:127.0.0.1","level":"info","message":"HTTP Request","method":"POST","statusCode":200,"timestamp":"2026-09-08T11:45:30.520Z","url":"/api/auth/login"}
{"duration":"4ms","ip":"::ffff:127.0.0.1","level":"info","message":"HTTP Request","method":"POST","statusCode":201,"timestamp":"2026-09-08T11:45:30.528Z","url":"/api/categories"}
{"duration":"5ms","ip":"::ffff:127.0.0.1","level":"info","message":"HTTP Request","method":"POST","statusCode":201,"timestamp":"2026-09-08T11:45:30.537Z","url":"/api/transactions"}
{"duration":"270ms","ip":"::ffff:127.0.0.1","level":"info","message":"HTTP Request","method":"POST","statusCode":201,"timestamp":"2026-09-08T11:45:30.811Z","url":"/api/auth/register"}
{"duration":"271ms","ip":"::ffff:127.0.0.1","level":"info","message":"HTTP Request","method":"POST","statusCode":200,"timestamp":"2026-09-08T11:45:31.086Z","url":"/api/auth/login"}
{"duration":"14ms","ip":"::ffff:127.0.0.1","level":"info","message":"HTTP Request","method":"POST","statusCode":201,"timestamp":"2026-09-08T11:45:31.104Z","url":"/api/categories"}
{"duration":"4ms","ip":"::ffff:127.0.0.1","level":"info","message":"HTTP Request","method":"PATCH","statusCode":403,"timestamp":"2026-09-08T11:45:31.113Z","url":"/api/transactions/f76c43d9-66da-44c8-b147-1c147720c861"}
{"duration":"284ms","ip":"::ffff:127.0.0.1","level":"info","message":"HTTP Request","method":"POST","statusCode":201,"timestamp":"2026-09-08T11:45:31.406Z","url":"/api/auth/register"}
{"duration":"271ms","ip":"::ffff:127.0.0.1","level":"info","message":"HTTP Request","method":"POST","statusCode":200,"timestamp":"2026-09-08T11:45:31.682Z","url":"/api/auth/login"}
{"duration":"14ms","ip":"::ffff:127.0.0.1","level":"info","message":"HTTP Request","method":"POST","statusCode":201,"timestamp":"2026-09-08T11:45:31.701Z","url":"/api/categories"}
{"duration":"4ms","ip":"::ffff:127.0.0.1","level":"info","message":"HTTP Request","method":"POST","statusCode":201,"timestamp":"2026-09-08T11:45:31.710Z","url":"/api/transactions"}
{"duration":"278ms","ip":"::ffff:127.0.0.1","level":"info","message":"HTTP Request","method":"POST","statusCode":201,"timestamp":"2026-09-08T11:45:31.991Z","url":"/api/auth/register"}
{"duration":"273ms","ip":"::ffff:127.0.0.1","level":"info","message":"HTTP Request","method":"POST","statusCode":200,"timestamp":"2026-09-08T11:45:32.267Z","url":"/api/auth/login"}
{"duration":"3ms","ip":"::ffff:127.0.0.1","level":"info","message":"HTTP Request","method":"GET","statusCode":404,"timestamp":"2026-09-08T11:45:32.275Z","url":"/api/transactions/c41272fa-9ce0-4a7e-b5d1-1fe34d356470"}
{"duration":"283ms","ip":"::ffff:127.0.0.1","level":"info","message":"HTTP Request","method":"POST","statusCode":201,"timestamp":"2026-09-08T11:45:33.448Z","url":"/api/auth/register"}
{"duration":"281ms","ip":"::ffff:127.0.0.1","level":"info","message":"HTTP Request","method":"POST","statusCode":200,"timestamp":"2026-09-08T11:45:33.739Z","url":"/api/auth/login"}
{"duration":"14ms","ip":"::ffff:127.0.0.1","level":"info","message":"HTTP Request","method":"POST","statusCode":201,"timestamp":"2026-09-08T11:45:33.758Z","url":"/api/categories"}
{"duration":"13ms","ip":"::ffff:127.0.0.1","level":"info","message":"HTTP Request","method":"GET","statusCode":200,"timestamp":"2026-09-08T11:45:33.775Z","url":"/api/users/me/settings"}
{"duration":"6ms","ip":"::ffff:127.0.0.1","level":"info","message":"HTTP Request","method":"PATCH","statusCode":200,"timestamp":"2026-09-08T11:45:33.784Z","url":"/api/users/me/settings"}
{"duration":"16ms","ip":"::ffff:127.0.0.1","level":"info","message":"HTTP Request","method":"POST","statusCode":201,"timestamp":"2026-09-08T11:45:33.805Z","url":"/api/budgets"}
{"duration":"10ms","ip":"::ffff:127.0.0.1","level":"info","message":"HTTP Request","method":"POST","statusCode":201,"timestamp":"2026-09-08T11:45:33.819Z","url":"/api/transactions"}
{"duration":"6ms","ip":"::ffff:127.0.0.1","level":"info","message":"HTTP Request","method":"POST","statusCode":201,"timestamp":"2026-09-08T11:45:33.892Z","url":"/api/transactions"}
{"duration":"275ms","ip":"::ffff:127.0.0.1","level":"info","message":"HTTP Request","method":"POST","statusCode":201,"timestamp":"2026-09-08T11:45:34.316Z","url":"/api/auth/register"}
{"duration":"268ms","ip":"::ffff:127.0.0.1","level":"info","message":"HTTP Request","method":"POST","statusCode":200,"timestamp":"2026-09-08T11:45:34.587Z","url":"/api/auth/login"}
{"duration":"14ms","ip":"::ffff:127.0.0.1","level":"info","message":"HTTP Request","method":"POST","statusCode":201,"timestamp":"2026-09-08T11:45:34.606Z","url":"/api/categories"}
{"duration":"4ms","ip":"::ffff:127.0.0.1","level":"info","message":"HTTP Request","method":"GET","statusCode":200,"timestamp":"2026-09-08T11:45:34.614Z","url":"/api/users/me/settings"}
{"duration":"4ms","ip":"::ffff:127.0.0.1","level":"info","message":"HTTP Request","method":"PATCH","statusCode":200,"timestamp":"2026-09-08T11:45:34.623Z","url":"/api/users/me/settings"}
{"duration":"7ms","ip":"::ffff:127.0.0.1","level":"info","message":"HTTP Request","method":"POST","statusCode":201,"timestamp":"2026-09-08T11:45:34.634Z","url":"/api/budgets"}
{"duration":"5ms","ip":"::ffff:127.0.0.1","level":"info","message":"HTTP Request","method":"PATCH","statusCode":200,"timestamp":"2026-09-08T11:45:34.642Z","url":"/api/users/me/settings"}
{"duration":"8ms","ip":"::ffff:127.0.0.1","level":"info","message":"HTTP Request","method":"POST","statusCode":201,"timestamp":"2026-09-08T11:45:34.653Z","url":"/api/transactions"}
{"duration":"273ms","ip":"::ffff:127.0.0.1","level":"info","message":"HTTP Request","method":"POST","statusCode":201,"timestamp":"2026-09-08T11:45:36.073Z","url":"/api/auth/register"}
{"duration":"273ms","ip":"::ffff:127.0.0.1","level":"info","message":"HTTP Request","method":"POST","statusCode":200,"timestamp":"2026-09-08T11:45:36.349Z","url":"/api/auth/login"}
{"duration":"5ms","ip":"::ffff:127.0.0.1","level":"info","message":"HTTP Request","method":"POST","statusCode":201,"timestamp":"2026-09-08T11:45:36.359Z","url":"/api/categories"}
{"duration":"6ms","ip":"::ffff:127.0.0.1","level":"info","message":"HTTP Request","method":"GET","statusCode":200,"timestamp":"2026-09-08T11:45:36.369Z","url":"/api/users/me/settings"}
{"duration":"3ms","ip":"::ffff:127.0.0.1","level":"info","message":"HTTP Request","method":"PATCH","statusCode":200,"timestamp":"2026-09-08T11:45:36.375Z","url":"/api/users/me/settings"}
{"duration":"6ms","ip":"::ffff:127.0.0.1","level":"info","message":"HTTP Request","method":"POST","statusCode":201,"timestamp":"2026-09-08T11:45:36.384Z","url":"/api/budgets"}
{"duration":"4ms","ip":"::ffff:127.0.0.1","level":"info","message":"HTTP Request","method":"POST","statusCode":201,"timestamp":"2026-09-08T11:45:36.391Z","url":"/api/transactions"}
{"duration":"6ms","ip":"::ffff:127.0.0.1","level":"info","message":"HTTP Request","method":"POST","statusCode":201,"timestamp":"2026-09-08T11:45:36.458Z","url":"/api/transactions"}
{"duration":"294ms","ip":"::ffff:127.0.0.1","level":"info","message":"HTTP Request","method":"POST","statusCode":201,"timestamp":"2026-09-08T11:45:36.973Z","url":"/api/auth/register"}
{"duration":"273ms","ip":"::ffff:127.0.0.1","level":"info","message":"HTTP Request","method":"POST","statusCode":200,"timestamp":"2026-09-08T11:45:37.251Z","url":"/api/auth/login"}
{"duration":"5ms","ip":"::ffff:127.0.0.1","level":"info","message":"HTTP Request","method":"POST","statusCode":201,"timestamp":"2026-09-08T11:45:37.261Z","url":"/api/categories"}
{"duration":"7ms","ip":"::ffff:127.0.0.1","level":"info","message":"HTTP Request","method":"GET","statusCode":200,"timestamp":"2026-09-08T11:45:37.274Z","url":"/api/users/me/settings"}
{"duration":"8ms","ip":"::ffff:127.0.0.1","level":"info","message":"HTTP Request","method":"PATCH","statusCode":200,"timestamp":"2026-09-08T11:45:37.286Z","url":"/api/users/me/settings"}
{"duration":"16ms","ip":"::ffff:127.0.0.1","level":"info","message":"HTTP Request","method":"POST","statusCode":201,"timestamp":"2026-09-08T11:45:37.308Z","url":"/api/budgets"}
{"duration":"7ms","ip":"::ffff:127.0.0.1","level":"info","message":"HTTP Request","method":"PATCH","statusCode":200,"timestamp":"2026-09-08T11:45:37.323Z","url":"/api/users/me/settings"}
{"duration":"7ms","ip":"::ffff:127.0.0.1","level":"info","message":"HTTP Request","method":"POST","statusCode":201,"timestamp":"2026-09-08T11:45:37.348Z","url":"/api/transactions"}
{"duration":"280ms","ip":"::ffff:127.0.0.1","level":"info","message":"HTTP Request","method":"POST","statusCode":201,"timestamp":"2026-09-08T11:45:38.437Z","url":"/api/auth/register"}
{"duration":"282ms","ip":"::ffff:127.0.0.1","level":"info","message":"HTTP Request","method":"POST","statusCode":200,"timestamp":"2026-09-08T11:45:38.723Z","url":"/api/auth/login"}
{"duration":"0ms","ip":"::ffff:127.0.0.1","level":"info","message":"HTTP Request","method":"GET","statusCode":401,"timestamp":"2026-09-08T11:45:38.726Z","url":"/api/users/me"}
{"duration":"281ms","ip":"::ffff:127.0.0.1","level":"info","message":"HTTP Request","method":"POST","statusCode":201,"timestamp":"2026-09-08T11:45:39.016Z","url":"/api/auth/register"}
{"duration":"287ms","ip":"::ffff:127.0.0.1","level":"info","message":"HTTP Request","method":"POST","statusCode":200,"timestamp":"2026-09-08T11:45:39.309Z","url":"/api/auth/login"}
{"duration":"21ms","ip":"::ffff:127.0.0.1","level":"info","message":"HTTP Request","method":"GET","statusCode":200,"timestamp":"2026-09-08T11:45:39.345Z","url":"/api/users/me"}
{"duration":"271ms","ip":"::ffff:127.0.0.1","level":"info","message":"HTTP Request","method":"POST","statusCode":201,"timestamp":"2026-09-08T11:45:39.629Z","url":"/api/auth/register"}
{"duration":"277ms","ip":"::ffff:127.0.0.1","level":"info","message":"HTTP Request","method":"POST","statusCode":200,"timestamp":"2026-09-08T11:45:39.912Z","url":"/api/auth/login"}
{"duration":"3ms","ip":"::ffff:127.0.0.1","level":"info","message":"HTTP Request","method":"PATCH","statusCode":400,"timestamp":"2026-09-08T11:45:39.921Z","url":"/api/users/me"}
{"duration":"307ms","ip":"::ffff:127.0.0.1","level":"info","message":"HTTP Request","method":"POST","statusCode":201,"timestamp":"2026-09-08T11:45:40.236Z","url":"/api/auth/register"}
{"duration":"271ms","ip":"::ffff:127.0.0.1","level":"info","message":"HTTP Request","method":"POST","statusCode":200,"timestamp":"2026-09-08T11:45:40.521Z","url":"/api/auth/login"}
{"duration":"5ms","ip":"::ffff:127.0.0.1","level":"info","message":"HTTP Request","method":"PATCH","statusCode":200,"timestamp":"2026-09-08T11:45:40.531Z","url":"/api/users/me"}
{"duration":"295ms","ip":"::ffff:127.0.0.1","level":"info","message":"HTTP Request","method":"POST","statusCode":201,"timestamp":"2026-09-08T11:45:40.837Z","url":"/api/auth/register"}
{"duration":"280ms","ip":"::ffff:127.0.0.1","level":"info","message":"HTTP Request","method":"POST","statusCode":200,"timestamp":"2026-09-08T11:45:41.122Z","url":"/api/auth/login"}
{"duration":"1ms","ip":"::ffff:127.0.0.1","level":"info","message":"HTTP Request","method":"POST","statusCode":401,"timestamp":"2026-09-08T11:45:41.139Z","url":"/api/users/me/profile-picture"}
{"duration":"284ms","ip":"::ffff:127.0.0.1","level":"info","message":"HTTP Request","method":"POST","statusCode":201,"timestamp":"2026-09-08T11:45:41.436Z","url":"/api/auth/register"}
{"duration":"274ms","ip":"::ffff:127.0.0.1","level":"info","message":"HTTP Request","method":"POST","statusCode":200,"timestamp":"2026-09-08T11:45:41.716Z","url":"/api/auth/login"}
{"duration":"7ms","ip":"::ffff:127.0.0.1","level":"info","message":"HTTP Request","method":"POST","statusCode":400,"timestamp":"2026-09-08T11:45:41.729Z","url":"/api/users/me/profile-picture"}
{"duration":"274ms","ip":"::ffff:127.0.0.1","level":"info","message":"HTTP Request","method":"POST","statusCode":201,"timestamp":"2026-09-08T11:45:42.020Z","url":"/api/auth/register"}
{"duration":"277ms","ip":"::ffff:127.0.0.1","level":"info","message":"HTTP Request","method":"POST","statusCode":200,"timestamp":"2026-09-08T11:45:42.300Z","url":"/api/auth/login"}
{"duration":"10ms","ip":"::ffff:127.0.0.1","level":"info","message":"HTTP Request","method":"POST","statusCode":400,"timestamp":"2026-09-08T11:45:42.319Z","url":"/api/users/me/profile-picture"}
{"duration":"307ms","ip":"::ffff:127.0.0.1","level":"info","message":"HTTP Request","method":"POST","statusCode":201,"timestamp":"2026-09-08T11:45:42.635Z","url":"/api/auth/register"}
{"duration":"271ms","ip":"::ffff:127.0.0.1","level":"info","message":"HTTP Request","method":"POST","statusCode":200,"timestamp":"2026-09-08T11:45:42.910Z","url":"/api/auth/login"}
{"duration":"837ms","ip":"::ffff:127.0.0.1","level":"info","message":"HTTP Request","method":"PATCH","statusCode":200,"timestamp":"2026-09-08T11:45:43.751Z","url":"/api/users/me/password"}
{"duration":"275ms","ip":"::ffff:127.0.0.1","level":"info","message":"HTTP Request","method":"POST","statusCode":201,"timestamp":"2026-09-08T11:45:44.035Z","url":"/api/auth/register"}
{"duration":"273ms","ip":"::ffff:127.0.0.1","level":"info","message":"HTTP Request","method":"POST","statusCode":200,"timestamp":"2026-09-08T11:45:44.313Z","url":"/api/auth/login"}
{"duration":"269ms","ip":"::ffff:127.0.0.1","level":"info","message":"HTTP Request","method":"PATCH","statusCode":400,"timestamp":"2026-09-08T11:45:44.586Z","url":"/api/users/me/password"}
{"duration":"273ms","ip":"::ffff:127.0.0.1","level":"info","message":"HTTP Request","method":"POST","statusCode":201,"timestamp":"2026-09-08T11:45:44.866Z","url":"/api/auth/register"}
{"duration":"268ms","ip":"::ffff:127.0.0.1","level":"info","message":"HTTP Request","method":"POST","statusCode":200,"timestamp":"2026-09-08T11:45:45.138Z","url":"/api/auth/login"}
{"duration":"2ms","ip":"::ffff:127.0.0.1","level":"info","message":"HTTP Request","method":"PATCH","statusCode":400,"timestamp":"2026-09-08T11:45:45.143Z","url":"/api/users/me/password"}
{"duration":"301ms","ip":"::ffff:127.0.0.1","level":"info","message":"HTTP Request","method":"POST","statusCode":201,"timestamp":"2026-09-08T11:45:46.205Z","url":"/api/auth/register"}
{"duration":"302ms","ip":"::ffff:127.0.0.1","level":"info","message":"HTTP Request","method":"POST","statusCode":200,"timestamp":"2026-09-08T11:45:46.511Z","url":"/api/auth/login"}
{"duration":"1ms","ip":"::ffff:127.0.0.1","level":"info","message":"HTTP Request","method":"GET","statusCode":401,"timestamp":"2026-09-08T11:45:46.521Z","url":"/api/categories"}
{"duration":"279ms","ip":"::ffff:127.0.0.1","level":"info","message":"HTTP Request","method":"POST","statusCode":201,"timestamp":"2026-09-08T11:45:46.817Z","url":"/api/auth/register"}
{"duration":"271ms","ip":"::ffff:127.0.0.1","level":"info","message":"HTTP Request","method":"POST","statusCode":200,"timestamp":"2026-09-08T11:45:47.092Z","url":"/api/auth/login"}
{"duration":"16ms","ip":"::ffff:127.0.0.1","level":"info","message":"HTTP Request","method":"POST","statusCode":201,"timestamp":"2026-09-08T11:45:47.115Z","url":"/api/categories"}
{"duration":"302ms","ip":"::ffff:127.0.0.1","level":"info","message":"HTTP Request","method":"POST","statusCode":201,"timestamp":"2026-09-08T11:45:47.429Z","url":"/api/auth/register"}
{"duration":"271ms","ip":"::ffff:127.0.0.1","level":"info","message":"HTTP Request","method":"POST","statusCode":200,"timestamp":"2026-09-08T11:45:47.709Z","url":"/api/auth/login"}
{"duration":"7ms","ip":"::ffff:127.0.0.1","level":"info","message":"HTTP Request","method":"POST","statusCode":400,"timestamp":"2026-09-08T11:45:47.721Z","url":"/api/categories"}
{"duration":"277ms","ip":"::ffff:127.0.0.1","level":"info","message":"HTTP Request","method":"POST","statusCode":201,"timestamp":"2026-09-08T11:45:48.023Z","url":"/api/auth/register"}
{"duration":"277ms","ip":"::ffff:127.0.0.1","level":"info","message":"HTTP Request","method":"POST","statusCode":200,"timestamp":"2026-09-08T11:45:48.303Z","url":"/api/auth/login"}
{"duration":"4ms","ip":"::ffff:127.0.0.1","level":"info","message":"HTTP Request","method":"POST","statusCode":201,"timestamp":"2026-09-08T11:45:48.311Z","url":"/api/categories"}
{"duration":"4ms","ip":"::ffff:127.0.0.1","level":"info","message":"HTTP Request","method":"POST","statusCode":409,"timestamp":"2026-09-08T11:45:48.321Z","url":"/api/categories"}
{"duration":"271ms","ip":"::ffff:127.0.0.1","level":"info","message":"HTTP Request","method":"POST","statusCode":201,"timestamp":"2026-09-08T11:45:48.599Z","url":"/api/auth/register"}
{"duration":"275ms","ip":"::ffff:127.0.0.1","level":"info","message":"HTTP Request","method":"POST","statusCode":200,"timestamp":"2026-09-08T11:45:48.880Z","url":"/api/auth/login"}
{"duration":"5ms","ip":"::ffff:127.0.0.1","level":"info","message":"HTTP Request","method":"POST","statusCode":201,"timestamp":"2026-09-08T11:45:48.891Z","url":"/api/categories"}
{"duration":"10ms","ip":"::ffff:127.0.0.1","level":"info","message":"HTTP Request","method":"GET","statusCode":200,"timestamp":"2026-09-08T11:45:48.904Z","url":"/api/categories"}
{"duration":"277ms","ip":"::ffff:127.0.0.1","level":"info","message":"HTTP Request","method":"POST","statusCode":201,"timestamp":"2026-09-08T11:45:49.200Z","url":"/api/auth/register"}
{"duration":"272ms","ip":"::ffff:127.0.0.1","level":"info","message":"HTTP Request","method":"POST","statusCode":200,"timestamp":"2026-09-08T11:45:49.477Z","url":"/api/auth/login"}
{"duration":"6ms","ip":"::ffff:127.0.0.1","level":"info","message":"HTTP Request","method":"POST","statusCode":201,"timestamp":"2026-09-08T11:45:49.488Z","url":"/api/categories"}
{"duration":"9ms","ip":"::ffff:127.0.0.1","level":"info","message":"HTTP Request","method":"PATCH","statusCode":200,"timestamp":"2026-09-08T11:45:49.502Z","url":"/api/categories/22ac9fc2-f346-4316-96e3-a392ffefbb87"}
{"duration":"279ms","ip":"::ffff:127.0.0.1","level":"info","message":"HTTP Request","method":"POST","statusCode":201,"timestamp":"2026-09-08T11:45:49.791Z","url":"/api/auth/register"}
{"duration":"270ms","ip":"::ffff:127.0.0.1","level":"info","message":"HTTP Request","method":"POST","statusCode":200,"timestamp":"2026-09-08T11:45:50.065Z","url":"/api/auth/login"}
{"duration":"2ms","ip":"::ffff:127.0.0.1","level":"info","message":"HTTP Request","method":"PATCH","statusCode":400,"timestamp":"2026-09-08T11:45:50.072Z","url":"/api/categories/not-a-uuid"}
{"duration":"283ms","ip":"::ffff:127.0.0.1","level":"info","message":"HTTP Request","method":"POST","statusCode":201,"timestamp":"2026-09-08T11:45:50.364Z","url":"/api/auth/register"}
{"duration":"275ms","ip":"::ffff:127.0.0.1","level":"info","message":"HTTP Request","method":"POST","statusCode":200,"timestamp":"2026-09-08T11:45:50.645Z","url":"/api/auth/login"}
{"duration":"3ms","ip":"::ffff:127.0.0.1","level":"info","message":"HTTP Request","method":"PATCH","statusCode":404,"timestamp":"2026-09-08T11:45:50.654Z","url":"/api/categories/11111111-1111-4111-8111-111111111111"}
{"duration":"291ms","ip":"::ffff:127.0.0.1","level":"info","message":"HTTP Request","method":"POST","statusCode":201,"timestamp":"2026-09-08T11:45:50.953Z","url":"/api/auth/register"}
{"duration":"281ms","ip":"::ffff:127.0.0.1","level":"info","message":"HTTP Request","method":"POST","statusCode":200,"timestamp":"2026-09-08T11:45:51.238Z","url":"/api/auth/login"}
{"duration":"18ms","ip":"::ffff:127.0.0.1","level":"info","message":"HTTP Request","method":"POST","statusCode":201,"timestamp":"2026-09-08T11:45:51.261Z","url":"/api/categories"}
{"duration":"22ms","ip":"::ffff:127.0.0.1","level":"info","message":"HTTP Request","method":"DELETE","statusCode":200,"timestamp":"2026-09-08T11:45:51.298Z","url":"/api/categories/61f3f254-b76f-47ab-9aad-3b7192f72811"}
{"duration":"281ms","ip":"::ffff:127.0.0.1","level":"info","message":"HTTP Request","method":"POST","statusCode":201,"timestamp":"2026-09-08T11:45:52.306Z","url":"/api/auth/register"}
{"duration":"278ms","ip":"::ffff:127.0.0.1","level":"info","message":"HTTP Request","method":"POST","statusCode":200,"timestamp":"2026-09-08T11:45:52.592Z","url":"/api/auth/login"}
{"duration":"1ms","ip":"::ffff:127.0.0.1","level":"info","message":"HTTP Request","method":"GET","statusCode":401,"timestamp":"2026-09-08T11:45:52.597Z","url":"/api/users/me/settings"}
{"duration":"281ms","ip":"::ffff:127.0.0.1","level":"info","message":"HTTP Request","method":"POST","statusCode":201,"timestamp":"2026-09-08T11:45:52.890Z","url":"/api/auth/register"}
{"duration":"301ms","ip":"::ffff:127.0.0.1","level":"info","message":"HTTP Request","method":"POST","statusCode":200,"timestamp":"2026-09-08T11:45:53.195Z","url":"/api/auth/login"}
{"duration":"14ms","ip":"::ffff:127.0.0.1","level":"info","message":"HTTP Request","method":"GET","statusCode":200,"timestamp":"2026-09-08T11:45:53.222Z","url":"/api/users/me/settings"}
{"duration":"309ms","ip":"::ffff:127.0.0.1","level":"info","message":"HTTP Request","method":"POST","statusCode":201,"timestamp":"2026-09-08T11:45:53.545Z","url":"/api/auth/register"}
{"duration":"271ms","ip":"::ffff:127.0.0.1","level":"info","message":"HTTP Request","method":"POST","statusCode":200,"timestamp":"2026-09-08T11:45:53.823Z","url":"/api/auth/login"}
{"duration":"7ms","ip":"::ffff:127.0.0.1","level":"info","message":"HTTP Request","method":"GET","statusCode":200,"timestamp":"2026-09-08T11:45:53.835Z","url":"/api/users/me/settings"}
{"duration":"6ms","ip":"::ffff:127.0.0.1","level":"info","message":"HTTP Request","method":"PATCH","statusCode":200,"timestamp":"2026-09-08T11:45:53.846Z","url":"/api/users/me/settings"}
{"duration":"276ms","ip":"::ffff:127.0.0.1","level":"info","message":"HTTP Request","method":"POST","statusCode":201,"timestamp":"2026-09-08T11:45:54.134Z","url":"/api/auth/register"}
{"duration":"278ms","ip":"::ffff:127.0.0.1","level":"info","message":"HTTP Request","method":"POST","statusCode":200,"timestamp":"2026-09-08T11:45:54.416Z","url":"/api/auth/login"}
{"duration":"3ms","ip":"::ffff:127.0.0.1","level":"info","message":"HTTP Request","method":"PATCH","statusCode":400,"timestamp":"2026-09-08T11:45:54.426Z","url":"/api/users/me/settings"}
{"duration":"279ms","ip":"::ffff:127.0.0.1","level":"info","message":"HTTP Request","method":"POST","statusCode":201,"timestamp":"2026-09-08T11:45:54.714Z","url":"/api/auth/register"}
{"duration":"274ms","ip":"::ffff:127.0.0.1","level":"info","message":"HTTP Request","method":"POST","statusCode":200,"timestamp":"2026-09-08T11:45:54.995Z","url":"/api/auth/login"}
{"duration":"5ms","ip":"::ffff:127.0.0.1","level":"info","message":"HTTP Request","method":"GET","statusCode":200,"timestamp":"2026-09-08T11:45:55.005Z","url":"/api/users/me/settings"}
{"duration":"4ms","ip":"::ffff:127.0.0.1","level":"info","message":"HTTP Request","method":"PATCH","statusCode":200,"timestamp":"2026-09-08T11:45:55.011Z","url":"/api/users/me/settings"}
{"duration":"4ms","ip":"::ffff:127.0.0.1","level":"info","message":"HTTP Request","method":"GET","statusCode":200,"timestamp":"2026-09-08T11:45:55.018Z","url":"/api/users/me/settings"}
{"duration":"3ms","ip":"::ffff:127.0.0.1","level":"info","message":"HTTP Request","method":"PATCH","statusCode":400,"timestamp":"2026-09-08T11:45:55.025Z","url":"/api/users/me/settings"}
{"duration":"283ms","ip":"::ffff:127.0.0.1","level":"info","message":"HTTP Request","method":"POST","statusCode":201,"timestamp":"2026-09-08T11:45:55.316Z","url":"/api/auth/register"}
{"duration":"276ms","ip":"::ffff:127.0.0.1","level":"info","message":"HTTP Request","method":"POST","statusCode":200,"timestamp":"2026-09-08T11:45:55.595Z","url":"/api/auth/login"}
{"duration":"2ms","ip":"::ffff:127.0.0.1","level":"info","message":"HTTP Request","method":"PATCH","statusCode":400,"timestamp":"2026-09-08T11:45:55.602Z","url":"/api/users/me/settings"}
{"duration":"1ms","ip":"::ffff:127.0.0.1","level":"info","message":"HTTP Request","method":"PATCH","statusCode":400,"timestamp":"2026-09-08T11:45:55.606Z","url":"/api/users/me/settings"}
{"duration":"276ms","ip":"::ffff:127.0.0.1","level":"info","message":"HTTP Request","method":"POST","statusCode":201,"timestamp":"2026-09-08T11:45:55.892Z","url":"/api/auth/register"}
{"duration":"269ms","ip":"::ffff:127.0.0.1","level":"info","message":"HTTP Request","method":"POST","statusCode":200,"timestamp":"2026-09-08T11:45:56.164Z","url":"/api/auth/login"}
{"duration":"5ms","ip":"::ffff:127.0.0.1","level":"info","message":"HTTP Request","method":"POST","statusCode":201,"timestamp":"2026-09-08T11:45:56.174Z","url":"/api/users/me/settings"}
{"duration":"141ms","ip":"::ffff:127.0.0.1","level":"info","message":"HTTP Request","method":"POST","statusCode":409,"timestamp":"2026-09-08T11:45:56.318Z","url":"/api/users/me/settings"}
{"duration":"278ms","ip":"::ffff:127.0.0.1","level":"info","message":"HTTP Request","method":"POST","statusCode":201,"timestamp":"2026-09-08T11:45:56.702Z","url":"/api/auth/register"}
{"duration":"273ms","ip":"::ffff:127.0.0.1","level":"info","message":"HTTP Request","method":"POST","statusCode":200,"timestamp":"2026-09-08T11:45:56.980Z","url":"/api/auth/login"}
{"duration":"4ms","ip":"::ffff:127.0.0.1","level":"info","message":"HTTP Request","method":"PATCH","statusCode":404,"timestamp":"2026-09-08T11:45:56.988Z","url":"/api/users/me/settings"}
{"duration":"275ms","ip":"::ffff:127.0.0.1","level":"info","message":"HTTP Request","method":"POST","statusCode":201,"timestamp":"2026-09-08T11:45:58.091Z","url":"/api/auth/register"}
{"duration":"271ms","ip":"::ffff:127.0.0.1","level":"info","message":"HTTP Request","method":"POST","statusCode":201,"timestamp":"2026-09-08T11:45:58.374Z","url":"/api/auth/register"}
{"duration":"1ms","ip":"::ffff:127.0.0.1","level":"info","message":"HTTP Request","method":"POST","statusCode":409,"timestamp":"2026-09-08T11:45:58.379Z","url":"/api/auth/register"}
{"duration":"0ms","ip":"::ffff:127.0.0.1","level":"info","message":"HTTP Request","method":"POST","statusCode":400,"timestamp":"2026-09-08T11:45:58.389Z","url":"/api/auth/register"}
{"duration":"0ms","ip":"::ffff:127.0.0.1","level":"info","message":"HTTP Request","method":"POST","statusCode":400,"timestamp":"2026-09-08T11:45:58.396Z","url":"/api/auth/register"}
{"duration":"0ms","ip":"::ffff:127.0.0.1","level":"info","message":"HTTP Request","method":"POST","statusCode":400,"timestamp":"2026-09-08T11:45:58.404Z","url":"/api/auth/register"}
{"duration":"277ms","ip":"::ffff:127.0.0.1","level":"info","message":"HTTP Request","method":"POST","statusCode":201,"timestamp":"2026-09-08T11:45:58.688Z","url":"/api/auth/register"}
{"duration":"272ms","ip":"::ffff:127.0.0.1","level":"info","message":"HTTP Request","method":"POST","statusCode":200,"timestamp":"2026-09-08T11:45:58.963Z","url":"/api/auth/login"}
{"duration":"272ms","ip":"::ffff:127.0.0.1","level":"info","message":"HTTP Request","method":"POST","statusCode":201,"timestamp":"2026-09-08T11:45:59.243Z","url":"/api/auth/register"}
{"duration":"273ms","ip":"::ffff:127.0.0.1","level":"info","message":"HTTP Request","method":"POST","statusCode":401,"timestamp":"2026-09-08T11:45:59.519Z","url":"/api/auth/login"}
{"duration":"275ms","ip":"::ffff:127.0.0.1","level":"info","message":"HTTP Request","method":"POST","statusCode":201,"timestamp":"2026-09-08T11:45:59.801Z","url":"/api/auth/register"}
{"duration":"3ms","ip":"::ffff:127.0.0.1","level":"info","message":"HTTP Request","method":"POST","statusCode":401,"timestamp":"2026-09-08T11:45:59.810Z","url":"/api/auth/login"}
{"duration":"270ms","ip":"::ffff:127.0.0.1","level":"info","message":"HTTP Request","method":"POST","statusCode":201,"timestamp":"2026-09-08T11:46:00.093Z","url":"/api/auth/register"}
{"level":"info","message":"Password reset email sent","timestamp":"2026-09-08T11:46:00.106Z","userId":"d7d56c34-9799-4d8a-b7c4-f1d19af85da4"}
{"duration":"16ms","ip":"::ffff:127.0.0.1","level":"info","message":"HTTP Request","method":"POST","statusCode":200,"timestamp":"2026-09-08T11:46:00.112Z","url":"/api/auth/forgot-password"}
{"duration":"1ms","ip":"::ffff:127.0.0.1","level":"info","message":"HTTP Request","method":"POST","statusCode":200,"timestamp":"2026-09-08T11:46:00.117Z","url":"/api/auth/forgot-password"}
{"duration":"4ms","ip":"::ffff:127.0.0.1","level":"info","message":"HTTP Request","method":"POST","statusCode":400,"timestamp":"2026-09-08T11:46:00.129Z","url":"/api/auth/reset-password"}
{"duration":"273ms","ip":"::ffff:127.0.0.1","level":"info","message":"HTTP Request","method":"POST","statusCode":201,"timestamp":"2026-09-08T11:46:00.410Z","url":"/api/auth/register"}
{"duration":"274ms","ip":"::ffff:127.0.0.1","level":"info","message":"HTTP Request","method":"POST","statusCode":200,"timestamp":"2026-09-08T11:46:00.688Z","url":"/api/auth/login"}
{"duration":"0ms","ip":"::ffff:127.0.0.1","level":"info","message":"HTTP Request","method":"GET","statusCode":401,"timestamp":"2026-09-08T11:46:00.692Z","url":"/api/auth/me"}
{"duration":"282ms","ip":"::ffff:127.0.0.1","level":"info","message":"HTTP Request","method":"POST","statusCode":201,"timestamp":"2026-09-08T11:46:00.984Z","url":"/api/auth/register"}
{"duration":"269ms","ip":"::ffff:127.0.0.1","level":"info","message":"HTTP Request","method":"POST","statusCode":200,"timestamp":"2026-09-08T11:46:01.260Z","url":"/api/auth/login"}
{"duration":"5ms","ip":"::ffff:127.0.0.1","level":"info","message":"HTTP Request","method":"GET","statusCode":200,"timestamp":"2026-09-08T11:46:01.270Z","url":"/api/auth/me"}
{"duration":"287ms","ip":"::ffff:127.0.0.1","level":"info","message":"HTTP Request","method":"POST","statusCode":201,"timestamp":"2026-09-08T11:46:01.565Z","url":"/api/auth/register"}
{"duration":"272ms","ip":"::ffff:127.0.0.1","level":"info","message":"HTTP Request","method":"POST","statusCode":200,"timestamp":"2026-09-08T11:46:01.843Z","url":"/api/auth/login"}
{"duration":"0ms","ip":"::ffff:127.0.0.1","level":"info","message":"HTTP Request","method":"GET","statusCode":401,"timestamp":"2026-09-08T11:46:01.848Z","url":"/api/auth/me"}
{"duration":"337ms","ip":"::ffff:127.0.0.1","level":"info","message":"HTTP Request","method":"POST","statusCode":201,"timestamp":"2026-09-08T11:46:02.193Z","url":"/api/auth/register"}
{"duration":"274ms","ip":"::ffff:127.0.0.1","level":"info","message":"HTTP Request","method":"POST","statusCode":200,"timestamp":"2026-09-08T11:46:02.471Z","url":"/api/auth/login"}
{"duration":"12ms","ip":"::ffff:127.0.0.1","level":"info","message":"HTTP Request","method":"GET","statusCode":401,"timestamp":"2026-09-08T11:46:02.486Z","url":"/api/auth/me"}
{"duration":"282ms","ip":"::ffff:127.0.0.1","level":"info","message":"HTTP Request","method":"POST","statusCode":201,"timestamp":"2026-09-08T11:46:03.523Z","url":"/api/auth/register"}
{"duration":"274ms","ip":"::ffff:127.0.0.1","level":"info","message":"HTTP Request","method":"POST","statusCode":200,"timestamp":"2026-09-08T11:46:03.802Z","url":"/api/auth/login"}
{"duration":"0ms","ip":"::ffff:127.0.0.1","level":"info","message":"HTTP Request","method":"GET","statusCode":401,"timestamp":"2026-09-08T11:46:03.807Z","url":"/api/dashboard"}
{"duration":"273ms","ip":"::ffff:127.0.0.1","level":"info","message":"HTTP Request","method":"POST","statusCode":201,"timestamp":"2026-09-08T11:46:04.093Z","url":"/api/auth/register"}
{"duration":"280ms","ip":"::ffff:127.0.0.1","level":"info","message":"HTTP Request","method":"POST","statusCode":200,"timestamp":"2026-09-08T11:46:04.378Z","url":"/api/auth/login"}
{"duration":"114ms","ip":"::ffff:127.0.0.1","level":"info","message":"HTTP Request","method":"GET","statusCode":200,"timestamp":"2026-09-08T11:46:04.497Z","url":"/api/dashboard"}
{"duration":"277ms","ip":"::ffff:127.0.0.1","level":"info","message":"HTTP Request","method":"POST","statusCode":201,"timestamp":"2026-09-08T11:46:04.798Z","url":"/api/auth/register"}
{"duration":"274ms","ip":"::ffff:127.0.0.1","level":"info","message":"HTTP Request","method":"POST","statusCode":200,"timestamp":"2026-09-08T11:46:05.077Z","url":"/api/auth/login"}
{"duration":"11ms","ip":"::ffff:127.0.0.1","level":"info","message":"HTTP Request","method":"POST","statusCode":201,"timestamp":"2026-09-08T11:46:05.095Z","url":"/api/categories"}
{"duration":"11ms","ip":"::ffff:127.0.0.1","level":"info","message":"HTTP Request","method":"POST","statusCode":201,"timestamp":"2026-09-08T11:46:05.111Z","url":"/api/transactions"}
{"duration":"8ms","ip":"::ffff:127.0.0.1","level":"info","message":"HTTP Request","method":"GET","statusCode":200,"timestamp":"2026-09-08T11:46:05.123Z","url":"/api/dashboard"}
{"duration":"281ms","ip":"::ffff:127.0.0.1","level":"info","message":"HTTP Request","method":"POST","statusCode":201,"timestamp":"2026-09-08T11:46:06.155Z","url":"/api/auth/register"}
{"duration":"273ms","ip":"::ffff:127.0.0.1","level":"info","message":"HTTP Request","method":"POST","statusCode":200,"timestamp":"2026-09-08T11:46:06.432Z","url":"/api/auth/login"}
{"duration":"1ms","ip":"::ffff:127.0.0.1","level":"info","message":"HTTP Request","method":"GET","statusCode":401,"timestamp":"2026-09-08T11:46:06.437Z","url":"/api/account/status"}
{"duration":"281ms","ip":"::ffff:127.0.0.1","level":"info","message":"HTTP Request","method":"POST","statusCode":201,"timestamp":"2026-09-08T11:46:06.728Z","url":"/api/auth/register"}
{"duration":"275ms","ip":"::ffff:127.0.0.1","level":"info","message":"HTTP Request","method":"POST","statusCode":200,"timestamp":"2026-09-08T11:46:07.008Z","url":"/api/auth/login"}
{"duration":"9ms","ip":"::ffff:127.0.0.1","level":"info","message":"HTTP Request","method":"GET","statusCode":200,"timestamp":"2026-09-08T11:46:07.021Z","url":"/api/account/status"}
{"duration":"271ms","ip":"::ffff:127.0.0.1","level":"info","message":"HTTP Request","method":"POST","statusCode":201,"timestamp":"2026-09-08T11:46:07.300Z","url":"/api/auth/register"}
{"duration":"277ms","ip":"::ffff:127.0.0.1","level":"info","message":"HTTP Request","method":"POST","statusCode":200,"timestamp":"2026-09-08T11:46:07.581Z","url":"/api/auth/login"}
{"duration":"7ms","ip":"::ffff:127.0.0.1","level":"info","message":"HTTP Request","method":"DELETE","statusCode":200,"timestamp":"2026-09-08T11:46:07.593Z","url":"/api/account/delete"}
{"duration":"272ms","ip":"::ffff:127.0.0.1","level":"info","message":"HTTP Request","method":"POST","statusCode":201,"timestamp":"2026-09-08T11:46:07.873Z","url":"/api/auth/register"}
{"duration":"273ms","ip":"::ffff:127.0.0.1","level":"info","message":"HTTP Request","method":"POST","statusCode":200,"timestamp":"2026-09-08T11:46:08.150Z","url":"/api/auth/login"}
{"duration":"4ms","ip":"::ffff:127.0.0.1","level":"info","message":"HTTP Request","method":"DELETE","statusCode":200,"timestamp":"2026-09-08T11:46:08.158Z","url":"/api/account/delete"}
{"duration":"2ms","ip":"::ffff:127.0.0.1","level":"info","message":"HTTP Request","method":"DELETE","statusCode":403,"timestamp":"2026-09-08T11:46:08.163Z","url":"/api/account/delete"}
{"duration":"1ms","ip":"::ffff:127.0.0.1","level":"info","message":"HTTP Request","method":"GET","statusCode":200,"timestamp":"2026-09-08T11:46:08.941Z","url":"/"}
{"duration":"0ms","ip":"::ffff:127.0.0.1","level":"info","message":"HTTP Request","method":"GET","statusCode":200,"timestamp":"2026-09-08T11:46:08.951Z","url":"/health"}
{"duration":"3ms","ip":"::ffff:127.0.0.1","level":"info","message":"HTTP Request","method":"GET","statusCode":200,"timestamp":"2026-09-08T11:46:08.962Z","url":"/db-check"}
{"duration":"197ms","ip":"::1","level":"info","message":"HTTP Request","method":"GET","statusCode":401,"timestamp":"2026-09-08T11:47:10.704Z","url":"/api/dashboard"}
{"duration":"165ms","ip":"::ffff:127.0.0.1","level":"info","message":"HTTP Request","method":"POST","statusCode":401,"timestamp":"2026-09-08T11:47:34.328Z","url":"/api/auth/login"}
{"duration":"444ms","ip":"::1","level":"info","message":"HTTP Request","method":"POST","statusCode":201,"timestamp":"2026-09-08T11:48:07.268Z","url":"/api/auth/register"}
{"duration":"359ms","ip":"::1","level":"info","message":"HTTP Request","method":"POST","statusCode":200,"timestamp":"2026-09-08T11:48:14.933Z","url":"/api/auth/login"}
{"duration":"7ms","ip":"::1","level":"info","message":"HTTP Request","method":"GET","statusCode":200,"timestamp":"2026-09-08T11:48:14.952Z","url":"/api/auth/me"}
{"duration":"40ms","ip":"::1","level":"info","message":"HTTP Request","method":"GET","statusCode":200,"timestamp":"2026-09-08T11:48:15.066Z","url":"/api/users/me/settings"}
{"duration":"147ms","ip":"::1","level":"info","message":"HTTP Request","method":"GET","statusCode":200,"timestamp":"2026-09-08T11:48:15.183Z","url":"/api/categories"}
{"duration":"308ms","ip":"::1","level":"info","message":"HTTP Request","method":"GET","statusCode":200,"timestamp":"2026-09-08T11:48:15.340Z","url":"/api/dashboard"}
{"duration":"27ms","ip":"::1","level":"info","message":"HTTP Request","method":"GET","statusCode":200,"timestamp":"2026-09-08T11:48:18.229Z","url":"/api/transactions?page=1&limit=10"}
{"duration":"50ms","ip":"::1","level":"info","message":"HTTP Request","method":"GET","statusCode":304,"timestamp":"2026-09-08T11:48:42.420Z","url":"/api/auth/me"}
{"duration":"15ms","ip":"::1","level":"info","message":"HTTP Request","method":"GET","statusCode":200,"timestamp":"2026-09-08T11:48:42.757Z","url":"/api/categories"}
{"duration":"70ms","ip":"::1","level":"info","message":"HTTP Request","method":"GET","statusCode":304,"timestamp":"2026-09-08T11:48:42.820Z","url":"/api/users/me/settings"}
{"duration":"223ms","ip":"::1","level":"info","message":"HTTP Request","method":"GET","statusCode":304,"timestamp":"2026-09-08T11:48:42.970Z","url":"/api/dashboard"}
{"duration":"11ms","ip":"::1","level":"info","message":"HTTP Request","method":"GET","statusCode":304,"timestamp":"2026-09-08T11:48:44.301Z","url":"/api/transactions?page=1&limit=10"}
{"duration":"81ms","ip":"::1","level":"info","message":"HTTP Request","method":"POST","statusCode":201,"timestamp":"2026-09-08T11:49:31.378Z","url":"/api/transactions"}
{"duration":"9ms","ip":"::1","level":"info","message":"HTTP Request","method":"GET","statusCode":200,"timestamp":"2026-09-08T11:49:31.398Z","url":"/api/transactions?page=1&limit=10"}
{"duration":"73ms","ip":"::1","level":"info","message":"HTTP Request","method":"POST","statusCode":201,"timestamp":"2026-09-08T11:49:51.764Z","url":"/api/transactions"}
{"duration":"11ms","ip":"::1","level":"info","message":"HTTP Request","method":"GET","statusCode":200,"timestamp":"2026-09-08T11:49:51.784Z","url":"/api/transactions?page=1&limit=10"}
{"duration":"200ms","ip":"::1","level":"info","message":"HTTP Request","method":"GET","statusCode":200,"timestamp":"2026-09-08T11:49:53.170Z","url":"/api/dashboard"}
{"duration":"59ms","ip":"::1","level":"info","message":"HTTP Request","method":"POST","statusCode":201,"timestamp":"2026-09-08T11:50:18.366Z","url":"/api/transactions"}
{"duration":"13ms","ip":"::1","level":"info","message":"HTTP Request","method":"GET","statusCode":200,"timestamp":"2026-09-08T11:50:18.388Z","url":"/api/transactions?page=1&limit=10"}
{"duration":"104ms","ip":"::1","level":"info","message":"HTTP Request","method":"GET","statusCode":200,"timestamp":"2026-09-08T11:50:20.071Z","url":"/api/dashboard"}
{"duration":"242ms","ip":"::1","level":"info","message":"HTTP Request","method":"GET","statusCode":304,"timestamp":"2026-09-08T11:57:19.218Z","url":"/api/auth/me"}
{"duration":"105ms","ip":"::1","level":"info","message":"HTTP Request","method":"GET","statusCode":304,"timestamp":"2026-09-08T11:57:19.481Z","url":"/api/users/me/settings"}
{"duration":"145ms","ip":"::1","level":"info","message":"HTTP Request","method":"GET","statusCode":304,"timestamp":"2026-09-08T11:57:19.515Z","url":"/api/dashboard"}
{"duration":"196ms","ip":"::1","level":"info","message":"HTTP Request","method":"GET","statusCode":304,"timestamp":"2026-09-08T11:57:19.568Z","url":"/api/categories"}
{"duration":"164ms","ip":"::1","level":"info","message":"HTTP Request","method":"GET","statusCode":304,"timestamp":"2026-09-08T12:02:45.794Z","url":"/api/auth/me"}
{"duration":"17ms","ip":"::1","level":"info","message":"HTTP Request","method":"GET","statusCode":304,"timestamp":"2026-09-08T12:02:46.251Z","url":"/api/users/me/settings"}
{"duration":"618ms","ip":"::ffff:127.0.0.1","level":"info","message":"HTTP Request","method":"POST","statusCode":201,"timestamp":"2026-09-08T12:07:15.405Z","url":"/api/auth/register"}
{"duration":"517ms","ip":"::ffff:127.0.0.1","level":"info","message":"HTTP Request","method":"POST","statusCode":200,"timestamp":"2026-09-08T12:07:15.956Z","url":"/api/auth/login"}
{"duration":"2ms","ip":"::ffff:127.0.0.1","level":"info","message":"HTTP Request","method":"GET","statusCode":401,"timestamp":"2026-09-08T12:07:15.966Z","url":"/api/users/me/settings"}
{"duration":"511ms","ip":"::ffff:127.0.0.1","level":"info","message":"HTTP Request","method":"POST","statusCode":201,"timestamp":"2026-09-08T12:07:16.498Z","url":"/api/auth/register"}
{"duration":"520ms","ip":"::ffff:127.0.0.1","level":"info","message":"HTTP Request","method":"POST","statusCode":200,"timestamp":"2026-09-08T12:07:17.028Z","url":"/api/auth/login"}
{"duration":"51ms","ip":"::ffff:127.0.0.1","level":"info","message":"HTTP Request","method":"GET","statusCode":200,"timestamp":"2026-09-08T12:07:17.089Z","url":"/api/users/me/settings"}
{"duration":"513ms","ip":"::ffff:127.0.0.1","level":"info","message":"HTTP Request","method":"POST","statusCode":201,"timestamp":"2026-09-08T12:07:17.622Z","url":"/api/auth/register"}
{"duration":"513ms","ip":"::ffff:127.0.0.1","level":"info","message":"HTTP Request","method":"POST","statusCode":200,"timestamp":"2026-09-08T12:07:18.143Z","url":"/api/auth/login"}
{"duration":"10ms","ip":"::ffff:127.0.0.1","level":"info","message":"HTTP Request","method":"GET","statusCode":200,"timestamp":"2026-09-08T12:07:18.181Z","url":"/api/users/me/settings"}
{"duration":"33ms","ip":"::ffff:127.0.0.1","level":"info","message":"HTTP Request","method":"PATCH","statusCode":200,"timestamp":"2026-09-08T12:07:18.225Z","url":"/api/users/me/settings"}
{"duration":"513ms","ip":"::ffff:127.0.0.1","level":"info","message":"HTTP Request","method":"POST","statusCode":201,"timestamp":"2026-09-08T12:07:18.760Z","url":"/api/auth/register"}
{"duration":"508ms","ip":"::ffff:127.0.0.1","level":"info","message":"HTTP Request","method":"POST","statusCode":200,"timestamp":"2026-09-08T12:07:19.275Z","url":"/api/auth/login"}
{"duration":"4ms","ip":"::ffff:127.0.0.1","level":"info","message":"HTTP Request","method":"PATCH","statusCode":400,"timestamp":"2026-09-08T12:07:19.285Z","url":"/api/users/me/settings"}
{"duration":"510ms","ip":"::ffff:127.0.0.1","level":"info","message":"HTTP Request","method":"POST","statusCode":201,"timestamp":"2026-09-08T12:07:19.809Z","url":"/api/auth/register"}
{"duration":"511ms","ip":"::ffff:127.0.0.1","level":"info","message":"HTTP Request","method":"POST","statusCode":200,"timestamp":"2026-09-08T12:07:20.325Z","url":"/api/auth/login"}
{"duration":"10ms","ip":"::ffff:127.0.0.1","level":"info","message":"HTTP Request","method":"GET","statusCode":200,"timestamp":"2026-09-08T12:07:20.343Z","url":"/api/users/me/settings"}
{"duration":"11ms","ip":"::ffff:127.0.0.1","level":"info","message":"HTTP Request","method":"PATCH","statusCode":200,"timestamp":"2026-09-08T12:07:20.360Z","url":"/api/users/me/settings"}
{"duration":"7ms","ip":"::ffff:127.0.0.1","level":"info","message":"HTTP Request","method":"GET","statusCode":200,"timestamp":"2026-09-08T12:07:20.372Z","url":"/api/users/me/settings"}
{"duration":"3ms","ip":"::ffff:127.0.0.1","level":"info","message":"HTTP Request","method":"PATCH","statusCode":400,"timestamp":"2026-09-08T12:07:20.381Z","url":"/api/users/me/settings"}
{"duration":"516ms","ip":"::ffff:127.0.0.1","level":"info","message":"HTTP Request","method":"POST","statusCode":201,"timestamp":"2026-09-08T12:07:20.913Z","url":"/api/auth/register"}
{"duration":"505ms","ip":"::ffff:127.0.0.1","level":"info","message":"HTTP Request","method":"POST","statusCode":200,"timestamp":"2026-09-08T12:07:21.425Z","url":"/api/auth/login"}
{"duration":"5ms","ip":"::ffff:127.0.0.1","level":"info","message":"HTTP Request","method":"PATCH","statusCode":400,"timestamp":"2026-09-08T12:07:21.438Z","url":"/api/users/me/settings"}
{"duration":"4ms","ip":"::ffff:127.0.0.1","level":"info","message":"HTTP Request","method":"PATCH","statusCode":400,"timestamp":"2026-09-08T12:07:21.447Z","url":"/api/users/me/settings"}
{"duration":"517ms","ip":"::ffff:127.0.0.1","level":"info","message":"HTTP Request","method":"POST","statusCode":201,"timestamp":"2026-09-08T12:07:21.980Z","url":"/api/auth/register"}
{"duration":"503ms","ip":"::ffff:127.0.0.1","level":"info","message":"HTTP Request","method":"POST","statusCode":200,"timestamp":"2026-09-08T12:07:22.489Z","url":"/api/auth/login"}
{"duration":"10ms","ip":"::ffff:127.0.0.1","level":"info","message":"HTTP Request","method":"POST","statusCode":201,"timestamp":"2026-09-08T12:07:22.505Z","url":"/api/users/me/settings"}
{"duration":"206ms","ip":"::ffff:127.0.0.1","level":"info","message":"HTTP Request","method":"POST","statusCode":409,"timestamp":"2026-09-08T12:07:22.718Z","url":"/api/users/me/settings"}
{"duration":"500ms","ip":"::ffff:127.0.0.1","level":"info","message":"HTTP Request","method":"POST","statusCode":201,"timestamp":"2026-09-08T12:07:23.346Z","url":"/api/auth/register"}
{"duration":"513ms","ip":"::ffff:127.0.0.1","level":"info","message":"HTTP Request","method":"POST","statusCode":200,"timestamp":"2026-09-08T12:07:23.868Z","url":"/api/auth/login"}
{"duration":"7ms","ip":"::ffff:127.0.0.1","level":"info","message":"HTTP Request","method":"PATCH","statusCode":404,"timestamp":"2026-09-08T12:07:23.882Z","url":"/api/users/me/settings"}
{"duration":"523ms","ip":"::ffff:127.0.0.1","level":"info","message":"HTTP Request","method":"POST","statusCode":201,"timestamp":"2026-09-08T12:07:25.747Z","url":"/api/auth/register"}
{"duration":"519ms","ip":"::ffff:127.0.0.1","level":"info","message":"HTTP Request","method":"POST","statusCode":200,"timestamp":"2026-09-08T12:07:26.274Z","url":"/api/auth/login"}
{"duration":"31ms","ip":"::ffff:127.0.0.1","level":"info","message":"HTTP Request","method":"POST","statusCode":201,"timestamp":"2026-09-08T12:07:26.312Z","url":"/api/categories"}
{"duration":"12ms","ip":"::ffff:127.0.0.1","level":"info","message":"HTTP Request","method":"GET","statusCode":200,"timestamp":"2026-09-08T12:07:26.331Z","url":"/api/users/me/settings"}
{"duration":"9ms","ip":"::ffff:127.0.0.1","level":"info","message":"HTTP Request","method":"PATCH","statusCode":200,"timestamp":"2026-09-08T12:07:26.349Z","url":"/api/users/me/settings"}
{"duration":"38ms","ip":"::ffff:127.0.0.1","level":"info","message":"HTTP Request","method":"POST","statusCode":201,"timestamp":"2026-09-08T12:07:26.393Z","url":"/api/budgets"}
{"duration":"14ms","ip":"::ffff:127.0.0.1","level":"info","message":"HTTP Request","method":"POST","statusCode":201,"timestamp":"2026-09-08T12:07:26.413Z","url":"/api/transactions"}
{"duration":"8ms","ip":"::ffff:127.0.0.1","level":"info","message":"HTTP Request","method":"POST","statusCode":201,"timestamp":"2026-09-08T12:07:26.488Z","url":"/api/transactions"}
{"duration":"504ms","ip":"::ffff:127.0.0.1","level":"info","message":"HTTP Request","method":"POST","statusCode":201,"timestamp":"2026-09-08T12:07:27.206Z","url":"/api/auth/register"}
{"duration":"507ms","ip":"::ffff:127.0.0.1","level":"info","message":"HTTP Request","method":"POST","statusCode":200,"timestamp":"2026-09-08T12:07:27.720Z","url":"/api/auth/login"}
{"duration":"7ms","ip":"::ffff:127.0.0.1","level":"info","message":"HTTP Request","method":"POST","statusCode":201,"timestamp":"2026-09-08T12:07:27.733Z","url":"/api/categories"}
{"duration":"8ms","ip":"::ffff:127.0.0.1","level":"info","message":"HTTP Request","method":"GET","statusCode":200,"timestamp":"2026-09-08T12:07:27.748Z","url":"/api/users/me/settings"}
{"duration":"5ms","ip":"::ffff:127.0.0.1","level":"info","message":"HTTP Request","method":"PATCH","statusCode":200,"timestamp":"2026-09-08T12:07:27.760Z","url":"/api/users/me/settings"}
{"duration":"13ms","ip":"::ffff:127.0.0.1","level":"info","message":"HTTP Request","method":"POST","statusCode":201,"timestamp":"2026-09-08T12:07:27.778Z","url":"/api/budgets"}
{"duration":"7ms","ip":"::ffff:127.0.0.1","level":"info","message":"HTTP Request","method":"PATCH","statusCode":200,"timestamp":"2026-09-08T12:07:27.791Z","url":"/api/users/me/settings"}
{"duration":"12ms","ip":"::ffff:127.0.0.1","level":"info","message":"HTTP Request","method":"POST","statusCode":201,"timestamp":"2026-09-08T12:07:27.808Z","url":"/api/transactions"}
{"duration":"523ms","ip":"::ffff:127.0.0.1","level":"info","message":"HTTP Request","method":"POST","statusCode":201,"timestamp":"2026-09-08T12:07:29.485Z","url":"/api/auth/register"}
{"duration":"505ms","ip":"::ffff:127.0.0.1","level":"info","message":"HTTP Request","method":"POST","statusCode":200,"timestamp":"2026-09-08T12:07:29.997Z","url":"/api/auth/login"}
{"duration":"6ms","ip":"::ffff:127.0.0.1","level":"info","message":"HTTP Request","method":"POST","statusCode":201,"timestamp":"2026-09-08T12:07:30.013Z","url":"/api/categories"}
{"duration":"8ms","ip":"::ffff:127.0.0.1","level":"info","message":"HTTP Request","method":"GET","statusCode":200,"timestamp":"2026-09-08T12:07:30.026Z","url":"/api/users/me/settings"}
{"duration":"55ms","ip":"::ffff:127.0.0.1","level":"info","message":"HTTP Request","method":"PATCH","statusCode":200,"timestamp":"2026-09-08T12:07:30.087Z","url":"/api/users/me/settings"}
{"duration":"15ms","ip":"::ffff:127.0.0.1","level":"info","message":"HTTP Request","method":"POST","statusCode":201,"timestamp":"2026-09-08T12:07:30.108Z","url":"/api/budgets"}
{"duration":"11ms","ip":"::ffff:127.0.0.1","level":"info","message":"HTTP Request","method":"POST","statusCode":201,"timestamp":"2026-09-08T12:07:30.128Z","url":"/api/transactions"}
{"duration":"11ms","ip":"::ffff:127.0.0.1","level":"info","message":"HTTP Request","method":"POST","statusCode":201,"timestamp":"2026-09-08T12:07:30.203Z","url":"/api/transactions"}
{"duration":"507ms","ip":"::ffff:127.0.0.1","level":"info","message":"HTTP Request","method":"POST","statusCode":201,"timestamp":"2026-09-08T12:07:30.851Z","url":"/api/auth/register"}
{"duration":"507ms","ip":"::ffff:127.0.0.1","level":"info","message":"HTTP Request","method":"POST","statusCode":200,"timestamp":"2026-09-08T12:07:31.364Z","url":"/api/auth/login"}
{"duration":"7ms","ip":"::ffff:127.0.0.1","level":"info","message":"HTTP Request","method":"POST","statusCode":201,"timestamp":"2026-09-08T12:07:31.379Z","url":"/api/categories"}
{"duration":"9ms","ip":"::ffff:127.0.0.1","level":"info","message":"HTTP Request","method":"GET","statusCode":200,"timestamp":"2026-09-08T12:07:31.394Z","url":"/api/users/me/settings"}
{"duration":"7ms","ip":"::ffff:127.0.0.1","level":"info","message":"HTTP Request","method":"PATCH","statusCode":200,"timestamp":"2026-09-08T12:07:31.408Z","url":"/api/users/me/settings"}
{"duration":"14ms","ip":"::ffff:127.0.0.1","level":"info","message":"HTTP Request","method":"POST","statusCode":201,"timestamp":"2026-09-08T12:07:31.428Z","url":"/api/budgets"}
{"duration":"7ms","ip":"::ffff:127.0.0.1","level":"info","message":"HTTP Request","method":"PATCH","statusCode":200,"timestamp":"2026-09-08T12:07:31.443Z","url":"/api/users/me/settings"}
{"duration":"12ms","ip":"::ffff:127.0.0.1","level":"info","message":"HTTP Request","method":"POST","statusCode":201,"timestamp":"2026-09-08T12:07:31.461Z","url":"/api/transactions"}
{"duration":"179ms","ip":"::1","level":"info","message":"HTTP Request","method":"GET","statusCode":401,"timestamp":"2026-09-08T12:08:29.023Z","url":"/api/users/me/settings"}
{"duration":"625ms","ip":"::1","level":"info","message":"HTTP Request","method":"POST","statusCode":201,"timestamp":"2026-09-08T12:08:59.783Z","url":"/api/auth/register"}
{"duration":"575ms","ip":"::1","level":"info","message":"HTTP Request","method":"POST","statusCode":200,"timestamp":"2026-09-08T12:09:20.874Z","url":"/api/auth/login"}
{"duration":"6ms","ip":"::1","level":"info","message":"HTTP Request","method":"GET","statusCode":200,"timestamp":"2026-09-08T12:09:20.891Z","url":"/api/auth/me"}
{"duration":"34ms","ip":"::1","level":"info","message":"HTTP Request","method":"GET","statusCode":200,"timestamp":"2026-09-08T12:09:21.022Z","url":"/api/users/me/settings"}
{"duration":"86ms","ip":"::1","level":"info","message":"HTTP Request","method":"GET","statusCode":200,"timestamp":"2026-09-08T12:09:21.080Z","url":"/api/categories"}
{"duration":"284ms","ip":"::1","level":"info","message":"HTTP Request","method":"GET","statusCode":200,"timestamp":"2026-09-08T12:09:21.276Z","url":"/api/dashboard"}
{"duration":"31ms","ip":"::1","level":"info","message":"HTTP Request","method":"GET","statusCode":200,"timestamp":"2026-09-08T12:09:23.164Z","url":"/api/transactions?page=1&limit=10"}
{"duration":"172ms","ip":"::1","level":"info","message":"HTTP Request","method":"GET","statusCode":304,"timestamp":"2026-09-08T12:09:51.225Z","url":"/api/auth/me"}
{"duration":"16ms","ip":"::1","level":"info","message":"HTTP Request","method":"GET","statusCode":200,"timestamp":"2026-09-08T12:09:51.396Z","url":"/api/categories"}
{"duration":"77ms","ip":"::1","level":"info","message":"HTTP Request","method":"GET","statusCode":304,"timestamp":"2026-09-08T12:09:51.462Z","url":"/api/users/me/settings"}
{"duration":"243ms","ip":"::1","level":"info","message":"HTTP Request","method":"GET","statusCode":304,"timestamp":"2026-09-08T12:09:51.626Z","url":"/api/dashboard"}
{"duration":"161ms","ip":"::1","level":"info","message":"HTTP Request","method":"GET","statusCode":304,"timestamp":"2026-09-08T12:12:35.698Z","url":"/api/auth/me"}
{"duration":"15ms","ip":"::1","level":"info","message":"HTTP Request","method":"GET","statusCode":304,"timestamp":"2026-09-08T12:12:36.042Z","url":"/api/users/me/settings"}
{"duration":"210ms","ip":"::1","level":"info","message":"HTTP Request","method":"GET","statusCode":304,"timestamp":"2026-09-08T12:24:15.061Z","url":"/api/users/me/settings"}
{"duration":"134ms","ip":"::1","level":"info","message":"HTTP Request","method":"GET","statusCode":304,"timestamp":"2026-09-08T12:24:48.180Z","url":"/api/categories"}
{"duration":"287ms","ip":"::1","level":"info","message":"HTTP Request","method":"GET","statusCode":304,"timestamp":"2026-09-08T12:24:48.342Z","url":"/api/dashboard"}
{"duration":"22ms","ip":"::1","level":"info","message":"HTTP Request","method":"GET","statusCode":304,"timestamp":"2026-09-08T12:24:51.374Z","url":"/api/transactions?page=1&limit=10"}
{"duration":"186ms","ip":"::1","level":"info","message":"HTTP Request","method":"GET","statusCode":304,"timestamp":"2026-09-08T12:33:52.385Z","url":"/api/users/me/settings"}
{"duration":"107ms","ip":"::1","level":"info","message":"HTTP Request","method":"GET","statusCode":304,"timestamp":"2026-09-08T12:37:04.063Z","url":"/api/categories"}
{"duration":"264ms","ip":"::1","level":"info","message":"HTTP Request","method":"GET","statusCode":304,"timestamp":"2026-09-08T12:37:04.225Z","url":"/api/dashboard"}
{"duration":"12ms","ip":"::1","level":"info","message":"HTTP Request","method":"GET","statusCode":304,"timestamp":"2026-09-08T12:37:05.639Z","url":"/api/transactions?page=1&limit=10"}
{"duration":"399ms","ip":"::1","level":"info","message":"HTTP Request","method":"GET","statusCode":304,"timestamp":"2026-09-08T12:38:20.089Z","url":"/api/dashboard"}
{"duration":"14ms","ip":"::1","level":"info","message":"HTTP Request","method":"GET","statusCode":304,"timestamp":"2026-09-08T12:38:23.572Z","url":"/api/transactions?page=1&limit=10"}
{"duration":"57ms","ip":"::1","level":"info","message":"HTTP Request","method":"GET","statusCode":304,"timestamp":"2026-09-08T12:39:20.481Z","url":"/api/users/me/settings"}
{"duration":"110ms","ip":"::1","level":"info","message":"HTTP Request","method":"GET","statusCode":304,"timestamp":"2026-09-08T12:39:20.531Z","url":"/api/dashboard"}
{"duration":"164ms","ip":"::1","level":"info","message":"HTTP Request","method":"GET","statusCode":304,"timestamp":"2026-09-08T12:42:15.198Z","url":"/api/categories"}
{"duration":"238ms","ip":"::1","level":"info","message":"HTTP Request","method":"GET","statusCode":304,"timestamp":"2026-09-08T12:42:15.269Z","url":"/api/dashboard"}
{"duration":"94ms","ip":"::1","level":"info","message":"HTTP Request","method":"GET","statusCode":304,"timestamp":"2026-09-08T12:45:42.649Z","url":"/api/users/me/settings"}
{"duration":"97ms","ip":"::1","level":"info","message":"HTTP Request","method":"GET","statusCode":304,"timestamp":"2026-09-08T12:51:59.186Z","url":"/api/categories"}
{"duration":"227ms","ip":"::1","level":"info","message":"HTTP Request","method":"GET","statusCode":304,"timestamp":"2026-09-08T12:51:59.316Z","url":"/api/users/me/settings"}
{"duration":"265ms","ip":"::1","level":"info","message":"HTTP Request","method":"GET","statusCode":304,"timestamp":"2026-09-08T12:51:59.338Z","url":"/api/dashboard"}
{"duration":"232ms","ip":"::1","level":"info","message":"HTTP Request","method":"GET","statusCode":304,"timestamp":"2026-09-08T12:55:29.944Z","url":"/api/dashboard"}
{"duration":"248ms","ip":"::1","level":"info","message":"HTTP Request","method":"GET","statusCode":304,"timestamp":"2026-09-08T13:03:10.115Z","url":"/api/auth/me"}
{"duration":"139ms","ip":"::1","level":"info","message":"HTTP Request","method":"GET","statusCode":304,"timestamp":"2026-09-08T13:03:10.400Z","url":"/api/users/me/settings"}
{"duration":"182ms","ip":"::1","level":"info","message":"HTTP Request","method":"GET","statusCode":304,"timestamp":"2026-09-08T13:03:10.446Z","url":"/api/categories"}
{"duration":"229ms","ip":"::1","level":"info","message":"HTTP Request","method":"GET","statusCode":304,"timestamp":"2026-09-08T13:03:10.488Z","url":"/api/dashboard"}
{"duration":"172ms","ip":"::1","level":"info","message":"HTTP Request","method":"GET","statusCode":304,"timestamp":"2026-09-08T13:04:24.960Z","url":"/api/dashboard"}
{"duration":"215ms","ip":"::1","level":"info","message":"HTTP Request","method":"GET","statusCode":304,"timestamp":"2026-09-08T13:10:28.504Z","url":"/api/categories"}
{"duration":"205ms","ip":"::1","level":"info","message":"HTTP Request","method":"GET","statusCode":304,"timestamp":"2026-09-08T13:10:28.519Z","url":"/api/users/me/settings"}
{"duration":"269ms","ip":"::1","level":"info","message":"HTTP Request","method":"GET","statusCode":304,"timestamp":"2026-09-08T13:10:28.578Z","url":"/api/dashboard"}
{"duration":"81ms","ip":"::1","level":"info","message":"HTTP Request","method":"GET","statusCode":304,"timestamp":"2026-09-08T13:11:22.893Z","url":"/api/transactions?page=1&limit=10"}
{"duration":"139ms","ip":"::1","level":"info","message":"HTTP Request","method":"GET","statusCode":304,"timestamp":"2026-09-08T13:11:34.633Z","url":"/api/dashboard"}
{"duration":"250ms","ip":"::1","level":"info","message":"HTTP Request","method":"GET","statusCode":304,"timestamp":"2026-09-08T13:13:17.304Z","url":"/api/transactions?page=1&limit=10"}
{"duration":"113ms","ip":"::1","level":"info","message":"HTTP Request","method":"GET","statusCode":304,"timestamp":"2026-09-08T13:13:17.838Z","url":"/api/dashboard"}
{"duration":"62ms","ip":"::1","level":"info","message":"HTTP Request","method":"POST","statusCode":200,"timestamp":"2026-09-08T13:14:10.162Z","url":"/api/auth/logout"}
{"duration":"1210ms","ip":"::1","level":"info","message":"HTTP Request","method":"POST","statusCode":201,"timestamp":"2026-09-08T14:43:58.238Z","url":"/api/auth/register"}
{"duration":"376ms","ip":"::1","level":"info","message":"HTTP Request","method":"POST","statusCode":200,"timestamp":"2026-09-08T14:44:05.060Z","url":"/api/auth/login"}
{"duration":"12ms","ip":"::1","level":"info","message":"HTTP Request","method":"GET","statusCode":200,"timestamp":"2026-09-08T14:44:05.084Z","url":"/api/auth/me"}
{"duration":"55ms","ip":"::1","level":"info","message":"HTTP Request","method":"GET","statusCode":200,"timestamp":"2026-09-08T14:44:05.213Z","url":"/api/users/me/settings"}
{"duration":"112ms","ip":"::1","level":"info","message":"HTTP Request","method":"GET","statusCode":304,"timestamp":"2026-09-08T14:44:05.288Z","url":"/api/categories"}
{"duration":"377ms","ip":"::1","level":"info","message":"HTTP Request","method":"GET","statusCode":304,"timestamp":"2026-09-08T14:44:05.548Z","url":"/api/dashboard"}
{"duration":"176ms","ip":"::1","level":"info","message":"HTTP Request","method":"GET","statusCode":304,"timestamp":"2026-09-08T14:44:15.733Z","url":"/api/transactions?page=1&limit=10"}
{"duration":"148ms","ip":"::1","level":"info","message":"HTTP Request","method":"GET","statusCode":304,"timestamp":"2026-09-08T14:44:56.178Z","url":"/api/auth/me"}
{"duration":"177ms","ip":"::1","level":"info","message":"HTTP Request","method":"GET","statusCode":304,"timestamp":"2026-09-08T14:44:57.026Z","url":"/api/users/me/settings"}
{"duration":"197ms","ip":"::1","level":"info","message":"HTTP Request","method":"GET","statusCode":304,"timestamp":"2026-09-08T14:44:57.033Z","url":"/api/dashboard"}
{"duration":"292ms","ip":"::1","level":"info","message":"HTTP Request","method":"GET","statusCode":304,"timestamp":"2026-09-08T14:44:57.139Z","url":"/api/categories"}
{"duration":"72ms","ip":"::1","level":"info","message":"HTTP Request","method":"GET","statusCode":304,"timestamp":"2026-09-08T14:45:35.044Z","url":"/api/transactions?page=1&limit=10"}
{"duration":"217ms","ip":"::1","level":"info","message":"HTTP Request","method":"POST","statusCode":201,"timestamp":"2026-09-08T14:45:53.945Z","url":"/api/transactions"}
{"duration":"9ms","ip":"::1","level":"info","message":"HTTP Request","method":"GET","statusCode":200,"timestamp":"2026-09-08T14:45:53.963Z","url":"/api/transactions?page=1&limit=10"}
{"duration":"67ms","ip":"::1","level":"info","message":"HTTP Request","method":"POST","statusCode":201,"timestamp":"2026-09-08T14:46:11.256Z","url":"/api/transactions"}
{"duration":"16ms","ip":"::1","level":"info","message":"HTTP Request","method":"GET","statusCode":200,"timestamp":"2026-09-08T14:46:11.280Z","url":"/api/transactions?page=1&limit=10"}
{"duration":"164ms","ip":"::1","level":"info","message":"HTTP Request","method":"GET","statusCode":200,"timestamp":"2026-09-08T14:46:13.014Z","url":"/api/dashboard"}
{"duration":"135ms","ip":"::1","level":"info","message":"HTTP Request","method":"POST","statusCode":200,"timestamp":"2026-09-08T14:53:25.460Z","url":"/api/auth/logout"}
{"duration":"545ms","ip":"::1","level":"info","message":"HTTP Request","method":"POST","statusCode":200,"timestamp":"2026-09-09T08:18:41.121Z","url":"/api/auth/login"}
{"duration":"10ms","ip":"::1","level":"info","message":"HTTP Request","method":"GET","statusCode":304,"timestamp":"2026-09-09T08:18:41.143Z","url":"/api/auth/me"}
{"duration":"31ms","ip":"::1","level":"info","message":"HTTP Request","method":"GET","statusCode":304,"timestamp":"2026-09-09T08:18:41.255Z","url":"/api/users/me/settings"}
{"duration":"222ms","ip":"::1","level":"info","message":"HTTP Request","method":"GET","statusCode":304,"timestamp":"2026-09-09T08:18:41.501Z","url":"/api/categories"}
{"duration":"253ms","ip":"::1","level":"info","message":"HTTP Request","method":"GET","statusCode":304,"timestamp":"2026-09-09T08:18:41.526Z","url":"/api/dashboard"}
{"duration":"97ms","ip":"::1","level":"info","message":"HTTP Request","method":"GET","statusCode":304,"timestamp":"2026-09-09T08:20:32.675Z","url":"/api/transactions?page=1&limit=10"}
{"duration":"174ms","ip":"::1","level":"info","message":"HTTP Request","method":"GET","statusCode":304,"timestamp":"2026-09-09T08:20:36.441Z","url":"/api/dashboard"}
{"duration":"75ms","ip":"::1","level":"info","message":"HTTP Request","method":"GET","statusCode":304,"timestamp":"2026-09-09T08:25:05.098Z","url":"/api/auth/me"}
{"duration":"20ms","ip":"::1","level":"info","message":"HTTP Request","method":"GET","statusCode":304,"timestamp":"2026-09-09T08:25:05.409Z","url":"/api/transactions?page=1&limit=10"}
{"duration":"76ms","ip":"::1","level":"info","message":"HTTP Request","method":"GET","statusCode":304,"timestamp":"2026-09-09T08:25:05.469Z","url":"/api/categories"}
{"duration":"167ms","ip":"::1","level":"info","message":"HTTP Request","method":"GET","statusCode":304,"timestamp":"2026-09-09T08:25:05.562Z","url":"/api/users/me/settings"}
{"duration":"54ms","ip":"::1","level":"info","message":"HTTP Request","method":"GET","statusCode":304,"timestamp":"2026-09-09T08:25:18.544Z","url":"/api/auth/me"}
{"duration":"13ms","ip":"::1","level":"info","message":"HTTP Request","method":"GET","statusCode":304,"timestamp":"2026-09-09T08:25:18.842Z","url":"/api/transactions?page=1&limit=10"}
{"duration":"63ms","ip":"::1","level":"info","message":"HTTP Request","method":"GET","statusCode":304,"timestamp":"2026-09-09T08:25:18.892Z","url":"/api/categories"}
{"duration":"63ms","ip":"::1","level":"info","message":"HTTP Request","method":"GET","statusCode":304,"timestamp":"2026-09-09T08:25:18.893Z","url":"/api/users/me/settings"}
{"duration":"386ms","ip":"::1","level":"info","message":"HTTP Request","method":"GET","statusCode":304,"timestamp":"2026-09-09T08:25:36.282Z","url":"/api/dashboard"}
{"duration":"182ms","ip":"::1","level":"info","message":"HTTP Request","method":"GET","statusCode":304,"timestamp":"2026-09-09T08:26:47.802Z","url":"/api/auth/me"}
{"duration":"150ms","ip":"::1","level":"info","message":"HTTP Request","method":"GET","statusCode":304,"timestamp":"2026-09-09T08:26:48.230Z","url":"/api/users/me/settings"}
{"duration":"185ms","ip":"::1","level":"info","message":"HTTP Request","method":"GET","statusCode":304,"timestamp":"2026-09-09T08:26:48.257Z","url":"/api/dashboard"}
{"duration":"214ms","ip":"::1","level":"info","message":"HTTP Request","method":"GET","statusCode":304,"timestamp":"2026-09-09T08:26:48.290Z","url":"/api/categories"}
{"duration":"199ms","ip":"::1","level":"info","message":"HTTP Request","method":"GET","statusCode":304,"timestamp":"2026-09-09T08:28:38.159Z","url":"/api/dashboard"}
{"duration":"148ms","ip":"::1","level":"info","message":"HTTP Request","method":"GET","statusCode":304,"timestamp":"2026-09-09T08:29:09.540Z","url":"/api/transactions?page=1&limit=10"}
{"duration":"263ms","ip":"::1","level":"info","message":"HTTP Request","method":"GET","statusCode":304,"timestamp":"2026-09-09T08:29:58.413Z","url":"/api/dashboard"}
{"duration":"116ms","ip":"::1","level":"info","message":"HTTP Request","method":"GET","statusCode":304,"timestamp":"2026-09-09T08:59:38.527Z","url":"/api/categories"}
{"duration":"164ms","ip":"::1","level":"info","message":"HTTP Request","method":"GET","statusCode":304,"timestamp":"2026-09-09T08:59:38.543Z","url":"/api/transactions?page=1&limit=10"}
{"duration":"19ms","ip":"::1","level":"info","message":"HTTP Request","method":"GET","statusCode":304,"timestamp":"2026-09-09T08:59:38.608Z","url":"/api/users/me/settings"}
{"duration":"98ms","ip":"::1","level":"info","message":"HTTP Request","method":"GET","statusCode":304,"timestamp":"2026-09-09T09:02:38.243Z","url":"/api/auth/me"}
{"duration":"27ms","ip":"::1","level":"info","message":"HTTP Request","method":"GET","statusCode":304,"timestamp":"2026-09-09T09:02:38.500Z","url":"/api/transactions?page=1&limit=10"}
{"duration":"68ms","ip":"::1","level":"info","message":"HTTP Request","method":"GET","statusCode":304,"timestamp":"2026-09-09T09:02:38.543Z","url":"/api/categories"}
{"duration":"67ms","ip":"::1","level":"info","message":"HTTP Request","method":"GET","statusCode":304,"timestamp":"2026-09-09T09:02:38.544Z","url":"/api/users/me/settings"}
{"duration":"142ms","ip":"::1","level":"info","message":"HTTP Request","method":"GET","statusCode":304,"timestamp":"2026-09-09T09:10:48.910Z","url":"/api/categories"}
{"duration":"198ms","ip":"::1","level":"info","message":"HTTP Request","method":"GET","statusCode":304,"timestamp":"2026-09-09T09:10:48.997Z","url":"/api/users/me/settings"}
{"duration":"214ms","ip":"::1","level":"info","message":"HTTP Request","method":"GET","statusCode":304,"timestamp":"2026-09-09T09:10:49.016Z","url":"/api/dashboard"}
